Freelancer_ID,Job_Category,Platform,Experience_Level,Client_Region,Payment_Method,Job_Completed,Earnings_USD,Hourly_Rate,Job_Success_Rate,Client_Rating,Job_Duration_Days,Project_Type,Rehire_Rate,Marketing_Spend,earnings_per_job,earnings_per_day,marketing_efficiency,experience_score,client_trust_index,cluster,pca_1,pca_2,segment_name
1,Web Development,Fiverr,Beginner,Asia,Mobile Banking,180,1620.0,95.79,68.73,3.18,1,Fixed,40.19,53,9.0,1620.0,30.0,1,57.50666666666667,1,-1.4033991061825624,-0.4215607924605111,Balanced Mid-Tier Freelancers
2,App Development,Fiverr,Beginner,Australia,Mobile Banking,218,9078.0,86.38,97.54,3.44,54,Fixed,36.53,486,41.642201834862384,168.11111111111111,18.640657084188913,1,67.62333333333333,3,0.22215463679840944,-0.4846758421191232,Trusted Steady Performers
3,Web Development,Fiverr,Beginner,UK,Crypto,27,3455.0,85.17,86.6,4.2,46,Hourly,74.05,489,127.96296296296296,75.1086956521739,7.051020408163265,1,81.55000000000001,3,2.5150306978566754,-0.2919207690381098,Trusted Steady Performers
4,Data Entry,PeoplePerHour,Intermediate,Asia,Bank Transfer,17,5577.0,14.37,79.93,4.47,41,Hourly,27.58,67,328.05882352941177,136.02439024390245,82.01470588235294,2,65.63666666666666,2,0.13616512206492762,2.2433499883156482,Premium Specialists
5,Digital Marketing,Upwork,Expert,Asia,Crypto,245,5898.0,98.8151,57.8,5.0,41,Hourly,69.09,489,24.073469387755104,143.85365853658536,12.036734693877552,3,75.63000000000001,3,1.3719636287765329,-1.43865847060657,Trusted Steady Performers
6,Customer Support,Toptal,Beginner,Europe,Crypto,280,6867.0,43.04,57.8,4.87,8,Fixed,43.88,290,24.525,858.375,23.5979381443299,1,66.36,3,-0.15936490359526986,-0.803423814799189,Trusted Steady Performers
7,Web Development,Fiverr,Beginner,USA,Crypto,96,1677.0,20.5,52.9,4.29,32,Hourly,45.99,343,17.46875,52.40625,4.875,1,61.56333333333333,1,-0.8343826147433908,-0.717715395319442,Balanced Mid-Tier Freelancers
8,Data Entry,Toptal,Beginner,Australia,Bank Transfer,112,6193.0,82.15,93.31,3.84,30,Fixed,31.59,168,55.294642857142854,206.43333333333334,36.64497041420118,1,67.23333333333333,3,0.21388334400339373,0.45421265344590034,Trusted Steady Performers
9,Content Writing,Toptal,Intermediate,USA,Crypto,233,8446.0,26.44,80.06,4.27,46,Fixed,50.11,396,36.24892703862661,183.6086956521739,21.27455919395466,2,71.85666666666667,3,0.7446409204955676,-0.5766152114728151,Trusted Steady Performers
10,Data Entry,PeoplePerHour,Beginner,Middle East,Mobile Banking,156,6608.0,54.99,85.4,4.57,52,Hourly,32.76,160,42.35897435897436,127.07692307692308,41.04347826086956,1,69.85333333333334,3,0.4688087999652842,0.1932602073417603,Trusted Steady Performers
11,App Development,Fiverr,Beginner,Australia,Crypto,112,5322.0,17.16,51.03,3.24,89,Fixed,12.75,14,47.517857142857146,59.79775280898876,354.8,1,42.85999999999999,1,-3.853961333150093,1.8400687363195753,Balanced Mid-Tier Freelancers
12,Customer Support,Toptal,Intermediate,Australia,Mobile Banking,293,7931.0,50.09,98.5,3.82,61,Fixed,29.04,190,27.068259385665527,130.01639344262296,41.52356020942408,2,67.98,3,0.09318724153341214,-0.3882114634984088,Trusted Steady Performers
13,Customer Support,Fiverr,Intermediate,Europe,Mobile Banking,180,9033.0,58.02,91.62,4.68,13,Fixed,10.45,14,50.18333333333333,694.8461538461538,602.2,2,65.22333333333333,0,-0.25559411076721944,2.6389919677432414,Balanced Mid-Tier Freelancers
14,Data Entry,Freelancer,Beginner,Canada,Bank Transfer,290,3797.0,47.36,60.62,3.77,89,Hourly,78.48,286,13.093103448275862,42.662921348314605,13.229965156794425,1,71.5,3,0.4432821890578797,-1.5813461435999479,Trusted Steady Performers
15,App Development,Freelancer,Beginner,UK,Crypto,245,9347.0,11.6,59.09,4.14,40,Hourly,77.6,362,38.15102040816326,233.675,25.74931129476584,1,73.16333333333333,3,0.8554569900660018,-0.5560796787929043,Trusted Steady Performers
16,Data Entry,Freelancer,Intermediate,UK,Bank Transfer,149,9332.0,51.07,59.17,4.18,61,Hourly,37.66,411,62.630872483221474,152.98360655737704,22.650485436893202,2,60.143333333333324,1,-0.9510806836722498,0.16624877707902588,Balanced Mid-Tier Freelancers
17,Customer Support,Toptal,Expert,UK,Mobile Banking,18,1657.0,49.55,65.21,3.37,44,Hourly,60.99,9,92.05555555555556,37.65909090909091,165.7,3,64.53333333333335,1,-0.24785124411555068,1.0754006824223632,Balanced Mid-Tier Freelancers
18,Customer Support,Freelancer,Intermediate,Middle East,PayPal,279,5124.0,29.85,76.24,3.72,62,Hourly,34.21,56,18.365591397849464,82.64516129032258,89.89473684210526,2,61.61666666666667,1,-0.9979172945322777,-0.2899631701254413,Balanced Mid-Tier Freelancers
19,Graphic Design,PeoplePerHour,Expert,Asia,Crypto,75,7203.0,92.55,71.6,3.67,44,Hourly,56.98,198,96.04,163.70454545454547,36.19597989949749,3,67.32666666666667,2,0.3075547588651837,0.7446770098882215,Premium Specialists
20,Data Entry,PeoplePerHour,Beginner,Canada,Bank Transfer,199,6783.0,44.69,64.56,3.05,48,Hourly,66.38,160,34.085427135678394,141.3125,42.130434782608695,1,63.98,1,-0.5140709567749628,-0.08047482015352549,Balanced Mid-Tier Freelancers
21,SEO,Toptal,Beginner,USA,PayPal,15,119.96000000000001,87.09,80.59,3.05,74,Hourly,76.27,262,7.997333333333334,1.6210810810810812,0.4561216730038023,1,72.62,3,0.9521657476877772,-0.6230903162977867,Trusted Steady Performers
22,Data Entry,Fiverr,Expert,UK,Crypto,110,8050.0,15.42,56.97,4.66,59,Fixed,38.01,388,73.18181818181819,136.4406779661017,20.69408740359897,3,62.72666666666667,1,-0.554008883987024,0.25327143538720776,Balanced Mid-Tier Freelancers
23,Customer Support,Upwork,Intermediate,USA,Crypto,262,7695.0,35.29,64.61,3.55,57,Hourly,64.83,473,29.370229007633586,135.0,16.234177215189874,2,66.81333333333333,3,-0.08232418733151621,-1.0521187541659431,Trusted Steady Performers
24,Graphic Design,Fiverr,Beginner,Canada,Bank Transfer,200,9520.0,21.75,68.32,4.04,11,Fixed,28.61,380,47.6,865.4545454545455,24.986876640419947,1,59.24333333333334,1,-1.111223188700316,0.06111437648134281,Balanced Mid-Tier Freelancers
25,Graphic Design,Fiverr,Expert,Middle East,PayPal,149,4208.0,43.8,72.8,3.6,25,Fixed,79.32,252,28.241610738255034,168.32,16.632411067193676,3,74.70666666666666,3,1.2540414484346785,-0.5882851802362322,Trusted Steady Performers
26,Content Writing,Fiverr,Intermediate,Canada,Bank Transfer,224,9055.0,15.61,89.26,4.88,61,Hourly,11.8,118,40.424107142857146,148.44262295081967,76.09243697478992,2,66.22000000000001,1,-0.17141833729543268,0.4885871768714974,Balanced Mid-Tier Freelancers
27,App Development,Fiverr,Expert,Europe,Crypto,178,452.0,46.9,59.98,3.52,46,Fixed,52.25,79,2.539325842696629,9.826086956521738,5.65,3,60.876666666666665,1,-1.0078957100584671,-0.8387880527081292,Balanced Mid-Tier Freelancers
28,Digital Marketing,Upwork,Intermediate,Asia,Crypto,220,7975.0,38.62,75.71,3.86,54,Fixed,56.17,123,36.25,147.6851851851852,64.31451612903226,2,69.69333333333333,3,0.3622431807332401,0.10245617090095047,Trusted Steady Performers
29,Web Development,Freelancer,Intermediate,UK,Mobile Banking,97,4216.0,26.21,79.62,4.75,34,Hourly,58.16,312,43.4639175257732,124.0,13.46964856230032,2,77.59333333333333,3,1.7115915116583003,-0.3665061332675272,Trusted Steady Performers
30,Web Development,Fiverr,Intermediate,Middle East,Crypto,264,2975.0,66.01,52.32,4.68,84,Fixed,18.43,71,11.268939393939394,35.416666666666664,41.31944444444444,2,54.78333333333333,1,-2.070605065421662,-0.6877868566290027,Balanced Mid-Tier Freelancers
31,Data Entry,PeoplePerHour,Intermediate,Europe,Crypto,67,3043.0,95.34,80.38,3.37,7,Hourly,75.7,469,45.417910447761194,434.7142857142857,6.474468085106383,2,74.49333333333334,3,1.4313976638988186,-0.7076726142776176,Trusted Steady Performers
32,Content Writing,Toptal,Expert,UK,PayPal,33,9328.0,24.68,58.53,4.61,62,Fixed,22.68,481,282.6666666666667,150.4516129032258,19.352697095435683,3,57.80333333333334,2,-1.0186951694337487,1.5186089789683945,Premium Specialists
33,Data Entry,Toptal,Expert,Canada,PayPal,279,821.0,72.62,53.25,3.92,57,Fixed,53.59,167,2.942652329749104,14.403508771929825,4.886904761904762,3,61.74666666666667,1,-0.9514284087709667,-1.552616347415503,Balanced Mid-Tier Freelancers
34,Web Development,PeoplePerHour,Expert,Canada,Mobile Banking,289,7421.0,75.53,97.44,3.97,76,Hourly,25.59,283,25.67820069204152,97.64473684210526,26.130281690140844,3,67.47666666666667,3,0.06598024867256887,-0.6906564520736739,Trusted Steady Performers
35,App Development,Fiverr,Expert,Australia,Mobile Banking,74,9911.0,52.32,98.28,3.27,5,Fixed,31.51,493,133.93243243243242,1982.2,20.062753036437247,3,65.06333333333333,2,0.14708328368140597,0.8420667622849016,Premium Specialists
36,Customer Support,Upwork,Expert,Australia,Mobile Banking,283,5763.0,90.28,90.42,3.16,76,Fixed,48.25,35,20.363957597173144,75.82894736842105,160.08333333333334,3,67.29,3,-0.04242860791685532,-0.07016136789061286,Trusted Steady Performers
37,App Development,Freelancer,Intermediate,Canada,Bank Transfer,235,8217.0,96.81,65.23,4.46,35,Hourly,39.2,311,34.96595744680851,234.77142857142857,26.33653846153846,2,64.54333333333334,1,-0.30032254917653745,-0.370058184948015,Balanced Mid-Tier Freelancers
38,App Development,Toptal,Beginner,Canada,Bank Transfer,259,1606.0,39.41,54.88,3.99,84,Hourly,21.22,174,6.2007722007722,19.11904761904762,9.177142857142858,1,51.96666666666667,1,-2.5400445993865746,-1.1303215822351964,Balanced Mid-Tier Freelancers
39,Graphic Design,Freelancer,Beginner,USA,Mobile Banking,176,1201.0,66.85,84.21,3.87,37,Fixed,21.97,198,6.823863636363637,32.45945945945946,6.035175879396985,1,61.193333333333335,1,-0.8866728172595958,-0.8243831316849839,Balanced Mid-Tier Freelancers
40,Customer Support,Upwork,Expert,Asia,Bank Transfer,184,5364.0,67.91,72.01,4.46,60,Fixed,39.27,115,29.152173913043477,89.4,46.241379310344826,3,66.82666666666667,3,-0.01910092731756885,-0.082672994185755,Trusted Steady Performers
41,Digital Marketing,Toptal,Expert,USA,Crypto,268,1267.0,43.35,56.1,4.53,65,Hourly,63.01,423,4.727611940298507,19.49230769230769,2.9882075471698113,3,69.90333333333334,3,0.2959307006679006,-2.0746969219267872,Trusted Steady Performers
42,Customer Support,Freelancer,Beginner,Asia,Mobile Banking,187,3994.0,35.1,74.76,3.32,16,Fixed,72.86,314,21.358288770053477,249.625,12.679365079365079,1,71.33999999999999,3,0.6693311094132327,-0.9074631136445747,Trusted Steady Performers
43,Content Writing,Upwork,Intermediate,Europe,Mobile Banking,209,8089.0,93.71,51.72,4.22,30,Hourly,15.89,426,38.70334928229665,269.6333333333333,18.943793911007027,2,50.669999999999995,1,-2.373109531741009,-0.27449669763112555,Balanced Mid-Tier Freelancers
44,Graphic Design,Freelancer,Expert,Australia,Bank Transfer,253,2092.0,80.05,95.47,3.27,73,Hourly,37.52,219,8.268774703557312,28.65753424657534,9.50909090909091,3,66.13000000000001,1,-0.16932198754403247,-1.2413041349795206,Balanced Mid-Tier Freelancers
45,Digital Marketing,Fiverr,Intermediate,Australia,PayPal,217,6353.0,15.87,62.94,4.5,42,Hourly,17.02,378,29.276497695852534,151.26190476190476,16.76253298153034,2,56.653333333333336,1,-1.6095815682382384,-0.5316734931658111,Balanced Mid-Tier Freelancers
46,Content Writing,Upwork,Beginner,Canada,Mobile Banking,163,8947.0,16.39,83.13,4.31,61,Fixed,11.16,65,54.88957055214724,146.672131147541,135.56060606060606,1,60.16333333333333,1,-1.0777720935174078,1.2019433858518227,Balanced Mid-Tier Freelancers
47,Content Writing,Freelancer,Beginner,Canada,Bank Transfer,104,2719.0,92.64,65.59,4.91,74,Fixed,56.32,264,26.14423076923077,36.74324324324324,10.260377358490565,1,73.37,3,0.9945552484993931,-0.6402155805654334,Trusted Steady Performers
48,Web Development,Fiverr,Expert,Europe,Bank Transfer,116,2163.0,12.73,76.0,3.14,77,Fixed,52.17,133,18.646551724137932,28.09090909090909,16.14179104477612,3,63.65666666666667,1,-0.5577499550846367,-0.3061384585427408,Balanced Mid-Tier Freelancers
49,Graphic Design,Fiverr,Intermediate,Middle East,PayPal,170,3027.0,70.4,77.34,3.11,48,Hourly,21.41,118,17.805882352941175,63.0625,25.436974789915965,2,53.650000000000006,1,-2.0150400428567767,-0.19796027523623916,Balanced Mid-Tier Freelancers
50,Content Writing,Upwork,Expert,Middle East,Mobile Banking,40,4428.0,26.54,59.24,3.56,62,Fixed,26.37,121,110.7,71.41935483870968,36.295081967213115,3,52.27,1,-2.1087842100554246,1.0174298443303313,Balanced Mid-Tier Freelancers
51,SEO,PeoplePerHour,Beginner,Middle East,PayPal,116,7277.0,8.34,98.48,3.52,84,Hourly,11.66,320,62.73275862068966,86.63095238095238,22.669781931464176,1,60.18,1,-0.9908381184942215,0.39921545135746067,Balanced Mid-Tier Freelancers
52,App Development,Toptal,Intermediate,Australia,Crypto,91,6311.0,10.67,88.76,3.49,64,Fixed,68.45,386,69.35164835164835,98.609375,16.30749354005168,2,75.67,3,1.4270512163929976,-0.08734478165248652,Trusted Steady Performers
53,Content Writing,Upwork,Expert,USA,PayPal,187,472.0,40.48,96.97,4.81,57,Hourly,78.23,457,2.5240641711229945,8.280701754385966,1.0305676855895196,3,90.46666666666668,3,3.5728701981844284,-2.047985097365203,Trusted Steady Performers
54,Digital Marketing,Fiverr,Expert,Middle East,PayPal,89,8772.0,12.37,94.74,3.5,68,Hourly,19.48,420,98.56179775280899,129.0,20.836104513064132,3,61.406666666666666,1,-0.6415508113419629,0.649245017388021,Balanced Mid-Tier Freelancers
55,Web Development,Fiverr,Expert,UK,Bank Transfer,273,140.0,61.68,79.89,3.54,46,Fixed,26.2,382,0.5128205128205128,3.0434782608695654,0.36553524804177545,3,58.96333333333333,1,-1.2766977296236846,-1.8818722039547495,Balanced Mid-Tier Freelancers
56,Data Entry,Upwork,Beginner,Europe,PayPal,169,3422.0,66.49,96.09,4.52,28,Hourly,70.79,491,20.24852071005917,122.21428571428571,6.955284552845528,1,85.76,3,2.9567620423778873,-1.4399607487673463,Trusted Steady Performers
57,App Development,PeoplePerHour,Expert,Middle East,Crypto,94,6086.0,40.48,54.42,3.9,77,Fixed,74.85,86,64.74468085106383,79.03896103896103,69.95402298850574,3,69.09,3,0.3318019160378331,0.5832063266196926,Trusted Steady Performers
58,Web Development,Toptal,Intermediate,UK,Bank Transfer,242,1992.0,75.57,59.8,4.55,3,Fixed,39.37,288,8.231404958677686,664.0,6.892733564013841,2,63.38999999999999,1,-0.5473115628891064,-1.3370801746324,Balanced Mid-Tier Freelancers
59,Data Entry,Freelancer,Expert,Middle East,Crypto,26,3855.0,51.55,52.26,3.13,37,Fixed,13.54,136,148.26923076923077,104.1891891891892,28.138686131386862,3,42.800000000000004,1,-3.4362690027879728,1.2527382634039845,Balanced Mid-Tier Freelancers
60,Graphic Design,Upwork,Beginner,USA,PayPal,171,9482.0,45.87,66.27,3.98,48,Fixed,12.76,52,55.45029239766082,197.54166666666666,178.9056603773585,1,52.876666666666665,1,-2.1656676365150984,1.4479889624557398,Balanced Mid-Tier Freelancers
61,Graphic Design,Toptal,Expert,USA,Crypto,219,147.0,43.66,69.43,3.07,19,Fixed,50.18,204,0.6712328767123288,7.7368421052631575,0.7170731707317073,3,60.33666666666667,1,-1.0477625537523085,-1.303590907839804,Balanced Mid-Tier Freelancers
62,Content Writing,Toptal,Beginner,Middle East,Crypto,62,1529.0,45.96,63.57,3.13,83,Hourly,37.5,347,24.661290322580644,18.42168674698795,4.39367816091954,1,54.55666666666667,1,-1.8877831253931208,-0.46238725808288417,Balanced Mid-Tier Freelancers
63,SEO,Fiverr,Beginner,UK,PayPal,34,4676.0,96.95,91.44,4.81,17,Fixed,12.01,50,137.52941176470588,275.05882352941177,91.68627450980392,1,66.55,2,0.2410784517400782,1.4238062847121769,Premium Specialists
64,Graphic Design,Freelancer,Intermediate,Europe,PayPal,110,5197.0,69.73,67.84,3.28,82,Hourly,50.83,326,47.24545454545454,63.3780487804878,15.892966360856269,2,61.423333333333325,1,-0.7794178130738008,-0.1655839635418608,Balanced Mid-Tier Freelancers
65,Customer Support,Upwork,Intermediate,UK,Bank Transfer,171,3697.0,34.94,64.05,4.06,82,Fixed,10.79,409,21.619883040935672,45.08536585365854,9.017073170731708,2,52.01333333333333,1,-2.333477221569335,-0.7429593039715637,Balanced Mid-Tier Freelancers
66,Content Writing,Fiverr,Expert,Europe,Bank Transfer,158,5493.0,74.72,77.13,3.82,87,Hourly,65.12,399,34.765822784810126,63.13793103448276,13.7325,3,72.88333333333334,3,0.9568269631086977,-0.7489311473163806,Trusted Steady Performers
67,App Development,Fiverr,Beginner,Middle East,Mobile Banking,11,129.0,36.38,57.05,3.69,40,Hourly,31.45,39,11.727272727272727,3.225,3.225,1,54.099999999999994,1,-1.9385037787432875,0.23665015245368956,Balanced Mid-Tier Freelancers
68,Web Development,PeoplePerHour,Beginner,Europe,Bank Transfer,201,5627.0,16.94,90.11,4.8,50,Fixed,12.82,249,27.99502487562189,112.54,22.508,1,66.31,1,-0.14861149369701665,-0.3384472671354029,Balanced Mid-Tier Freelancers
69,Graphic Design,Toptal,Intermediate,Canada,PayPal,50,2273.0,50.16,53.73,3.04,73,Hourly,51.18,217,45.46,31.136986301369863,10.426605504587156,2,55.23666666666667,1,-1.7452611071162727,0.006896451405348243,Balanced Mid-Tier Freelancers
70,Customer Support,Upwork,Intermediate,Australia,Crypto,22,2619.0,76.35,99.34,4.33,29,Fixed,37.84,178,119.04545454545455,90.3103448275862,14.631284916201118,2,74.59333333333333,3,1.466672935579794,0.4843482336035148,Trusted Steady Performers
71,Web Development,Upwork,Expert,Asia,Crypto,157,4568.0,40.88,88.61,4.93,51,Fixed,78.17,38,29.095541401273884,89.56862745098039,117.12820512820512,3,88.46,3,3.2549238157897893,-0.004703746259083583,Trusted Steady Performers
72,Web Development,Upwork,Beginner,Australia,Bank Transfer,268,1173.0,87.57,59.94,4.12,42,Fixed,48.09,182,4.376865671641791,27.928571428571427,6.409836065573771,1,63.47666666666667,1,-0.6651057653626781,-1.4598858331496039,Balanced Mid-Tier Freelancers
73,SEO,Fiverr,Intermediate,USA,Bank Transfer,78,2673.0,41.76,50.28,4.87,29,Hourly,29.27,223,34.26923076923077,92.17241379310344,11.933035714285714,2,58.98333333333334,1,-1.1530962357386063,-0.0918056641206069,Balanced Mid-Tier Freelancers
74,Graphic Design,PeoplePerHour,Expert,Canada,PayPal,149,1453.0,38.23,90.77,3.1,66,Hourly,59.66,163,9.751677852348994,22.015151515151516,8.859756097560975,3,70.80999999999999,3,0.5688043487310454,-0.7723093650595253,Trusted Steady Performers
75,Web Development,Freelancer,Beginner,Australia,Crypto,106,2628.0,98.8151,85.34,3.84,17,Hourly,29.0,233,24.79245283018868,154.58823529411765,11.23076923076923,1,63.71333333333333,1,-0.32678529282427693,-0.2926568627464804,Balanced Mid-Tier Freelancers
76,SEO,Fiverr,Beginner,Middle East,Mobile Banking,125,381.0,50.83,86.45,3.52,31,Hourly,73.3,376,3.048,12.290322580645162,1.0106100795755968,1,76.71666666666665,3,1.5236682280269087,-1.3816254673806851,Trusted Steady Performers
77,SEO,Freelancer,Intermediate,Europe,Mobile Banking,180,7535.0,81.5,88.56,4.46,52,Fixed,36.23,192,41.861111111111114,144.90384615384616,39.04145077720207,2,71.33,3,0.7518356487420903,0.0942684225390715,Trusted Steady Performers
78,Graphic Design,PeoplePerHour,Expert,Europe,Bank Transfer,67,789.0,81.47,53.7,4.96,39,Fixed,48.49,495,11.776119402985074,20.23076923076923,1.590725806451613,3,67.13000000000001,3,0.1711470271489027,-1.138664167083725,Trusted Steady Performers
79,SEO,Toptal,Intermediate,UK,Mobile Banking,88,8283.0,93.01,67.92,3.51,60,Hourly,13.54,84,94.125,138.05,97.44705882352942,2,50.553333333333335,1,-2.3249115388335535,1.5465603836838993,Balanced Mid-Tier Freelancers
80,Graphic Design,Upwork,Expert,UK,PayPal,19,5030.0,13.07,55.79,4.31,51,Hourly,39.83,460,264.7368421052632,98.62745098039215,10.911062906724512,3,60.60666666666666,2,-0.6414646614541415,0.875685103536038,Premium Specialists
81,Customer Support,Freelancer,Beginner,Europe,Mobile Banking,138,3928.0,30.77,93.16,3.4,84,Fixed,68.27,242,28.463768115942027,46.76190476190476,16.16460905349794,1,76.47666666666667,3,1.398953858922163,-0.5571352560058214,Trusted Steady Performers
82,Graphic Design,Fiverr,Expert,Middle East,Bank Transfer,125,1999.0,77.94,81.16,4.13,16,Hourly,66.4,473,15.992,124.9375,4.217299578059071,3,76.72,3,1.6691818006509336,-1.2829372465812185,Trusted Steady Performers
83,Data Entry,Freelancer,Expert,Europe,PayPal,132,3510.0,58.45,66.54,3.93,14,Fixed,25.7,172,26.59090909090909,250.71428571428572,20.289017341040463,3,56.946666666666665,1,-1.4124880648444893,-0.06484729660717568,Balanced Mid-Tier Freelancers
84,Web Development,Toptal,Expert,UK,Crypto,292,2178.0,58.16,53.18,4.94,84,Hourly,25.83,392,7.458904109589041,25.928571428571427,5.541984732824427,3,59.27,1,-1.3487394371202575,-1.7904098070174448,Balanced Mid-Tier Freelancers
85,Customer Support,Upwork,Expert,Australia,PayPal,184,4547.0,20.79,65.55,4.22,42,Hourly,67.21,36,24.71195652173913,108.26190476190476,122.89189189189189,3,72.38666666666666,3,0.7354981763271954,0.06423764674177737,Trusted Steady Performers
86,Digital Marketing,Freelancer,Expert,USA,Bank Transfer,86,2204.0,31.71,66.26,3.7,51,Hourly,75.13,86,25.627906976744185,43.21568627450981,25.333333333333332,3,71.79666666666667,3,0.7467893305318449,-0.17084326438097314,Trusted Steady Performers
87,Graphic Design,Toptal,Intermediate,UK,Bank Transfer,17,5280.0,54.53,86.48,3.23,24,Fixed,16.68,128,310.5882352941176,220.0,40.93023255813954,2,55.92000000000001,2,-1.2334805424323854,2.0641635381008263,Premium Specialists
88,Web Development,Fiverr,Expert,Middle East,Mobile Banking,28,7494.0,31.33,81.88,3.3,82,Fixed,41.5,193,267.64285714285717,91.39024390243902,38.628865979381445,3,63.126666666666665,2,-0.26987885736938383,1.7980103338785989,Premium Specialists
89,App Development,PeoplePerHour,Expert,Australia,Mobile Banking,172,1287.0,24.98,94.36,3.45,43,Hourly,33.62,318,7.482558139534884,29.930232558139537,4.0344827586206895,3,65.66000000000001,1,-0.17756962429267578,-1.078964167964868,Balanced Mid-Tier Freelancers
90,SEO,Fiverr,Beginner,Australia,Crypto,274,8747.0,13.34,73.61,3.5,73,Hourly,70.95,42,31.923357664233578,119.82191780821918,203.41860465116278,1,71.52,3,0.45180007620600016,0.42621570779310314,Trusted Steady Performers
91,Content Writing,Upwork,Expert,Australia,Crypto,74,5290.0,19.79,55.98,4.7,19,Hourly,15.85,411,71.48648648648648,278.42105263157896,12.839805825242719,3,55.276666666666664,1,-1.5959440672566234,0.17575387506331822,Balanced Mid-Tier Freelancers
92,Graphic Design,Fiverr,Beginner,Canada,Bank Transfer,93,4865.0,78.04,85.66,4.12,84,Hourly,24.78,355,52.31182795698925,57.916666666666664,13.665730337078651,1,64.28,1,-0.30706331631157885,-0.10937064151728611,Balanced Mid-Tier Freelancers
93,SEO,Fiverr,Intermediate,Canada,Bank Transfer,193,9636.0,73.28,88.04,4.05,61,Hourly,62.67,158,49.92746113989637,157.9672131147541,60.60377358490566,2,77.23666666666668,3,1.6216260922728798,0.33031524547889507,Trusted Steady Performers
94,SEO,Fiverr,Intermediate,Asia,Bank Transfer,261,306.0,9.35,78.06,3.23,63,Hourly,13.59,104,1.1724137931034482,4.857142857142857,2.914285714285714,2,52.08333333333334,1,-2.4811657105097824,-1.0969763088311562,Balanced Mid-Tier Freelancers
95,SEO,Fiverr,Expert,Australia,Crypto,221,1770.0,24.31,88.55,4.72,26,Hourly,44.48,452,8.009049773755656,68.07692307692308,3.9072847682119205,3,75.80999999999999,3,1.3548725196141116,-1.7035964468768807,Trusted Steady Performers
96,SEO,Upwork,Intermediate,Middle East,Bank Transfer,36,7397.0,58.24,74.69,4.45,35,Hourly,40.95,228,205.47222222222223,211.34285714285716,32.301310043668124,2,68.21333333333332,2,0.5237410071460123,1.364529296761301,Premium Specialists
97,SEO,Toptal,Expert,Europe,Crypto,145,7126.0,35.65,76.14,3.14,67,Fixed,33.41,216,49.144827586206894,106.35820895522389,32.83870967741935,3,57.449999999999996,1,-1.3920009186725224,0.3574578886814678,Balanced Mid-Tier Freelancers
98,Graphic Design,Freelancer,Intermediate,Middle East,Bank Transfer,165,1121.0,83.21,71.38,4.42,56,Fixed,37.62,263,6.793939393939394,20.017857142857142,4.246212121212121,2,65.8,1,-0.1807386486699365,-1.0752561313369102,Balanced Mid-Tier Freelancers
99,App Development,PeoplePerHour,Expert,Canada,PayPal,36,1672.0,79.57,51.27,4.09,40,Fixed,47.1,417,46.44444444444444,41.8,4.0,3,60.056666666666665,1,-0.8555833977649382,-0.46476001639128617,Balanced Mid-Tier Freelancers
100,Digital Marketing,Freelancer,Expert,UK,PayPal,156,2116.0,89.7,55.39,3.16,29,Fixed,21.3,486,13.564102564102564,72.96551724137932,4.344969199178645,3,46.63,1,-2.9675411794970663,-1.024843184516189,Balanced Mid-Tier Freelancers
101,Data Entry,Freelancer,Beginner,Asia,Bank Transfer,264,9311.0,58.48,51.57,3.92,6,Hourly,50.04,48,35.26893939393939,1551.8333333333333,190.0204081632653,1,60.00333333333333,1,-1.1381491385088935,0.7149318730011408,Balanced Mid-Tier Freelancers
102,SEO,PeoplePerHour,Beginner,Canada,PayPal,220,8692.0,38.45,81.82,3.97,52,Fixed,66.38,351,39.50909090909091,167.15384615384616,24.693181818181817,1,75.86666666666666,3,1.34304150178881,-0.46726687713407505,Trusted Steady Performers
103,SEO,Upwork,Beginner,Europe,Crypto,283,947.0,62.58,65.72,3.33,1,Fixed,63.21,441,3.3462897526501765,947.0,2.1425339366515836,1,65.17666666666666,3,-0.32911818077770527,-2.1017391544570514,Trusted Steady Performers
104,Data Entry,PeoplePerHour,Beginner,USA,Mobile Banking,289,5225.0,13.47,75.43,4.89,52,Hourly,20.77,122,18.079584775086506,100.48076923076923,42.479674796747965,1,64.66666666666667,1,-0.557057918558478,-0.6077620030625924,Balanced Mid-Tier Freelancers
105,App Development,Upwork,Expert,Asia,PayPal,102,8323.0,6.2347,95.38,4.7,24,Fixed,20.45,458,81.59803921568627,346.7916666666667,18.132897603485837,3,69.94333333333333,2,0.6944885943437827,0.3001270743237152,Premium Specialists
106,Customer Support,Freelancer,Intermediate,Canada,Mobile Banking,34,8978.0,6.62,62.46,4.34,34,Fixed,28.77,302,264.05882352941177,264.05882352941177,29.63036303630363,2,59.343333333333334,2,-0.8319635847681194,1.7990470972257908,Premium Specialists
107,App Development,Upwork,Expert,Middle East,PayPal,94,4224.0,43.72,70.52,3.92,7,Fixed,35.28,24,44.93617021276596,603.4285714285714,168.96,3,61.400000000000006,1,-0.7375790685296993,0.9999910984353847,Balanced Mid-Tier Freelancers
108,Customer Support,Toptal,Beginner,Asia,Crypto,152,5831.0,26.67,87.78,3.82,75,Fixed,38.59,130,38.36184210526316,77.74666666666667,44.51145038167939,1,67.59,3,0.041709202645141705,0.1769396042424171,Trusted Steady Performers
109,Graphic Design,PeoplePerHour,Beginner,Middle East,PayPal,148,3994.0,19.95,61.44,4.3,11,Fixed,57.58,428,26.986486486486488,363.09090909090907,9.31002331002331,1,68.33999999999999,3,0.23815465396658198,-0.8690867710351723,Trusted Steady Performers
110,Web Development,Toptal,Intermediate,Australia,PayPal,71,6476.0,63.46,53.85,4.09,36,Hourly,13.97,369,91.21126760563381,179.88888888888889,17.502702702702702,2,49.873333333333335,1,-2.392392949421615,0.5592522839137565,Balanced Mid-Tier Freelancers
111,Content Writing,Freelancer,Beginner,Australia,Bank Transfer,62,5485.0,98.8151,64.49,3.12,20,Hourly,12.43,435,88.46774193548387,274.25,12.580275229357799,1,46.44,1,-2.8309291253350675,0.38491179949648663,Balanced Mid-Tier Freelancers
112,Content Writing,PeoplePerHour,Expert,Australia,Mobile Banking,285,9933.0,21.89,58.06,4.03,63,Hourly,37.43,223,34.85263157894737,157.66666666666666,44.34375,3,58.69666666666668,1,-1.3707792044539797,-0.0818799791688703,Balanced Mid-Tier Freelancers
113,Web Development,Freelancer,Expert,Asia,Mobile Banking,283,9421.0,56.91,96.48,4.61,80,Fixed,58.8,495,33.28975265017668,117.7625,18.993951612903224,3,82.49333333333334,3,2.372008522507404,-1.0927559350197988,Trusted Steady Performers
114,Graphic Design,Toptal,Expert,USA,Crypto,240,2985.0,16.37,90.41,3.92,63,Fixed,23.54,98,12.4375,47.38095238095238,30.151515151515152,3,64.11666666666666,1,-0.5532069759006796,-0.6353108649421181,Balanced Mid-Tier Freelancers
115,Content Writing,Freelancer,Expert,Europe,Crypto,132,5883.0,93.75,81.67,3.1,69,Fixed,54.91,351,44.56818181818182,85.26086956521739,16.713068181818183,3,66.19333333333334,3,0.03878706426736333,-0.27656492297386254,Trusted Steady Performers
116,App Development,PeoplePerHour,Expert,Asia,Mobile Banking,213,8138.0,32.72,93.57,4.57,88,Hourly,28.19,289,38.20657276995305,92.47727272727273,28.06206896551724,3,71.05333333333333,3,0.6102376484553343,-0.2117900632641262,Trusted Steady Performers
117,Data Entry,PeoplePerHour,Intermediate,UK,Bank Transfer,190,511.0,88.44,90.18,3.4,30,Fixed,72.03,484,2.6894736842105265,17.033333333333335,1.0536082474226804,2,76.73666666666666,3,1.5706164838373005,-1.9240149790036019,Trusted Steady Performers
118,Web Development,Freelancer,Expert,Middle East,Bank Transfer,173,166.0,31.89,59.33,3.52,30,Fixed,72.7,495,0.9595375722543352,5.533333333333333,0.3346774193548387,3,67.47666666666667,3,0.07088285985537059,-1.8375576866392727,Trusted Steady Performers
119,App Development,PeoplePerHour,Beginner,Middle East,Mobile Banking,176,5835.0,81.57,94.63,3.33,84,Fixed,30.81,196,33.15340909090909,69.46428571428571,29.619289340101524,1,64.01333333333334,1,-0.43926278768049426,-0.09642559126109777,Balanced Mid-Tier Freelancers
120,Digital Marketing,PeoplePerHour,Beginner,Asia,PayPal,264,6557.0,24.89,76.97,3.66,22,Fixed,26.1,108,24.83712121212121,298.04545454545456,60.15596330275229,1,58.75666666666667,1,-1.3438404732471356,-0.08505110834092788,Balanced Mid-Tier Freelancers
121,Graphic Design,Freelancer,Beginner,Asia,Mobile Banking,209,9896.0,32.81,90.37,4.51,61,Hourly,38.79,347,47.34928229665072,162.2295081967213,28.436781609195403,1,73.11999999999999,3,0.9489942580148725,-0.07321387949569191,Trusted Steady Performers
122,Web Development,Toptal,Beginner,Europe,PayPal,139,5880.0,23.29,94.8,4.04,21,Hourly,26.84,219,42.302158273381295,280.0,26.727272727272727,1,67.48,3,0.16337616883897055,0.13749202796196822,Trusted Steady Performers
123,Content Writing,PeoplePerHour,Intermediate,USA,Mobile Banking,50,4611.0,30.1,65.9,3.41,37,Fixed,57.07,263,92.22,124.62162162162163,17.46590909090909,2,63.723333333333336,1,-0.33513558971727947,0.3803641676375245,Balanced Mid-Tier Freelancers
124,Graphic Design,PeoplePerHour,Beginner,Asia,PayPal,13,8177.0,84.31,55.5,4.76,27,Hourly,67.82,410,629.0,302.85185185185185,19.895377128953772,1,72.83999999999999,2,1.6080832415660469,2.5658734952084763,Premium Specialists
125,Data Entry,PeoplePerHour,Intermediate,Australia,Bank Transfer,165,709.0,65.71,61.4,4.76,35,Hourly,57.12,207,4.296969696969697,20.257142857142856,3.4086538461538463,2,71.24,3,0.6182009015582823,-1.1495726251572194,Trusted Steady Performers
126,Graphic Design,PeoplePerHour,Beginner,Europe,Mobile Banking,293,2172.0,43.56,71.36,4.74,38,Hourly,67.7,318,7.412969283276451,57.1578947368421,6.808777429467084,1,77.95333333333333,3,1.5073955155880914,-1.9080761229315633,Trusted Steady Performers
127,Graphic Design,Freelancer,Intermediate,UK,Crypto,110,1636.0,97.29,90.9,3.48,60,Fixed,37.79,81,14.872727272727273,27.266666666666666,19.951219512195124,2,66.09666666666666,1,-0.05470147937118261,-0.23169272696799972,Balanced Mid-Tier Freelancers
128,Data Entry,Toptal,Intermediate,Australia,PayPal,294,4732.0,49.16,93.04,3.9,70,Hourly,20.94,24,16.095238095238095,67.6,189.28,2,63.99333333333334,1,-0.6379906290826778,-0.03336847225734185,Balanced Mid-Tier Freelancers
129,SEO,Toptal,Intermediate,UK,Bank Transfer,92,6849.0,97.13,50.35,4.97,32,Hourly,61.66,185,74.44565217391305,214.03125,36.82258064516129,2,70.47,3,0.6996323438688148,0.44884649829346823,Trusted Steady Performers
130,Data Entry,Upwork,Beginner,Canada,Crypto,196,8876.0,23.68,75.54,4.54,80,Fixed,35.23,431,45.285714285714285,110.95,20.546296296296298,1,67.19,3,-0.006098149320303257,-0.3131645078516056,Trusted Steady Performers
131,App Development,PeoplePerHour,Intermediate,UK,Bank Transfer,157,7037.0,90.94,70.87,3.05,80,Hourly,56.99,384,44.82165605095541,87.9625,18.277922077922078,2,62.95333333333334,1,-0.5289587248321533,-0.3118504987598011,Balanced Mid-Tier Freelancers
132,Graphic Design,PeoplePerHour,Expert,Australia,PayPal,141,8025.0,6.31,61.11,3.13,27,Hourly,28.95,7,56.91489361702128,297.22222222222223,1003.125,3,50.88666666666666,0,-2.60393532650005,4.06749307887943,Balanced Mid-Tier Freelancers
133,Customer Support,Upwork,Expert,Canada,Mobile Banking,277,2932.0,56.8,55.99,3.93,3,Hourly,15.69,123,10.584837545126353,977.3333333333334,23.64516129032258,3,50.093333333333334,1,-2.6185890104278378,-0.7491908509190807,Balanced Mid-Tier Freelancers
134,Data Entry,Toptal,Beginner,Australia,Bank Transfer,153,5299.0,45.19,66.88,4.82,49,Fixed,79.48,148,34.63398692810458,108.14285714285714,35.56375838926174,1,80.92,3,2.078617145315715,-0.30200017670011575,Trusted Steady Performers
135,SEO,Fiverr,Expert,Middle East,Mobile Banking,192,2861.0,54.88,97.15,4.08,85,Fixed,20.93,97,14.901041666666666,33.65882352941176,29.193877551020407,3,66.56,1,-0.11045398701877002,-0.44470589665359683,Balanced Mid-Tier Freelancers
136,App Development,Fiverr,Expert,Australia,Mobile Banking,145,5577.0,57.58,66.16,4.0,30,Hourly,79.19,215,38.46206896551724,185.9,25.819444444444443,3,75.11666666666666,3,1.3285852328229895,-0.2714809902688598,Trusted Steady Performers
137,Customer Support,Toptal,Expert,Canada,Bank Transfer,135,1934.0,41.96,75.94,3.21,22,Fixed,78.41,100,14.325925925925926,87.9090909090909,19.14851485148515,3,72.85,3,0.9357637953241021,-0.5251269296234398,Trusted Steady Performers
138,Customer Support,PeoplePerHour,Beginner,UK,Bank Transfer,8,9760.0,98.8151,85.15,4.31,19,Fixed,65.57,217,1220.0,513.6842105263158,44.77064220183486,1,78.97333333333333,2,3.083646890444704,5.471423712473983,Premium Specialists
139,Web Development,Fiverr,Beginner,Middle East,Bank Transfer,267,8863.0,97.77,68.18,4.64,31,Fixed,56.16,366,33.19475655430712,285.9032258064516,24.149863760217983,1,72.38000000000001,3,0.8572939633940876,-0.7153565497241553,Trusted Steady Performers
140,Data Entry,Freelancer,Expert,USA,Mobile Banking,30,5123.0,96.37,98.59,3.76,20,Hourly,50.45,461,170.76666666666668,256.15,11.08874458874459,3,74.74666666666667,2,1.665124527168731,0.36554655789783813,Premium Specialists
141,Data Entry,Freelancer,Beginner,USA,Crypto,28,9779.0,98.01,98.12,4.55,19,Hourly,70.63,412,349.25,514.6842105263158,23.677966101694917,1,86.58333333333333,2,3.5835983687686603,1.5982044493461338,Premium Specialists
142,Graphic Design,Upwork,Intermediate,USA,PayPal,270,5466.0,80.34,62.59,4.93,2,Fixed,30.26,413,20.244444444444444,2733.0,13.202898550724637,2,63.81666666666666,1,-0.43184775680404414,-1.1694468510464378,Balanced Mid-Tier Freelancers
143,App Development,Toptal,Expert,USA,Crypto,233,5850.0,98.8151,74.86,3.41,40,Hourly,42.74,258,25.107296137339056,146.25,22.586872586872587,3,61.93333333333334,1,-0.6917337741133304,-0.5764153653676063,Balanced Mid-Tier Freelancers
144,Web Development,Toptal,Beginner,Europe,Mobile Banking,273,6945.0,89.77,65.04,4.05,39,Fixed,53.36,390,25.439560439560438,178.07692307692307,17.762148337595907,1,66.46666666666668,3,-0.09226783788161427,-1.0335371527998847,Trusted Steady Performers
145,Digital Marketing,Fiverr,Beginner,USA,Bank Transfer,129,6365.0,44.51,64.24,3.57,72,Fixed,38.78,355,49.34108527131783,88.40277777777777,17.879213483146067,1,58.13999999999999,1,-1.3260782293707782,-0.06453396659555409,Balanced Mid-Tier Freelancers
146,Digital Marketing,PeoplePerHour,Expert,Canada,Bank Transfer,176,4980.0,79.55,51.84,4.59,54,Hourly,39.92,10,28.295454545454547,92.22222222222223,452.72727272727275,3,61.18666666666667,0,-0.9870678920847223,1.3934003846559375,Balanced Mid-Tier Freelancers
147,Content Writing,Toptal,Beginner,Asia,PayPal,238,2415.0,91.65,80.48,4.16,27,Fixed,33.12,415,10.147058823529411,89.44444444444444,5.805288461538462,1,65.60000000000001,1,-0.1843002776762878,-1.508900956429575,Balanced Mid-Tier Freelancers
148,Data Entry,Fiverr,Expert,USA,PayPal,299,904.0,72.7,75.13,4.27,79,Fixed,49.5,58,3.0234113712374584,11.443037974683545,15.322033898305085,3,70.00999999999999,3,0.2658199331863366,-1.4614463363341628,Trusted Steady Performers
149,Data Entry,Fiverr,Beginner,Australia,Crypto,279,2778.0,45.16,52.57,4.6,12,Fixed,69.54,249,9.956989247311828,231.5,11.112,1,71.37,3,0.5284335783221078,-1.525020446296602,Trusted Steady Performers
150,Web Development,Toptal,Intermediate,Asia,Crypto,80,965.0,11.25,63.93,3.79,78,Fixed,24.11,139,12.0625,12.371794871794872,6.892857142857143,2,54.61333333333332,1,-1.959902525942779,-0.19272932476495774,Balanced Mid-Tier Freelancers
151,SEO,Fiverr,Expert,USA,PayPal,218,7223.0,81.92,95.41,4.83,71,Hourly,75.41,334,33.13302752293578,101.73239436619718,21.561194029850746,3,89.13999999999999,3,3.434752197788023,-0.8616797544164478,Trusted Steady Performers
152,Digital Marketing,Upwork,Intermediate,Asia,Mobile Banking,162,4988.0,95.51,61.98,4.07,17,Fixed,58.24,37,30.790123456790123,293.4117647058824,131.26315789473685,2,67.20666666666666,3,0.08998368381055619,0.35618272907168486,Trusted Steady Performers
153,Content Writing,Upwork,Expert,UK,Crypto,208,181.0,39.43,57.24,3.32,84,Hourly,67.63,121,0.8701923076923077,2.1547619047619047,1.4836065573770492,3,63.75666666666666,1,-0.6776907770653262,-1.2579598476983815,Balanced Mid-Tier Freelancers
154,Web Development,Toptal,Beginner,Canada,Bank Transfer,153,9358.0,19.43,74.47,4.39,10,Fixed,48.93,407,61.16339869281046,935.8,22.936274509803923,1,70.39999999999999,3,0.6456060660261593,0.08802338880225072,Trusted Steady Performers
155,Data Entry,PeoplePerHour,Intermediate,Canada,Bank Transfer,79,3643.0,36.02,99.28,4.59,19,Hourly,64.57,64,46.11392405063291,191.73684210526315,56.04615384615385,2,85.21666666666665,3,2.9052659336649382,0.23477001473618805,Trusted Steady Performers
156,Digital Marketing,Upwork,Beginner,Asia,Mobile Banking,233,9102.0,60.35,62.1,3.63,82,Fixed,11.13,145,39.06437768240343,111.0,62.342465753424655,1,48.60999999999999,1,-2.893652986359553,0.47161307667790364,Balanced Mid-Tier Freelancers
157,App Development,Upwork,Expert,Middle East,PayPal,66,343.0,35.11,83.61,4.71,30,Fixed,67.29,301,5.196969696969697,11.433333333333334,1.1357615894039734,3,81.7,3,2.34737887617965,-0.9631000969391724,Trusted Steady Performers
158,Content Writing,Toptal,Expert,Europe,Crypto,62,9241.0,63.01,88.08,4.81,30,Hourly,12.81,124,149.0483870967742,308.03333333333336,73.928,3,65.69666666666667,2,0.13308865401531345,1.7604220419856698,Premium Specialists
159,Graphic Design,Freelancer,Expert,Australia,Bank Transfer,278,3735.0,96.85,61.88,3.55,25,Hourly,72.29,311,13.43525179856115,149.4,11.971153846153847,3,68.39,3,0.21982070258202982,-1.4676677731239027,Trusted Steady Performers
160,Digital Marketing,Fiverr,Expert,Asia,PayPal,112,8066.0,68.72,86.41,4.97,88,Fixed,79.44,190,72.01785714285714,91.6590909090909,42.230366492146594,3,88.41666666666667,3,3.3698562891143005,0.2744168120439894,Trusted Steady Performers
161,Content Writing,Upwork,Expert,Canada,Crypto,191,7812.0,39.45,68.39,3.28,74,Fixed,30.58,262,40.90052356020942,105.56756756756756,29.70342205323194,3,54.85666666666666,1,-1.8420168628330291,0.09138289676563804,Balanced Mid-Tier Freelancers
162,Web Development,Freelancer,Intermediate,UK,Mobile Banking,233,6896.0,93.9,81.62,3.4,66,Fixed,24.72,489,29.59656652360515,104.48484848484848,14.073469387755102,2,58.11333333333334,1,-1.2767650286274923,-0.8241933875850206,Balanced Mid-Tier Freelancers
163,Graphic Design,PeoplePerHour,Expert,USA,Bank Transfer,52,7634.0,58.74,81.68,3.37,35,Fixed,63.58,360,146.80769230769232,218.11428571428573,21.14681440443213,3,70.88666666666667,2,0.9353816856177889,0.7251879403099322,Premium Specialists
164,Content Writing,Freelancer,Beginner,Canada,Mobile Banking,272,7360.0,17.2,76.79,4.79,51,Fixed,27.71,449,27.058823529411764,144.31372549019608,16.355555555555554,1,66.76666666666667,1,-0.12339517348444003,-0.9769154341395815,Balanced Mid-Tier Freelancers
165,Content Writing,Toptal,Intermediate,UK,Mobile Banking,219,5406.0,52.4,54.51,4.31,71,Hourly,70.59,295,24.684931506849313,76.14084507042253,18.263513513513512,2,70.43333333333332,3,0.4254148721527435,-0.9088100012495952,Trusted Steady Performers
166,Customer Support,PeoplePerHour,Beginner,USA,Mobile Banking,294,336.0,67.1,91.77,3.3,71,Hourly,17.2,181,1.1428571428571428,4.732394366197183,1.8461538461538463,1,58.32333333333332,1,-1.4896545719334129,-1.5245944206191822,Balanced Mid-Tier Freelancers
167,Customer Support,PeoplePerHour,Expert,Europe,Crypto,258,8691.0,84.63,66.04,3.88,27,Fixed,18.82,158,33.68604651162791,321.8888888888889,54.660377358490564,3,54.153333333333336,1,-1.8963807883973383,0.1830025546725044,Balanced Mid-Tier Freelancers
168,Customer Support,Freelancer,Beginner,Canada,Mobile Banking,91,6636.0,93.97,59.33,4.23,10,Hourly,78.54,352,72.92307692307692,663.6,18.79886685552408,1,74.15666666666668,3,1.314427563537978,-0.023210903517770807,Trusted Steady Performers
169,Data Entry,Toptal,Intermediate,Canada,Crypto,185,5353.0,35.15,52.04,3.17,43,Hourly,57.17,307,28.935135135135134,124.48837209302326,17.37987012987013,2,57.53666666666667,1,-1.4661285016202357,-0.5068288088701404,Balanced Mid-Tier Freelancers
170,SEO,Upwork,Intermediate,Asia,Crypto,29,3166.0,19.77,79.54,4.76,55,Fixed,69.28,477,109.17241379310344,57.56363636363636,6.623430962343096,2,81.34,3,2.3700775727538437,-0.3668167730912685,Trusted Steady Performers
171,Digital Marketing,Freelancer,Intermediate,Asia,Mobile Banking,226,5924.0,12.01,83.88,4.61,71,Hourly,32.7,286,26.212389380530972,83.43661971830986,20.641114982578397,2,69.59333333333332,3,0.30286396832372847,-0.6409228229985063,Trusted Steady Performers
172,Data Entry,Upwork,Beginner,UK,Mobile Banking,53,7020.0,75.14,50.83,4.01,6,Fixed,57.35,161,132.45283018867926,1170.0,43.333333333333336,1,62.79333333333332,2,-0.3904407748616044,1.1123837168829662,Premium Specialists
173,App Development,Freelancer,Intermediate,Middle East,PayPal,179,8198.0,80.54,75.6,4.93,6,Hourly,51.6,262,45.798882681564244,1366.3333333333333,31.171102661596958,2,75.26666666666667,3,1.4224142107731614,-0.038469368941821125,Trusted Steady Performers
174,Graphic Design,Upwork,Beginner,Asia,Bank Transfer,278,8494.0,43.89,61.32,3.84,77,Hourly,52.22,216,30.553956834532375,110.31168831168831,39.142857142857146,1,63.446666666666665,1,-0.7035906165078666,-0.38943562579474916,Balanced Mid-Tier Freelancers
175,SEO,Freelancer,Expert,Australia,PayPal,39,9661.0,42.61,82.26,4.97,48,Hourly,57.78,399,247.71794871794873,201.27083333333334,24.1525,3,79.81333333333335,2,2.360153354583359,1.2637714088939,Premium Specialists
176,Content Writing,PeoplePerHour,Expert,Europe,Bank Transfer,221,1285.0,95.65,58.72,4.34,77,Hourly,50.28,405,5.8144796380090495,16.68831168831169,3.165024630541872,3,65.26666666666667,1,-0.30832912239269594,-1.7211644133679853,Balanced Mid-Tier Freelancers
177,Data Entry,Fiverr,Beginner,Australia,Bank Transfer,213,1049.0,92.08,84.55,4.27,2,Hourly,40.03,483,4.924882629107981,524.5,2.1673553719008263,1,69.99333333333333,3,0.5509174453435473,-1.777077272303251,Trusted Steady Performers
178,Customer Support,PeoplePerHour,Intermediate,Canada,PayPal,164,3810.0,27.16,69.34,3.33,83,Fixed,29.31,180,23.23170731707317,45.903614457831324,21.049723756906076,2,55.083333333333336,1,-1.903604033525976,-0.25320430588833653,Balanced Mid-Tier Freelancers
179,SEO,Upwork,Beginner,Australia,PayPal,11,4166.0,79.18,96.84,4.76,51,Hourly,63.8,90,378.72727272727275,81.68627450980392,45.78021978021978,1,85.27999999999999,2,3.2278308137939726,1.7469025556155964,Premium Specialists
180,App Development,Toptal,Beginner,USA,Bank Transfer,273,4461.0,64.16,56.88,3.85,61,Fixed,25.84,16,16.34065934065934,73.1311475409836,262.4117647058824,1,53.24,1,-2.328206879143414,0.32023570629710274,Balanced Mid-Tier Freelancers
181,Digital Marketing,PeoplePerHour,Beginner,Europe,Bank Transfer,130,5607.0,19.65,67.05,3.32,19,Hourly,58.46,124,43.13076923076923,295.10526315789474,44.856,1,63.97,1,-0.4395695034716469,0.3006463066021856,Balanced Mid-Tier Freelancers
182,App Development,Fiverr,Expert,Australia,Bank Transfer,94,9688.0,38.89,55.67,3.03,2,Hourly,26.33,259,103.06382978723404,4844.0,37.261538461538464,3,47.53333333333334,1,-2.6943122269522934,1.271869063916564,Balanced Mid-Tier Freelancers
183,Graphic Design,Upwork,Beginner,USA,Crypto,46,5402.0,21.86,96.23,4.12,51,Hourly,53.77,444,117.43478260869566,105.92156862745098,12.139325842696628,1,77.46666666666667,3,1.8083340522848048,0.10376528135609689,Trusted Steady Performers
184,Web Development,PeoplePerHour,Expert,UK,Bank Transfer,163,3733.0,33.04,93.87,4.05,26,Fixed,62.3,377,22.901840490797547,143.57692307692307,9.875661375661375,3,79.05666666666667,3,1.9401972896696096,-0.9804634449576751,Trusted Steady Performers
185,Data Entry,Freelancer,Beginner,Australia,Mobile Banking,206,2311.0,63.45,62.9,4.44,70,Hourly,25.31,354,11.218446601941748,33.01428571428571,6.509859154929577,1,59.00333333333334,1,-1.3106249077753618,-1.1937895469713644,Balanced Mid-Tier Freelancers
186,Customer Support,Toptal,Expert,Europe,Mobile Banking,286,1903.0,40.65,83.0,4.78,20,Hourly,14.2,488,6.653846153846154,95.15,3.8916155419222904,3,64.26666666666667,1,-0.42478034386398095,-1.8861935381249202,Balanced Mid-Tier Freelancers
187,Graphic Design,Upwork,Beginner,USA,Mobile Banking,292,8841.0,42.44,90.86,3.16,23,Fixed,19.17,213,30.277397260273972,384.39130434782606,41.31308411214953,1,57.74333333333334,1,-1.4241160230726708,-0.10742774984275266,Balanced Mid-Tier Freelancers
188,Web Development,PeoplePerHour,Beginner,Australia,PayPal,95,6945.0,56.27,77.76,4.46,54,Fixed,52.42,238,73.10526315789474,128.61111111111111,29.05857740585774,1,73.12666666666667,3,1.0479034227338175,0.36151133222571785,Trusted Steady Performers
189,Customer Support,Upwork,Intermediate,UK,PayPal,129,3040.0,13.29,76.48,3.37,15,Fixed,69.46,179,23.565891472868216,202.66666666666666,16.88888888888889,2,71.11333333333333,3,0.6602263059770906,-0.4093600306084101,Trusted Steady Performers
190,Customer Support,Freelancer,Intermediate,Australia,PayPal,130,912.0,75.19,62.09,4.72,6,Hourly,13.15,418,7.015384615384615,152.0,2.1766109785202863,2,56.546666666666674,1,-1.464670121430334,-1.0224850497264237,Balanced Mid-Tier Freelancers
191,Customer Support,Fiverr,Beginner,USA,Bank Transfer,56,4577.0,43.16,54.66,4.64,35,Hourly,61.39,171,81.73214285714286,130.77142857142857,26.61046511627907,1,69.61666666666666,3,0.4942938675057718,0.38905993635759295,Trusted Steady Performers
192,Data Entry,PeoplePerHour,Beginner,Australia,Mobile Banking,107,1269.0,50.64,94.86,4.08,75,Hourly,33.89,142,11.85981308411215,16.92,8.874125874125873,1,70.11666666666667,3,0.45680338895973915,-0.46919625588735614,Trusted Steady Performers
193,Graphic Design,Upwork,Beginner,Europe,Bank Transfer,191,3845.0,97.56,95.02,4.42,8,Hourly,43.5,316,20.130890052356023,480.625,12.129337539432177,1,75.64,3,1.451907163769418,-0.9162888214466114,Trusted Steady Performers
194,Customer Support,Upwork,Beginner,Canada,Crypto,209,577.0,37.71,81.66,3.63,57,Fixed,75.02,243,2.7607655502392343,10.12280701754386,2.3647540983606556,1,76.42666666666666,3,1.306108623443434,-1.5543553559953665,Trusted Steady Performers
195,App Development,Upwork,Intermediate,USA,Crypto,18,7419.0,66.58,66.95,3.94,50,Fixed,33.24,231,412.1666666666667,148.38,31.978448275862068,2,59.663333333333334,2,-0.6163821503894982,2.317844875373748,Premium Specialists
196,Graphic Design,Fiverr,Expert,USA,PayPal,108,2972.0,42.29,67.46,4.64,49,Hourly,42.57,171,27.51851851851852,60.6530612244898,17.27906976744186,3,67.61,3,0.1379543333943957,-0.2330034026872304,Trusted Steady Performers
197,SEO,Upwork,Beginner,USA,Crypto,121,5899.0,89.96,86.3,3.92,88,Fixed,10.96,276,48.752066115702476,67.0340909090909,21.296028880866427,1,58.553333333333335,1,-1.1972104889348372,0.1629303372486008,Balanced Mid-Tier Freelancers
198,App Development,Toptal,Intermediate,USA,Mobile Banking,97,1212.0,85.44,94.86,3.72,21,Fixed,15.71,76,12.494845360824742,57.714285714285715,15.74025974025974,2,61.656666666666666,1,-0.660080478035909,-0.06209222921044976,Balanced Mid-Tier Freelancers
199,Data Entry,Toptal,Beginner,Australia,Crypto,148,896.0,27.95,94.35,3.99,36,Fixed,28.1,302,6.054054054054054,24.88888888888889,2.957095709570957,1,67.41666666666667,3,0.06689547215832006,-0.997807552404147,Trusted Steady Performers
200,Customer Support,Upwork,Beginner,Europe,PayPal,114,7009.0,70.72,88.99,4.66,71,Hourly,11.95,330,61.48245614035088,98.71830985915493,21.17522658610272,1,64.71333333333332,1,-0.21998299643632893,0.23680403988381496,Balanced Mid-Tier Freelancers
201,Graphic Design,Toptal,Expert,UK,Bank Transfer,167,3136.0,11.19,82.1,3.67,69,Fixed,54.2,48,18.778443113772454,45.44927536231884,64.0,3,69.89999999999999,3,0.3467243919825601,-0.1836217224205806,Trusted Steady Performers
202,Content Writing,PeoplePerHour,Beginner,Europe,Crypto,57,3333.0,96.5,54.21,3.35,58,Hourly,39.85,436,58.473684210526315,57.46551724137931,7.627002288329519,1,53.68666666666667,1,-1.8642916048414993,-0.24873582362695346,Balanced Mid-Tier Freelancers
203,Data Entry,Toptal,Beginner,USA,Mobile Banking,7,3373.0,38.15,58.08,4.42,63,Hourly,48.37,247,481.85714285714283,53.53968253968254,13.600806451612904,1,64.95,2,0.11150563186267046,1.8458406220379098,Premium Specialists
204,Graphic Design,Upwork,Expert,Middle East,Mobile Banking,72,495.0,84.03,94.93,4.65,16,Hourly,22.23,282,6.875,30.9375,1.7491166077738516,3,70.05333333333333,3,0.6929487593928639,-0.635007916967415,Trusted Steady Performers
205,SEO,Freelancer,Expert,Australia,Mobile Banking,250,1075.0,35.25,80.32,3.2,6,Fixed,30.72,286,4.3,179.16666666666666,3.745644599303136,3,58.346666666666664,1,-1.3186259964645073,-1.3592168174550794,Balanced Mid-Tier Freelancers
206,Customer Support,PeoplePerHour,Expert,Middle East,Bank Transfer,142,1409.0,65.11,50.46,3.48,78,Fixed,56.47,427,9.922535211267606,18.064102564102566,3.292056074766355,3,58.843333333333334,1,-1.2553348647133598,-1.2537203068793878,Balanced Mid-Tier Freelancers
207,Web Development,Fiverr,Expert,Australia,Mobile Banking,291,8260.0,98.44,55.07,3.28,52,Fixed,77.57,31,28.38487972508591,158.84615384615384,258.125,3,66.08,3,-0.24430499839481826,0.4468966496440205,Trusted Steady Performers
208,Customer Support,Upwork,Intermediate,USA,PayPal,70,6163.0,88.29,83.18,3.7,2,Fixed,13.53,495,88.04285714285714,3081.5,12.425403225806452,2,56.903333333333336,1,-1.1583712321719153,0.243338975306875,Balanced Mid-Tier Freelancers
209,Web Development,Fiverr,Intermediate,Australia,PayPal,159,8802.0,20.23,50.25,3.9,89,Hourly,72.33,157,55.35849056603774,98.89887640449439,55.70886075949367,2,66.86,3,-0.1149867849315396,0.41592795417575956,Trusted Steady Performers
210,Content Writing,Freelancer,Intermediate,USA,Mobile Banking,91,521.0,57.01,58.04,4.5,77,Hourly,50.38,17,5.725274725274725,6.766233766233766,28.944444444444443,2,66.14,3,-0.21291388876675607,-0.2804547166214124,Trusted Steady Performers
211,Data Entry,Fiverr,Beginner,Europe,Crypto,37,119.96000000000001,38.11,77.44,4.3,18,Hourly,49.47,380,3.2421621621621624,6.664444444444445,0.31485564304461944,1,70.97,3,0.7230025774832353,-0.8343395270238928,Trusted Steady Performers
212,SEO,Upwork,Expert,Asia,Mobile Banking,72,8801.0,46.26,84.59,4.24,81,Fixed,45.02,62,122.23611111111111,108.65432098765432,139.6984126984127,3,71.47000000000001,2,0.8291350740392456,1.66421271312575,Premium Specialists
213,Graphic Design,Upwork,Expert,Canada,PayPal,191,3286.0,36.84,82.6,3.7,76,Fixed,14.86,127,17.20418848167539,43.23684210526316,25.671875,3,57.15333333333333,1,-1.5581164711009714,-0.3190843246433956,Balanced Mid-Tier Freelancers
214,Graphic Design,Freelancer,Intermediate,Australia,PayPal,196,9186.0,36.92,61.21,4.68,35,Fixed,16.29,15,46.86734693877551,262.45714285714286,574.125,2,57.03333333333333,0,-1.6331651426221567,2.4812243291944496,Balanced Mid-Tier Freelancers
215,Web Development,Upwork,Beginner,USA,PayPal,217,3998.0,56.54,85.61,3.94,86,Hourly,52.06,162,18.42396313364055,46.48837209302326,24.52760736196319,1,72.15666666666667,3,0.6628511250320205,-0.7453552645815246,Trusted Steady Performers
216,SEO,Freelancer,Beginner,Middle East,Crypto,92,6222.0,23.24,61.86,4.96,39,Hourly,33.87,445,67.6304347826087,159.53846153846155,13.95067264573991,1,64.97666666666667,1,-0.20471979177836053,-0.06284505579255971,Balanced Mid-Tier Freelancers
217,App Development,Freelancer,Beginner,USA,Crypto,112,2029.0,56.05,66.27,4.27,1,Fixed,74.21,250,18.116071428571427,2029.0,8.08366533864542,1,75.29333333333334,3,1.3417583418056394,-0.7596788968305619,Trusted Steady Performers
218,Content Writing,Upwork,Intermediate,Middle East,Crypto,244,4971.0,31.5,87.32,3.25,37,Hourly,38.46,136,20.37295081967213,134.35135135135135,36.284671532846716,2,63.593333333333334,1,-0.5721662283245059,-0.4311706991757113,Balanced Mid-Tier Freelancers
219,Web Development,Toptal,Beginner,Australia,PayPal,220,9057.0,32.45,82.48,4.35,21,Hourly,20.03,317,41.16818181818182,431.2857142857143,28.4811320754717,1,63.169999999999995,1,-0.5317517876119684,-0.004505220175128935,Balanced Mid-Tier Freelancers
220,Web Development,Freelancer,Beginner,UK,Bank Transfer,181,2376.0,75.18,92.46,3.65,1,Fixed,60.03,294,13.12707182320442,2376.0,8.054237288135592,1,75.16333333333333,3,1.3439260498927095,-1.083274820702544,Trusted Steady Performers
221,Content Writing,Upwork,Beginner,Middle East,Mobile Banking,57,2380.0,7.81,82.88,4.37,4,Fixed,30.53,178,41.75438596491228,595.0,13.296089385474861,1,66.93666666666667,1,0.10397246416964007,0.11279878736973059,Balanced Mid-Tier Freelancers
222,Data Entry,Toptal,Expert,USA,Mobile Banking,53,7696.0,41.19,78.42,3.14,58,Hourly,46.78,228,145.20754716981133,132.68965517241378,33.60698689956332,3,62.666666666666664,2,-0.4043576999164219,1.1596031526870159,Premium Specialists
223,Graphic Design,Freelancer,Intermediate,Australia,PayPal,118,1052.0,43.72,54.68,3.35,1,Fixed,58.85,370,8.915254237288135,1052.0,2.835579514824798,2,60.17666666666667,1,-0.9579480849138152,-0.9936447398532934,Balanced Mid-Tier Freelancers
224,Data Entry,Toptal,Expert,USA,Crypto,99,9784.0,51.09,68.39,4.71,13,Hourly,73.02,393,98.82828282828282,752.6153846153846,24.83248730964467,3,78.53666666666665,3,2.034461420600448,0.40575788002359253,Trusted Steady Performers
225,SEO,PeoplePerHour,Expert,UK,Bank Transfer,29,6498.0,68.56,63.26,3.45,46,Fixed,65.45,179,224.06896551724137,141.2608695652174,36.1,3,65.90333333333332,2,0.17559079325817883,1.3869512236539148,Premium Specialists
226,App Development,PeoplePerHour,Intermediate,Canada,Bank Transfer,136,6887.0,40.12,62.2,4.67,47,Hourly,57.35,395,50.63970588235294,146.53191489361703,17.391414141414142,2,70.98333333333333,3,0.6807012467218271,-0.303095377760899,Trusted Steady Performers
227,Customer Support,Toptal,Expert,Asia,Crypto,183,6517.0,25.25,98.65,3.56,81,Fixed,57.57,71,35.612021857923494,80.45679012345678,90.51388888888889,3,75.80666666666667,3,1.3016723349519665,0.23360666567720723,Trusted Steady Performers
228,Digital Marketing,Freelancer,Beginner,Asia,Mobile Banking,149,9471.0,89.06,69.65,4.29,76,Fixed,76.21,317,63.56375838926174,124.61842105263158,29.78301886792453,1,77.21999999999998,3,1.6351406321615927,0.06088122850044632,Trusted Steady Performers
229,Digital Marketing,Upwork,Beginner,UK,Mobile Banking,202,7404.0,98.2,94.6,4.39,7,Fixed,30.71,386,36.65346534653465,1057.7142857142858,19.131782945736433,1,71.03666666666666,3,0.8057388696618724,-0.44523535003831305,Trusted Steady Performers
230,Digital Marketing,Fiverr,Beginner,Europe,Bank Transfer,88,2579.0,6.9,81.56,4.03,51,Hourly,10.08,82,29.306818181818183,50.568627450980394,31.072289156626507,1,57.41333333333335,1,-1.4785493387578905,0.3114581370458697,Balanced Mid-Tier Freelancers
231,Content Writing,Upwork,Beginner,Australia,Bank Transfer,161,1480.0,56.91,89.74,3.61,3,Hourly,29.04,378,9.192546583850932,493.3333333333333,3.905013192612137,1,63.66,1,-0.40593309447618947,-1.0665094432448419,Balanced Mid-Tier Freelancers
232,Web Development,Fiverr,Intermediate,UK,Crypto,89,3962.0,37.46,75.13,3.43,50,Fixed,25.25,394,44.51685393258427,79.24,10.030379746835443,2,56.326666666666675,1,-1.5038174909649753,-0.19194147737032377,Balanced Mid-Tier Freelancers
233,App Development,Fiverr,Expert,Canada,Mobile Banking,257,1582.0,31.31,78.85,3.07,26,Hourly,56.33,135,6.155642023346304,60.84615384615385,11.632352941176471,3,65.52666666666666,3,-0.3041274306144928,-1.1723838423841824,Trusted Steady Performers
234,Data Entry,Freelancer,Expert,USA,Bank Transfer,76,1942.0,36.89,74.63,3.61,31,Hourly,54.36,217,25.55263157894737,62.645161290322584,8.908256880733944,3,67.06333333333333,3,0.12316202176567842,-0.3149669786438368,Trusted Steady Performers
235,Customer Support,Toptal,Beginner,Australia,Mobile Banking,227,1471.0,65.69,59.76,4.31,62,Fixed,51.54,108,6.4801762114537445,23.725806451612904,13.495412844036696,1,65.83333333333333,3,-0.34396845506656587,-1.076186939307855,Trusted Steady Performers
236,Graphic Design,Upwork,Beginner,Middle East,Bank Transfer,280,8632.0,23.12,86.12,4.88,26,Fixed,11.14,377,30.82857142857143,332.0,22.835978835978835,1,64.95333333333333,1,-0.33344534229743655,-0.5489776747242591,Balanced Mid-Tier Freelancers
237,Digital Marketing,Toptal,Expert,UK,Crypto,287,5818.0,91.72,64.04,4.74,67,Fixed,61.01,406,20.27177700348432,86.83582089552239,14.294840294840295,3,73.28333333333335,3,0.917370739341172,-1.4628398538540837,Trusted Steady Performers
238,Data Entry,PeoplePerHour,Intermediate,Canada,Mobile Banking,268,2868.0,49.28,51.22,4.53,55,Hourly,32.65,118,10.701492537313433,52.14545454545455,24.100840336134453,2,58.156666666666666,1,-1.5284814092111336,-0.9198394349069805,Balanced Mid-Tier Freelancers
239,Digital Marketing,Freelancer,Expert,UK,Bank Transfer,250,5667.0,35.93,82.27,4.58,28,Fixed,56.55,393,22.668,202.39285714285714,14.383248730964468,3,76.80666666666667,3,1.5141586218178924,-1.176216439621169,Trusted Steady Performers
240,App Development,Freelancer,Beginner,Europe,Bank Transfer,65,1245.0,77.73,58.86,4.33,44,Hourly,48.96,17,19.153846153846153,28.295454545454547,69.16666666666667,1,64.80666666666666,1,-0.320154035174936,0.17393591902949299,Balanced Mid-Tier Freelancers
241,Digital Marketing,PeoplePerHour,Beginner,Asia,Bank Transfer,263,6279.0,6.55,97.02,3.52,81,Hourly,33.99,331,23.874524714828897,77.51851851851852,18.912650602409638,1,67.13666666666667,3,-0.11645583813358215,-0.8361625271158685,Trusted Steady Performers
242,Graphic Design,Upwork,Intermediate,Asia,Bank Transfer,11,9099.0,46.03,97.7,4.81,38,Hourly,19.42,422,827.1818181818181,239.44736842105263,21.51063829787234,2,71.10666666666667,2,1.560471351035122,3.6847687468375483,Premium Specialists
243,Customer Support,PeoplePerHour,Expert,Australia,Crypto,192,5355.0,38.75,95.74,4.34,30,Fixed,16.61,153,27.890625,178.5,34.77272727272727,3,66.38333333333333,1,-0.023582381260123797,-0.0729620307573405,Balanced Mid-Tier Freelancers
244,SEO,Upwork,Intermediate,USA,Mobile Banking,8,9758.0,37.13,68.51,4.12,66,Fixed,68.21,10,1219.75,147.84848484848484,887.0909090909091,2,73.04,0,1.8044461722134724,8.50613783828288,Balanced Mid-Tier Freelancers
245,SEO,Fiverr,Intermediate,Canada,Mobile Banking,235,8127.0,37.02,50.77,3.22,8,Hourly,74.29,137,34.58297872340425,1015.875,58.891304347826086,2,63.15333333333334,1,-0.6110147190875748,0.02306270852821737,Balanced Mid-Tier Freelancers
246,App Development,Freelancer,Beginner,UK,PayPal,137,9395.0,7.97,96.42,3.89,14,Hourly,55.49,386,68.57664233576642,671.0714285714286,24.276485788113696,1,76.57000000000001,3,1.6195012231208252,0.20973130864365647,Trusted Steady Performers
247,SEO,Upwork,Expert,Australia,Mobile Banking,129,892.0,19.45,71.41,3.92,62,Fixed,17.24,61,6.9147286821705425,14.387096774193548,14.387096774193548,3,55.68333333333334,1,-1.7845891801875913,-0.2579858489746004,Balanced Mid-Tier Freelancers
248,Content Writing,Toptal,Beginner,UK,PayPal,19,5250.0,18.48,98.33,4.73,75,Fixed,38.14,70,276.3157894736842,70.0,73.94366197183099,1,77.02333333333333,2,1.772189542533133,1.7884471279455174,Premium Specialists
249,Web Development,Toptal,Expert,Australia,Bank Transfer,17,5971.0,98.8151,98.18,4.09,63,Fixed,61.03,60,351.2352941176471,94.77777777777777,97.88524590163935,3,80.33666666666667,2,2.51486583400499,2.151089769517142,Premium Specialists
250,Content Writing,Freelancer,Beginner,Asia,Crypto,122,9924.0,7.11,92.65,3.76,79,Fixed,64.59,131,81.34426229508196,125.62025316455696,75.18181818181819,1,77.48,3,1.6103742098668075,0.9712363284159126,Trusted Steady Performers
251,Data Entry,PeoplePerHour,Beginner,Europe,Crypto,244,344.0,20.87,64.72,4.95,66,Fixed,18.28,60,1.4098360655737705,5.212121212121212,5.639344262295082,1,60.666666666666664,1,-1.2195835499348882,-1.0839663559667068,Balanced Mid-Tier Freelancers
252,Content Writing,PeoplePerHour,Expert,UK,Bank Transfer,267,6147.0,97.55,69.25,3.22,40,Fixed,10.0,487,23.02247191011236,153.675,12.596311475409836,3,47.88333333333333,1,-2.817917211064186,-0.956350203886964,Balanced Mid-Tier Freelancers
253,Data Entry,Upwork,Expert,Europe,PayPal,10,6462.0,64.68,92.56,3.85,13,Fixed,59.85,391,646.2,497.0769230769231,16.48469387755102,3,76.47,2,2.281592388203835,2.536641429592367,Premium Specialists
254,Data Entry,PeoplePerHour,Beginner,Middle East,Bank Transfer,235,8886.0,47.81,65.85,3.08,17,Fixed,34.96,357,37.81276595744681,522.7058823529412,24.821229050279328,1,54.13666666666666,1,-1.9146077633089285,-0.16963803489859322,Balanced Mid-Tier Freelancers
255,Web Development,Freelancer,Expert,Middle East,Crypto,34,6728.0,12.48,58.47,4.48,15,Fixed,27.81,268,197.88235294117646,448.53333333333336,25.01115241635688,3,58.626666666666665,2,-0.9617432169691729,1.3194867043217626,Premium Specialists
256,Graphic Design,Upwork,Beginner,Asia,Crypto,26,5070.0,68.62,77.84,4.84,33,Hourly,10.9,11,195.0,153.63636363636363,422.5,1,61.846666666666664,0,-0.5814011823164243,2.861866715102482,Balanced Mid-Tier Freelancers
257,Customer Support,Fiverr,Expert,Canada,Mobile Banking,160,5793.0,18.09,96.81,3.56,16,Fixed,47.82,34,36.20625,362.0625,165.5142857142857,3,71.94333333333333,3,0.8096748827280871,0.705856600879124,Trusted Steady Performers
258,App Development,PeoplePerHour,Beginner,Europe,PayPal,122,160.0,68.76,84.8,4.72,13,Fixed,69.58,485,1.3114754098360655,12.307692307692308,0.3292181069958848,1,82.92666666666666,3,2.53188407043854,-1.6982346261371624,Trusted Steady Performers
259,Web Development,PeoplePerHour,Beginner,Australia,Mobile Banking,197,8825.0,98.02,78.5,3.58,86,Hourly,77.03,437,44.796954314720814,102.61627906976744,20.14840182648402,1,75.71,3,1.3765667391498724,-0.5944099895222195,Trusted Steady Performers
260,App Development,Upwork,Beginner,Canada,Crypto,199,9728.0,55.54,54.86,4.82,23,Fixed,49.6,50,48.88442211055276,422.95652173913044,190.7450980392157,1,66.95333333333333,3,-0.03771736502974787,1.0580314691144677,Trusted Steady Performers
261,SEO,Toptal,Intermediate,UK,Crypto,172,4914.0,25.34,80.75,4.51,36,Fixed,46.01,42,28.569767441860463,136.5,114.27906976744185,2,72.32,3,0.7679466490350065,0.24588076572278125,Trusted Steady Performers
262,SEO,PeoplePerHour,Expert,UK,Mobile Banking,243,1698.0,64.4,99.5,4.61,43,Hourly,15.95,227,6.987654320987654,39.48837209302326,7.447368421052632,3,69.21666666666665,3,0.34231087433312724,-1.2123159643667087,Trusted Steady Performers
263,Content Writing,Freelancer,Beginner,Australia,Mobile Banking,248,6431.0,53.73,57.0,3.04,50,Fixed,48.42,110,25.931451612903224,128.62,57.93693693693694,1,55.406666666666666,1,-1.8856547434147184,-0.12967831837931915,Balanced Mid-Tier Freelancers
264,Data Entry,PeoplePerHour,Intermediate,USA,Crypto,73,2431.0,55.65,75.92,4.93,74,Hourly,36.6,321,33.3013698630137,32.851351351351354,7.549689440993789,2,70.37333333333332,3,0.582485790573575,-0.47629263662472204,Trusted Steady Performers
265,Digital Marketing,Fiverr,Beginner,USA,Mobile Banking,99,155.0,50.42,93.87,4.45,81,Hourly,52.5,14,1.5656565656565657,1.9135802469135803,10.333333333333334,1,78.45666666666666,3,1.6706347940497461,-0.5253914447574346,Trusted Steady Performers
266,Digital Marketing,PeoplePerHour,Intermediate,UK,Mobile Banking,81,5868.0,69.01,87.04,3.61,13,Fixed,37.21,176,72.44444444444444,451.38461538461536,33.152542372881356,2,65.48333333333333,1,0.01635055685181604,0.6302849090672522,Balanced Mid-Tier Freelancers
267,App Development,Toptal,Beginner,Asia,PayPal,175,9936.0,59.33,84.85,4.66,30,Hourly,26.82,161,56.777142857142856,331.2,61.333333333333336,1,68.29,3,0.29675781493309955,0.7246460635958331,Trusted Steady Performers
268,Data Entry,PeoplePerHour,Beginner,Asia,Crypto,5,9937.02,98.76,85.12,3.56,57,Hourly,16.65,38,1987.404,174.33368421052631,254.79538461538462,1,57.656666666666666,2,0.3387179401042132,9.742209339656606,Premium Specialists
269,App Development,Upwork,Intermediate,Australia,Bank Transfer,66,431.0,83.46,67.97,4.75,30,Hourly,32.04,25,6.53030303030303,14.366666666666667,16.576923076923077,2,65.00333333333333,1,-0.22064983808237368,-0.09084953033341944,Balanced Mid-Tier Freelancers
270,Web Development,PeoplePerHour,Intermediate,USA,PayPal,211,4406.0,30.15,64.68,3.23,71,Hourly,16.77,111,20.881516587677726,62.056338028169016,39.339285714285715,2,48.683333333333344,1,-2.9125622288500943,-0.11076301509096338,Balanced Mid-Tier Freelancers
271,Graphic Design,Toptal,Expert,Europe,Bank Transfer,158,5968.0,73.95,90.47,4.41,10,Fixed,22.38,452,37.77215189873418,596.8,13.17439293598234,3,67.01666666666667,1,0.24540327255529218,-0.48015069639295394,Balanced Mid-Tier Freelancers
272,Customer Support,Upwork,Expert,UK,Mobile Banking,278,1366.0,25.36,90.51,4.08,66,Hourly,79.11,431,4.913669064748201,20.696969696969695,3.162037037037037,3,83.74000000000001,3,2.4267279342756627,-2.259490386092393,Trusted Steady Performers
273,Web Development,Freelancer,Intermediate,Middle East,Mobile Banking,52,5504.0,79.32,93.35,3.19,83,Hourly,41.09,472,105.84615384615384,66.3132530120482,11.636363636363637,2,66.08,2,0.11967524691998399,0.10942009926243003,Premium Specialists
274,Data Entry,Upwork,Expert,Europe,Bank Transfer,141,4124.0,19.02,95.66,3.48,39,Fixed,47.23,50,29.24822695035461,105.74358974358974,80.86274509803921,3,70.83,3,0.6171219269355732,0.24378623734197608,Trusted Steady Performers
275,Data Entry,Fiverr,Intermediate,Australia,Mobile Banking,5,4854.0,49.99,75.57,3.02,37,Hourly,71.15,481,970.8,131.1891891891892,10.070539419087137,2,69.04,2,1.30229204102359,3.3491044976135633,Premium Specialists
276,Graphic Design,Upwork,Expert,Middle East,Mobile Banking,239,956.0,80.11,75.08,3.94,3,Fixed,79.69,366,4.0,318.6666666666667,2.6049046321525884,3,77.85666666666667,3,1.7078899677807653,-1.9074636442508552,Trusted Steady Performers
277,App Development,Freelancer,Beginner,Europe,PayPal,260,7671.0,31.61,89.91,3.6,89,Hourly,50.79,387,29.503846153846155,86.19101123595506,19.77061855670103,1,70.89999999999999,3,0.48772859129669727,-0.8501497505712357,Trusted Steady Performers
278,Content Writing,PeoplePerHour,Expert,USA,Bank Transfer,111,712.0,84.53,82.5,4.2,34,Fixed,66.87,97,6.414414414414415,20.941176470588236,7.26530612244898,3,77.79,3,1.738050229232147,-0.6856289673352249,Trusted Steady Performers
279,Content Writing,Upwork,Beginner,Asia,PayPal,177,6768.0,66.19,85.1,3.59,86,Hourly,32.89,410,38.23728813559322,78.69767441860465,16.467153284671532,1,63.26333333333332,1,-0.5441089465969157,-0.44309673189741255,Balanced Mid-Tier Freelancers
280,Graphic Design,Upwork,Beginner,USA,Bank Transfer,134,8704.0,42.76,89.79,3.6,38,Fixed,31.4,374,64.95522388059702,229.05263157894737,23.21066666666667,1,64.39666666666668,1,-0.23828042747607198,0.3049061307752452,Balanced Mid-Tier Freelancers
281,Content Writing,Upwork,Expert,Middle East,PayPal,298,992.0,45.22,94.5,4.49,14,Hourly,38.19,169,3.3288590604026846,70.85714285714286,5.8352941176470585,3,74.16333333333334,3,1.0327954543961497,-1.5947592590947661,Trusted Steady Performers
282,Digital Marketing,Upwork,Intermediate,Canada,Crypto,44,8399.0,92.97,66.9,3.1,64,Fixed,57.08,55,190.88636363636363,131.234375,149.98214285714286,2,61.99333333333334,2,-0.49998202119541546,2.1013881068618105,Premium Specialists
283,Content Writing,Freelancer,Beginner,Asia,Crypto,20,6465.0,25.69,68.78,4.81,39,Fixed,57.75,220,323.25,165.76923076923077,29.25339366515837,1,74.24333333333334,2,1.4462191908063557,1.6295277524789011,Premium Specialists
284,Content Writing,Toptal,Beginner,UK,Bank Transfer,131,3359.0,70.87,54.7,4.7,54,Fixed,32.07,324,25.641221374045802,62.2037037037037,10.335384615384616,1,60.25666666666666,1,-1.0141616864782719,-0.5729026917167895,Balanced Mid-Tier Freelancers
285,Content Writing,Toptal,Expert,Middle East,Crypto,207,1376.0,72.19,78.91,4.34,2,Fixed,19.32,145,6.647342995169082,688.0,9.424657534246576,3,61.676666666666655,1,-0.7430808943599123,-0.8168995716218255,Balanced Mid-Tier Freelancers
286,Digital Marketing,Upwork,Intermediate,Australia,PayPal,138,2156.0,92.63,51.8,4.19,43,Fixed,54.27,444,15.623188405797102,50.13953488372093,4.844943820224719,2,63.29000000000001,1,-0.49145335314568983,-1.1720775024500405,Balanced Mid-Tier Freelancers
287,App Development,Freelancer,Intermediate,UK,Bank Transfer,263,4849.0,72.75,73.28,4.78,53,Hourly,18.98,259,18.437262357414447,91.49056603773585,18.65,2,62.62,1,-0.7175514927375253,-0.8727635620784786,Balanced Mid-Tier Freelancers
288,Content Writing,Freelancer,Expert,Europe,Crypto,18,8889.0,60.52,77.13,3.37,3,Hourly,50.49,128,493.8333333333333,2963.0,68.90697674418605,3,65.00666666666667,2,0.3657872609814915,3.1150589241547624,Premium Specialists
289,SEO,Upwork,Intermediate,Asia,Crypto,70,2988.0,90.74,64.33,3.16,41,Fixed,58.54,49,42.68571428571428,72.8780487804878,59.76,2,62.02333333333333,1,-0.6419423357164793,0.41417126835230667,Balanced Mid-Tier Freelancers
290,Digital Marketing,Fiverr,Expert,Australia,Bank Transfer,199,2533.0,83.77,79.54,3.48,8,Fixed,59.04,339,12.728643216080402,316.625,7.45,3,69.39333333333333,3,0.488461461302686,-1.205139860434169,Trusted Steady Performers
291,Graphic Design,Upwork,Expert,Australia,Crypto,118,1425.0,73.09,51.53,4.59,75,Hourly,62.74,325,12.076271186440678,19.0,4.371165644171779,3,68.69,3,0.2572297794891009,-1.057805093351544,Trusted Steady Performers
292,Web Development,Fiverr,Expert,USA,Crypto,163,7906.0,8.09,51.87,3.07,63,Hourly,71.1,403,48.50306748466258,125.4920634920635,19.56930693069307,3,61.45666666666667,1,-0.8407264830672242,-0.24537700668105397,Balanced Mid-Tier Freelancers
293,Graphic Design,Upwork,Beginner,Europe,Bank Transfer,165,294.0,40.48,91.13,4.17,65,Fixed,45.0,19,1.7818181818181817,4.523076923076923,14.7,1,73.17666666666666,3,0.8202672592661685,-0.7413297410430986,Trusted Steady Performers
294,Web Development,Fiverr,Beginner,USA,Crypto,258,2398.0,65.03,68.01,4.99,79,Hourly,61.12,173,9.294573643410853,30.354430379746834,13.781609195402298,1,76.31,3,1.2196518830554617,-1.3945708251287958,Trusted Steady Performers
295,Customer Support,Fiverr,Beginner,USA,Crypto,19,9109.0,54.61,56.35,4.71,4,Fixed,53.34,282,479.42105263157896,2277.25,32.187279151943464,1,67.96333333333332,2,0.7315950272744811,2.5504364595663183,Premium Specialists
296,Graphic Design,Upwork,Expert,Asia,Crypto,41,529.0,35.34,76.11,4.04,68,Fixed,23.06,25,12.902439024390244,7.779411764705882,20.346153846153847,3,59.99000000000001,1,-1.03600198577222,0.19009589741172545,Balanced Mid-Tier Freelancers
297,SEO,Fiverr,Beginner,Canada,Crypto,159,1985.0,18.72,88.5,3.13,10,Fixed,11.8,159,12.484276729559749,198.5,12.40625,1,54.300000000000004,1,-1.9169189898263796,-0.32340715082778665,Balanced Mid-Tier Freelancers
298,Web Development,PeoplePerHour,Beginner,USA,Mobile Banking,31,5807.0,57.53,60.79,4.66,75,Hourly,29.92,9,187.32258064516128,77.42666666666666,580.7,1,61.30333333333334,0,-0.8227804737189499,3.27918059335042,Balanced Mid-Tier Freelancers
299,Web Development,Toptal,Beginner,UK,Bank Transfer,16,137.0,32.16,81.14,4.2,50,Fixed,41.01,81,8.5625,2.74,1.670731707317073,1,68.71666666666667,3,0.2985592798699535,-0.06033975157718864,Trusted Steady Performers
300,Data Entry,Freelancer,Expert,Australia,Mobile Banking,71,9482.0,27.14,54.27,3.23,23,Hourly,53.2,255,133.54929577464787,412.2608695652174,37.0390625,3,57.35666666666666,1,-1.2205498705390645,1.2626326773694365,Balanced Mid-Tier Freelancers
301,Web Development,Fiverr,Expert,Asia,Mobile Banking,34,8814.0,42.9,52.58,3.19,61,Hourly,69.5,104,259.2352941176471,144.49180327868854,83.94285714285714,3,61.96,2,-0.4798012683516694,2.1253261137166675,Premium Specialists
302,Web Development,Fiverr,Expert,USA,PayPal,100,9055.0,79.62,76.57,4.82,47,Hourly,23.74,139,90.55,192.6595744680851,64.67857142857143,3,65.57000000000001,2,0.0028716445236125197,1.1788499228866998,Premium Specialists
303,Data Entry,Freelancer,Beginner,Middle East,Mobile Banking,219,228.0,51.35,77.03,4.34,3,Hourly,18.79,201,1.0410958904109588,76.0,1.1287128712871286,1,60.87333333333333,1,-0.9653420015191083,-1.1908783202867037,Balanced Mid-Tier Freelancers
304,Content Writing,Fiverr,Intermediate,UK,Mobile Banking,198,9937.02,25.57,81.87,4.66,17,Fixed,77.44,343,50.1869696969697,584.5305882352941,28.886686046511628,2,84.17,3,2.7065338037869955,-0.2058857656018884,Trusted Steady Performers
305,Content Writing,Freelancer,Beginner,Europe,PayPal,139,212.0,16.11,86.3,4.76,22,Fixed,17.56,23,1.525179856115108,9.636363636363637,8.833333333333334,1,66.35333333333334,1,-0.15437231779440036,-0.4391211637118351,Balanced Mid-Tier Freelancers
306,Data Entry,Upwork,Beginner,Australia,Crypto,294,2690.0,52.4,98.79,4.14,16,Hourly,43.49,372,9.149659863945578,168.125,7.2117962466487935,1,75.02666666666667,3,1.1866301118800293,-1.752074281074221,Trusted Steady Performers
307,Digital Marketing,PeoplePerHour,Expert,Asia,Crypto,36,9247.0,80.46,75.82,4.03,80,Fixed,50.99,434,256.8611111111111,115.5875,21.257471264367815,3,69.13666666666667,2,0.7411814496907608,1.271855693503988,Premium Specialists
308,Customer Support,PeoplePerHour,Expert,Middle East,Mobile Banking,43,2398.0,67.02,66.15,3.86,3,Hourly,47.9,421,55.76744186046512,799.3333333333334,5.682464454976303,3,63.75000000000001,1,-0.21087906559631184,-0.33773297723117546,Balanced Mid-Tier Freelancers
309,Web Development,Toptal,Beginner,Asia,PayPal,210,2471.0,27.05,89.76,3.63,52,Fixed,16.02,45,11.766666666666667,47.51923076923077,53.71739130434783,1,59.46000000000001,1,-1.2685185513008592,-0.29308164359319877,Balanced Mid-Tier Freelancers
310,Web Development,Fiverr,Beginner,Asia,Crypto,47,4348.0,46.49,63.54,3.87,33,Fixed,13.99,216,92.51063829787235,131.75757575757575,20.036866359447004,1,51.64333333333334,1,-2.172180481400388,0.7213382250635282,Balanced Mid-Tier Freelancers
311,Data Entry,Toptal,Intermediate,Middle East,PayPal,263,4192.0,86.25,71.95,4.55,42,Fixed,17.38,391,15.939163498098859,99.80952380952381,10.693877551020408,2,60.10999999999999,1,-1.0463077153189597,-1.225379547256761,Balanced Mid-Tier Freelancers
312,Data Entry,Upwork,Intermediate,Europe,Bank Transfer,253,4553.0,21.88,53.92,4.2,2,Fixed,50.99,54,17.99604743083004,2276.5,82.78181818181818,2,62.970000000000006,1,-0.7269550663304618,-0.30507724456602364,Balanced Mid-Tier Freelancers
313,Digital Marketing,PeoplePerHour,Expert,Middle East,Bank Transfer,78,1267.0,55.55,51.27,4.79,39,Fixed,48.1,77,16.243589743589745,32.48717948717949,16.243589743589745,3,65.05666666666666,1,-0.2601661765237276,-0.18397251200370127,Balanced Mid-Tier Freelancers
314,SEO,Upwork,Intermediate,UK,Bank Transfer,278,2524.0,38.84,98.13,3.89,46,Fixed,26.36,490,9.079136690647482,54.869565217391305,5.1405295315682284,2,67.43,3,0.027650724172927757,-1.8127148434683558,Trusted Steady Performers
315,Content Writing,Upwork,Intermediate,Asia,Bank Transfer,194,979.0,16.8,91.8,4.21,48,Hourly,54.64,158,5.046391752577319,20.395833333333332,6.1572327044025155,2,76.88,3,1.4132789168076065,-1.1336954772122856,Trusted Steady Performers
316,Graphic Design,Fiverr,Expert,Europe,Mobile Banking,142,8008.0,9.74,84.8,4.26,27,Fixed,67.4,343,56.394366197183096,296.5925925925926,23.27906976744186,3,79.13333333333334,3,1.9794853006762105,-0.07100201215669148,Trusted Steady Performers
317,SEO,Upwork,Intermediate,Asia,Bank Transfer,286,8558.0,57.81,70.45,4.18,15,Fixed,12.91,271,29.923076923076923,570.5333333333333,31.46323529411765,2,55.653333333333336,1,-1.7078421847191565,-0.27020316030956615,Balanced Mid-Tier Freelancers
318,App Development,PeoplePerHour,Beginner,Middle East,Bank Transfer,170,1552.0,6.97,58.66,4.41,7,Fixed,44.87,147,9.129411764705882,221.71428571428572,10.486486486486486,1,63.910000000000004,1,-0.5559879309458098,-0.7196213479998026,Balanced Mid-Tier Freelancers
319,Content Writing,Toptal,Intermediate,Europe,PayPal,282,470.0,14.83,57.82,3.47,57,Hourly,58.25,37,1.6666666666666667,8.24561403508772,12.368421052631579,2,61.82333333333333,1,-1.0645795419446606,-1.3109096423949276,Balanced Mid-Tier Freelancers
320,Web Development,PeoplePerHour,Expert,Europe,Crypto,30,5880.0,38.02,62.51,4.02,42,Fixed,27.66,110,196.0,140.0,52.972972972972975,3,56.85666666666666,1,-1.272709330222106,1.618020159843879,Balanced Mid-Tier Freelancers
321,App Development,Fiverr,Beginner,USA,PayPal,77,4408.0,9.13,77.46,3.21,9,Fixed,31.54,14,57.246753246753244,489.77777777777777,293.8666666666667,1,57.73333333333333,1,-1.3785118734100343,1.6505613166690065,Balanced Mid-Tier Freelancers
322,SEO,PeoplePerHour,Intermediate,USA,Mobile Banking,119,1499.0,43.04,85.73,3.77,6,Fixed,52.95,77,12.596638655462185,249.83333333333334,19.21794871794872,2,71.36,3,0.7389826776888418,-0.3411432027411957,Trusted Steady Performers
323,Data Entry,Freelancer,Beginner,USA,Bank Transfer,55,5861.0,17.38,83.01,3.98,57,Hourly,72.86,75,106.56363636363636,102.82456140350877,77.11842105263158,1,78.49000000000001,3,1.8286316045476498,0.9295870726752197,Trusted Steady Performers
324,Digital Marketing,Toptal,Beginner,Middle East,Crypto,175,8669.0,38.24,64.0,4.3,76,Fixed,66.69,417,49.537142857142854,114.0657894736842,20.739234449760765,1,72.23,3,0.7771869515634213,-0.36706576260599255,Trusted Steady Performers
325,Content Writing,Freelancer,Intermediate,Australia,Crypto,272,7921.0,80.16,97.74,4.9,30,Hourly,50.82,327,29.121323529411764,264.03333333333336,24.149390243902438,2,82.18666666666667,3,2.3813670064163066,-0.8383829778288368,Trusted Steady Performers
326,Digital Marketing,Freelancer,Intermediate,UK,Bank Transfer,7,8638.0,64.5,86.89,4.2,55,Hourly,61.12,274,1234.0,157.05454545454546,31.41090909090909,2,77.33666666666667,2,2.7721087497005152,5.23777354824926,Premium Specialists
327,App Development,Fiverr,Expert,Middle East,Bank Transfer,214,9037.0,47.31,77.72,4.49,84,Fixed,35.54,493,42.228971962616825,107.58333333333333,18.293522267206477,3,67.68666666666665,3,0.14349686263901082,-0.5379414837727554,Trusted Steady Performers
328,Content Writing,Upwork,Expert,Asia,Mobile Banking,119,156.0,13.72,80.59,4.01,84,Fixed,54.87,196,1.3109243697478992,1.8571428571428572,0.7918781725888325,3,71.88666666666667,3,0.6628275224010384,-0.9560400455394713,Trusted Steady Performers
329,Customer Support,Freelancer,Beginner,USA,Mobile Banking,171,4099.0,63.82,70.98,4.27,54,Hourly,42.63,375,23.970760233918128,75.9074074074074,10.90159574468085,1,66.33666666666666,3,-0.09357124108602899,-0.8503001267172781,Trusted Steady Performers
330,Customer Support,PeoplePerHour,Expert,Europe,Bank Transfer,269,8339.0,20.55,62.39,3.14,27,Hourly,23.3,218,31.0,308.85185185185185,38.077625570776256,3,49.49666666666667,1,-2.694824822347778,-0.0306614883414953,Balanced Mid-Tier Freelancers
331,SEO,Upwork,Beginner,Middle East,Bank Transfer,231,1953.0,12.28,67.8,3.51,84,Fixed,59.12,62,8.454545454545455,23.25,31.0,1,65.70666666666666,3,-0.46424521096072724,-0.8673925439764629,Trusted Steady Performers
332,Web Development,PeoplePerHour,Beginner,Europe,Bank Transfer,155,7699.0,68.08,87.89,3.72,59,Fixed,48.95,360,49.670967741935485,130.4915254237288,21.326869806094184,1,70.41333333333334,3,0.6209171401015924,-0.14361747757057905,Trusted Steady Performers
333,Customer Support,PeoplePerHour,Expert,Asia,Bank Transfer,272,3620.0,91.65,50.72,3.94,7,Hourly,35.1,460,13.308823529411764,517.1428571428571,7.8524945770065075,3,54.87333333333333,1,-1.7915186320062877,-1.4987746332869887,Balanced Mid-Tier Freelancers
334,Customer Support,Upwork,Expert,Europe,Crypto,120,5426.0,48.76,55.8,3.09,40,Hourly,73.79,31,45.21666666666667,135.65,169.5625,3,63.79666666666666,1,-0.46711591471689523,0.8169085814941712,Balanced Mid-Tier Freelancers
335,Graphic Design,Upwork,Expert,Europe,Mobile Banking,92,119.96000000000001,8.89,52.3,3.28,72,Hourly,11.47,478,1.3039130434782609,1.6661111111111113,0.2504384133611691,3,43.123333333333335,1,-3.655014554556369,-0.9500288057882464,Balanced Mid-Tier Freelancers
336,Digital Marketing,PeoplePerHour,Intermediate,Canada,Bank Transfer,246,6435.0,88.63,52.04,3.55,2,Hourly,32.1,232,26.158536585365855,3217.5,27.61802575107296,2,51.71333333333333,1,-2.2695782093751586,-0.34420163237339435,Balanced Mid-Tier Freelancers
337,Digital Marketing,Fiverr,Beginner,Australia,Bank Transfer,44,1627.0,11.36,92.77,4.94,14,Fixed,13.98,109,36.97727272727273,116.21428571428571,14.790909090909091,1,68.51666666666667,3,0.3392599447778457,0.2355257132818259,Trusted Steady Performers
338,Customer Support,Toptal,Beginner,UK,Crypto,186,6115.0,87.41,85.18,3.66,10,Hourly,63.66,164,32.876344086021504,611.5,37.06060606060606,1,74.01333333333334,3,1.1742241170341097,-0.1922843635405129,Trusted Steady Performers
339,Graphic Design,Toptal,Beginner,UK,PayPal,213,5935.0,42.22,73.71,3.96,50,Fixed,59.15,193,27.863849765258216,118.7,30.59278350515464,1,70.68666666666667,3,0.49329804403827465,-0.4491537512971429,Trusted Steady Performers
340,Digital Marketing,Fiverr,Expert,USA,Bank Transfer,277,8626.0,39.71,54.89,3.39,18,Hourly,33.19,6,31.140794223826713,479.22222222222223,1232.2857142857142,3,51.96,0,-2.5857821870004094,4.004517376145126,Balanced Mid-Tier Freelancers
341,Digital Marketing,Upwork,Expert,Canada,Crypto,123,3627.0,56.57,74.58,4.22,18,Hourly,57.3,431,29.48780487804878,201.5,8.395833333333334,3,72.09333333333332,3,0.9443543415406596,-0.8217091930030964,Trusted Steady Performers
342,Content Writing,PeoplePerHour,Expert,Middle East,Crypto,28,3288.0,95.92,73.67,3.56,16,Fixed,37.72,138,117.42857142857143,205.5,23.654676258992804,3,60.86333333333334,1,-0.5967139752784948,0.7795883706307994,Balanced Mid-Tier Freelancers
343,Content Writing,Toptal,Expert,Middle East,PayPal,262,5294.0,90.38,58.66,3.41,52,Fixed,62.94,458,20.206106870229007,101.8076923076923,11.533769063180827,3,63.26666666666667,1,-0.5550723339322857,-1.382331584433073,Balanced Mid-Tier Freelancers
344,Graphic Design,PeoplePerHour,Expert,UK,Mobile Banking,96,9937.02,49.68,71.69,4.03,69,Fixed,41.79,342,103.510625,144.01478260869567,28.970903790087466,3,64.69333333333334,2,-0.15149822916209565,0.7952604354175783,Premium Specialists
345,App Development,Fiverr,Intermediate,Australia,Mobile Banking,165,2184.0,71.1,69.93,3.01,52,Fixed,38.86,286,13.236363636363636,42.0,7.609756097560975,2,56.330000000000005,1,-1.6050953699062396,-0.8052452170645322,Balanced Mid-Tier Freelancers
346,Web Development,PeoplePerHour,Expert,Europe,Mobile Banking,153,3942.0,60.14,80.79,3.02,31,Hourly,75.43,427,25.764705882352942,127.16129032258064,9.210280373831775,3,72.20666666666666,3,0.9281759277163792,-0.9818745615483527,Trusted Steady Performers
347,SEO,Fiverr,Beginner,Asia,Bank Transfer,121,4371.0,70.88,81.75,3.44,84,Fixed,27.56,300,36.12396694214876,52.035714285714285,14.521594684385382,1,59.370000000000005,1,-1.12065186372861,-0.21531240800935272,Balanced Mid-Tier Freelancers
348,Customer Support,Upwork,Expert,USA,Mobile Banking,57,5826.0,83.79,52.27,3.07,23,Fixed,18.43,455,102.21052631578948,253.30434782608697,12.776315789473685,3,44.03333333333333,1,-3.170723747168046,0.4683517235750562,Balanced Mid-Tier Freelancers
349,Customer Support,Fiverr,Beginner,Australia,Bank Transfer,49,5878.0,8.28,68.73,3.22,42,Fixed,50.92,55,119.95918367346938,139.95238095238096,104.96428571428571,1,61.35,1,-0.7707796192986488,1.4126553467630534,Balanced Mid-Tier Freelancers
350,SEO,Fiverr,Expert,UK,Bank Transfer,269,3865.0,35.95,81.29,3.68,81,Hourly,77.85,159,14.368029739776953,47.71604938271605,24.15625,3,77.58,3,1.4530652746299557,-1.1710351169200606,Trusted Steady Performers
351,Customer Support,Toptal,Expert,Canada,Crypto,266,345.0,96.14,75.16,4.61,62,Hourly,36.45,495,1.2969924812030076,5.564516129032258,0.6955645161290323,3,67.93666666666667,3,0.1167292758964514,-2.238078660294574,Trusted Steady Performers
352,Customer Support,PeoplePerHour,Beginner,USA,Mobile Banking,238,463.0,95.19,92.82,4.14,77,Fixed,14.34,148,1.9453781512605042,6.012987012987013,3.1073825503355703,1,63.32,1,-0.6566851009669428,-1.2202065968981186,Balanced Mid-Tier Freelancers
353,App Development,Toptal,Beginner,UK,Mobile Banking,39,6006.0,6.2347,82.93,4.03,50,Hourly,33.75,286,154.0,120.12,20.926829268292682,1,65.76,2,0.004097501905481145,0.8914671659702791,Premium Specialists
354,Digital Marketing,Freelancer,Beginner,Middle East,Mobile Banking,201,6328.0,24.14,58.15,3.59,77,Hourly,45.42,256,31.48258706467662,82.18181818181819,24.622568093385215,1,58.45666666666667,1,-1.4280631507105648,-0.3226324046169146,Balanced Mid-Tier Freelancers
355,Web Development,Fiverr,Beginner,USA,Bank Transfer,29,6718.0,98.8151,53.53,4.86,81,Fixed,21.33,460,231.6551724137931,82.93827160493827,14.572668112798265,1,57.35333333333333,2,-1.1483675194977863,0.9480083527130175,Premium Specialists
356,Customer Support,Freelancer,Intermediate,UK,Bank Transfer,206,8245.0,51.82,82.12,3.79,15,Hourly,56.07,138,40.02427184466019,549.6666666666666,59.31654676258993,2,71.33,3,0.730415312259801,0.21015343033135725,Trusted Steady Performers
357,Graphic Design,Toptal,Beginner,Middle East,Mobile Banking,277,227.0,59.42,51.33,3.17,44,Fixed,79.84,348,0.8194945848375451,5.159090909090909,0.6504297994269341,1,64.85666666666667,3,-0.5049087504639919,-2.112951642054772,Trusted Steady Performers
358,App Development,PeoplePerHour,Expert,Asia,Bank Transfer,40,8987.0,20.81,79.29,4.23,42,Fixed,41.62,323,224.675,213.97619047619048,27.737654320987655,3,68.50333333333334,2,0.5859122666426207,1.4502821624552402,Premium Specialists
359,Customer Support,Toptal,Expert,Middle East,Bank Transfer,227,4404.0,89.96,97.01,3.23,45,Fixed,34.83,291,19.400881057268723,97.86666666666666,15.082191780821917,3,65.48,1,-0.1355185372789134,-0.8284997910874765,Balanced Mid-Tier Freelancers
360,Graphic Design,PeoplePerHour,Intermediate,Europe,PayPal,281,8893.0,26.97,78.77,3.69,35,Hourly,38.05,334,31.647686832740213,254.0857142857143,26.546268656716418,2,63.54,1,-0.5521048677195348,-0.4880206722160673,Balanced Mid-Tier Freelancers
361,Content Writing,PeoplePerHour,Beginner,Canada,PayPal,22,5964.0,23.02,69.41,4.01,22,Fixed,18.06,186,271.09090909090907,271.09090909090907,31.893048128342247,1,55.88999999999999,2,-1.3559560867640683,1.805213660541771,Premium Specialists
362,Digital Marketing,Upwork,Expert,Europe,Mobile Banking,192,5532.0,26.67,82.16,4.75,74,Hourly,71.83,322,28.8125,74.75675675675676,17.126934984520123,3,82.99666666666667,3,2.403472837356795,-0.8830928518844484,Trusted Steady Performers
363,Data Entry,Fiverr,Intermediate,UK,Mobile Banking,261,3321.0,92.36,72.91,3.99,75,Hourly,39.04,183,12.724137931034482,44.28,18.04891304347826,2,63.916666666666664,1,-0.5643498393959162,-1.0427189836601338,Balanced Mid-Tier Freelancers
364,Customer Support,Toptal,Expert,Asia,PayPal,146,6737.0,71.77,77.28,4.4,38,Hourly,37.11,306,46.14383561643836,177.28947368421052,21.944625407166125,3,67.46333333333335,3,0.23252156406421431,-0.06169384134909118,Trusted Steady Performers
365,Graphic Design,PeoplePerHour,Intermediate,Australia,Bank Transfer,140,5442.0,78.02,97.07,4.99,70,Hourly,56.18,412,38.871428571428574,77.74285714285715,13.176755447941888,2,84.35000000000001,3,2.7609843445931257,-0.7475536321470618,Trusted Steady Performers
366,App Development,Toptal,Intermediate,Asia,Bank Transfer,83,339.0,40.82,69.31,3.26,64,Fixed,40.94,468,4.0843373493975905,5.296875,0.7228144989339019,2,58.48333333333333,1,-1.2562461635850157,-1.0911578957364514,Balanced Mid-Tier Freelancers
367,Digital Marketing,Toptal,Beginner,Asia,Crypto,296,9044.0,91.37,98.06,3.55,7,Fixed,55.38,385,30.554054054054053,1292.0,23.430051813471504,1,74.81333333333333,3,1.2962706972473095,-0.8160134784589954,Trusted Steady Performers
368,Web Development,PeoplePerHour,Intermediate,Asia,Mobile Banking,66,8475.0,79.99,95.27,3.79,44,Hourly,14.3,261,128.4090909090909,192.61363636363637,32.347328244274806,2,61.79,2,-0.46476520615571815,1.1934546916353483,Premium Specialists
369,App Development,Freelancer,Expert,Europe,Mobile Banking,133,457.0,76.31,59.79,3.84,76,Fixed,66.96,414,3.43609022556391,6.0131578947368425,1.1012048192771084,3,67.85000000000001,3,0.13611470157654243,-1.47199986515896,Trusted Steady Performers
370,Content Writing,Fiverr,Expert,Australia,Mobile Banking,261,743.0,97.24,53.47,3.82,7,Hourly,75.84,309,2.846743295019157,106.14285714285714,2.3967741935483873,3,68.57000000000001,3,0.24132480226918043,-1.8732684554826258,Trusted Steady Performers
371,SEO,Fiverr,Beginner,Middle East,Crypto,216,1219.0,39.79,55.04,4.82,66,Hourly,55.41,343,5.643518518518518,18.46969696969697,3.5436046511627906,1,68.95,3,0.1263071749276443,-1.621238026553332,Trusted Steady Performers
372,Customer Support,Upwork,Beginner,UK,Crypto,58,8673.0,63.04,50.91,4.43,60,Fixed,76.82,423,149.5344827586207,144.55,20.455188679245282,1,72.11,2,0.9842868351973375,0.5495822856920712,Premium Specialists
373,Web Development,Upwork,Intermediate,Canada,Bank Transfer,179,7832.0,91.44,54.72,4.22,1,Hourly,20.6,144,43.754189944134076,7832.0,54.01379310344828,2,53.24,1,-1.958001969972626,0.5382598068575553,Balanced Mid-Tier Freelancers
374,Graphic Design,Upwork,Beginner,Australia,PayPal,104,9224.0,80.13,84.15,3.62,62,Fixed,43.42,260,88.6923076923077,148.7741935483871,35.34099616858238,1,66.65666666666668,2,0.12994584872878495,0.7717855190344247,Premium Specialists
375,Customer Support,Fiverr,Expert,UK,PayPal,43,3094.0,58.52,53.56,4.65,87,Hourly,52.13,5,71.95348837209302,35.5632183908046,515.6666666666666,3,66.23,0,-0.17736389377027637,2.0743904466233816,Balanced Mid-Tier Freelancers
376,Graphic Design,Freelancer,Expert,Australia,PayPal,267,5580.0,12.24,65.95,4.91,89,Hourly,50.72,313,20.89887640449438,62.69662921348315,17.770700636942674,3,71.62333333333333,3,0.5266622245837437,-1.1206899926642768,Trusted Steady Performers
377,Web Development,Fiverr,Beginner,Europe,Bank Transfer,154,5042.0,67.01,92.24,4.64,18,Hourly,38.1,11,32.74025974025974,280.1111111111111,420.1666666666667,1,74.38,0,1.1165351284636205,1.3952693734980641,Balanced Mid-Tier Freelancers
378,Graphic Design,Fiverr,Beginner,UK,PayPal,125,3974.0,55.02,51.16,3.0,7,Hourly,33.67,260,31.792,567.7142857142857,15.226053639846743,1,48.276666666666664,1,-2.767363156930367,-0.07825074970520196,Balanced Mid-Tier Freelancers
379,App Development,Fiverr,Beginner,Europe,Crypto,182,7020.0,22.5,90.72,4.27,54,Fixed,18.88,361,38.57142857142857,130.0,19.392265193370164,1,65.0,1,-0.2844161910441677,-0.2452950650301765,Balanced Mid-Tier Freelancers
380,Digital Marketing,Fiverr,Intermediate,USA,Crypto,124,3362.0,88.81,64.09,3.1,67,Hourly,37.42,443,27.112903225806452,50.17910447761194,7.572072072072072,2,54.50333333333333,1,-1.8069314355293036,-0.7059636428145635,Balanced Mid-Tier Freelancers
381,Graphic Design,Freelancer,Intermediate,UK,Mobile Banking,76,4368.0,37.61,55.91,3.52,10,Hourly,21.39,168,57.473684210526315,436.8,25.846153846153847,2,49.23333333333333,1,-2.5631089760150894,0.5858612137647822,Balanced Mid-Tier Freelancers
382,Content Writing,Upwork,Expert,Australia,PayPal,223,1738.0,41.81,84.84,3.12,61,Fixed,61.41,147,7.79372197309417,28.491803278688526,11.743243243243244,3,69.55,3,0.30716788446608745,-1.084734111209272,Trusted Steady Performers
383,Digital Marketing,Toptal,Intermediate,USA,Crypto,127,517.0,68.88,81.45,4.21,59,Hourly,24.62,199,4.070866141732283,8.76271186440678,2.585,2,63.42333333333334,1,-0.5262538840322804,-0.7503564238267338,Balanced Mid-Tier Freelancers
384,App Development,Upwork,Intermediate,Europe,Mobile Banking,248,9587.0,51.44,93.87,4.37,59,Hourly,14.1,384,38.65725806451613,162.4915254237288,24.9012987012987,2,65.12333333333333,1,-0.2380675403440215,-0.2607139265168814,Balanced Mid-Tier Freelancers
385,Customer Support,Upwork,Intermediate,Europe,PayPal,79,2472.0,13.48,86.75,3.23,69,Hourly,48.67,311,31.29113924050633,35.82608695652174,7.923076923076923,2,66.67333333333335,3,-0.009680859440266192,-0.4105975833653297,Trusted Steady Performers
386,Data Entry,Toptal,Intermediate,Australia,PayPal,10,7329.0,41.81,90.17,3.77,63,Hourly,51.67,69,732.9,116.33333333333333,104.7,2,72.41333333333334,2,1.5237108207663215,3.9282010340436617,Premium Specialists
387,Customer Support,Fiverr,Expert,USA,Crypto,25,4557.0,13.97,64.1,3.91,8,Hourly,71.03,311,182.28,569.625,14.60576923076923,3,71.11,2,0.9363417184507644,0.6323573354812873,Premium Specialists
388,Graphic Design,Freelancer,Beginner,Asia,Mobile Banking,194,4771.0,23.12,58.87,3.74,78,Hourly,50.39,53,24.59278350515464,61.166666666666664,88.35185185185185,1,61.35333333333333,1,-1.0544871105183928,0.030301271465445152,Balanced Mid-Tier Freelancers
389,Graphic Design,Freelancer,Expert,Middle East,Mobile Banking,229,5421.0,6.2347,87.53,3.24,55,Fixed,34.18,394,23.67248908296943,98.56363636363636,13.724050632911393,3,62.169999999999995,1,-0.75455043545445,-0.842791315071915,Balanced Mid-Tier Freelancers
390,Content Writing,Upwork,Intermediate,Canada,Crypto,107,9253.0,22.22,90.34,3.84,6,Hourly,66.21,258,86.4766355140187,1542.1666666666667,35.72586872586873,2,77.78333333333332,3,1.8657069328198441,0.6550369786573309,Trusted Steady Performers
391,App Development,Toptal,Beginner,Australia,Crypto,103,7591.0,36.39,99.53,4.5,1,Fixed,47.82,350,73.69902912621359,7591.0,21.626780626780626,1,79.11666666666666,3,2.083903239307725,0.21236661091742098,Trusted Steady Performers
392,Content Writing,PeoplePerHour,Beginner,Europe,Crypto,87,9919.0,56.13,70.63,3.14,56,Hourly,15.55,27,114.01149425287356,177.125,354.25,1,49.660000000000004,1,-2.552714578894947,2.7930276802572673,Balanced Mid-Tier Freelancers
393,SEO,Fiverr,Beginner,UK,PayPal,185,1536.0,92.33,68.6,3.16,75,Fixed,49.61,366,8.302702702702703,20.48,4.185286103542234,1,60.470000000000006,1,-1.033914660703085,-1.3165882082225697,Balanced Mid-Tier Freelancers
394,App Development,Upwork,Expert,USA,Crypto,156,9658.0,56.33,88.82,3.71,88,Fixed,73.56,362,61.91025641025641,109.75,26.606060606060606,3,78.86,3,1.9132917554625213,-0.009946247532746748,Trusted Steady Performers
395,Web Development,Freelancer,Beginner,Middle East,Crypto,60,9599.0,72.03,67.04,4.88,10,Fixed,37.74,119,159.98333333333332,959.9,79.99166666666666,1,67.46,2,0.3625407064966514,1.756701114532172,Premium Specialists
396,Web Development,Toptal,Expert,Canada,Bank Transfer,194,9633.0,38.98,96.54,4.34,23,Fixed,30.74,132,49.654639175257735,418.82608695652175,72.42857142857143,3,71.36,3,0.788346298732345,0.6550755165075237,Trusted Steady Performers
397,Web Development,Toptal,Expert,UK,Crypto,26,9820.0,76.4,92.92,4.36,16,Hourly,20.04,379,377.6923076923077,613.75,25.842105263157894,3,66.72,2,0.6170974080895201,2.2000176705269756,Premium Specialists
398,Content Writing,Upwork,Intermediate,USA,Crypto,72,3799.0,63.94,71.45,3.72,16,Hourly,20.6,89,52.763888888888886,237.4375,42.21111111111111,2,55.48333333333334,1,-1.584155008596282,0.658772074934347,Balanced Mid-Tier Freelancers
399,Web Development,PeoplePerHour,Intermediate,Middle East,PayPal,189,8109.0,48.68,87.54,4.19,56,Hourly,40.29,15,42.904761904761905,144.80357142857142,506.8125,2,70.54333333333334,0,0.4505377936566405,1.9434008105070084,Balanced Mid-Tier Freelancers
400,App Development,Freelancer,Beginner,Australia,Mobile Banking,14,2553.0,23.41,87.73,3.02,6,Fixed,51.7,286,182.35714285714286,425.5,8.895470383275262,1,66.61,2,0.2573004694280178,0.6070082277647442,Premium Specialists
401,Web Development,Upwork,Beginner,Middle East,PayPal,70,7905.0,33.84,55.16,4.27,30,Fixed,15.64,283,112.92857142857143,263.5,27.83450704225352,1,52.06666666666666,1,-2.098295447007141,1.0348044748093561,Balanced Mid-Tier Freelancers
402,Data Entry,PeoplePerHour,Intermediate,Australia,Bank Transfer,268,7105.0,63.99,95.13,4.83,63,Fixed,75.77,390,26.511194029850746,112.77777777777777,18.171355498721226,2,89.16666666666667,3,3.358890757369001,-1.2773177096997659,Trusted Steady Performers
403,Web Development,Toptal,Expert,Asia,Crypto,229,449.0,45.48,75.26,4.23,1,Fixed,62.86,229,1.960698689956332,449.0,1.9521739130434783,3,74.24000000000001,3,1.0977450858620865,-1.5467093219637018,Trusted Steady Performers
404,Graphic Design,Fiverr,Expert,USA,Crypto,127,4432.0,89.49,91.32,4.75,51,Fixed,51.06,136,34.89763779527559,86.90196078431373,32.35036496350365,3,79.12666666666667,3,1.9806322595551544,-0.12689568733830253,Trusted Steady Performers
405,SEO,Freelancer,Intermediate,Middle East,Crypto,42,1589.0,27.31,66.0,4.45,89,Fixed,67.99,294,37.833333333333336,17.853932584269664,5.386440677966101,2,74.33,3,1.117360188450008,-0.5250758317145588,Trusted Steady Performers
406,Content Writing,Freelancer,Expert,Canada,Crypto,127,8478.0,11.94,94.78,3.24,46,Fixed,15.61,226,66.75590551181102,184.30434782608697,37.348017621145374,3,58.39666666666667,1,-1.1606134470961689,0.8110574521895844,Balanced Mid-Tier Freelancers
407,Digital Marketing,PeoplePerHour,Intermediate,Middle East,Crypto,160,7235.0,60.99,69.46,4.8,21,Hourly,43.38,426,45.21875,344.5238095238095,16.943793911007027,2,69.61333333333333,3,0.5430132606162481,-0.37558715200615456,Trusted Steady Performers
408,SEO,Upwork,Intermediate,USA,Crypto,71,4960.0,89.17,50.54,3.13,38,Fixed,54.11,26,69.85915492957747,130.52631578947367,183.7037037037037,2,55.75,1,-1.6056247353084434,1.2769582677013314,Balanced Mid-Tier Freelancers
409,Data Entry,Toptal,Beginner,UK,Bank Transfer,137,9169.0,39.65,95.27,4.07,69,Hourly,68.01,331,66.92700729927007,132.8840579710145,27.617469879518072,1,81.56,3,2.3048381147796793,0.11866133341580876,Trusted Steady Performers
410,Content Writing,PeoplePerHour,Beginner,UK,Crypto,144,4559.0,66.53,54.56,3.28,63,Hourly,64.84,116,31.65972222222222,72.36507936507937,38.965811965811966,1,61.666666666666664,1,-0.8599641311567698,-0.04789041846263903,Balanced Mid-Tier Freelancers
411,App Development,Fiverr,Intermediate,Middle East,Crypto,86,6101.0,26.98,65.97,3.02,50,Fixed,29.39,88,70.94186046511628,122.02,68.5505617977528,2,51.919999999999995,1,-2.22372550853659,1.0516213175347293,Balanced Mid-Tier Freelancers
412,Customer Support,Fiverr,Beginner,Middle East,Crypto,62,6202.0,58.05,97.5,3.84,12,Fixed,75.86,106,100.03225806451613,516.8333333333334,57.96261682242991,1,83.38666666666667,3,2.7316544709644974,0.7846959390409063,Trusted Steady Performers
413,Content Writing,Fiverr,Intermediate,Australia,Bank Transfer,153,8661.0,79.75,97.53,3.59,69,Fixed,18.7,220,56.6078431372549,125.52173913043478,39.19004524886878,2,62.676666666666655,1,-0.5159084470401982,0.5596862328196114,Balanced Mid-Tier Freelancers
414,Graphic Design,PeoplePerHour,Expert,USA,Crypto,135,4174.0,87.37,78.67,3.97,73,Fixed,71.26,222,30.918518518518518,57.178082191780824,18.717488789237667,3,76.44333333333333,3,1.5130445575382259,-0.5029464557115539,Trusted Steady Performers
415,App Development,Toptal,Expert,Australia,Bank Transfer,73,2445.0,14.99,81.59,4.15,44,Hourly,77.97,121,33.49315068493151,55.56818181818182,20.040983606557376,3,80.85333333333334,3,2.1655103935955724,-0.20397318199994924,Trusted Steady Performers
416,SEO,Freelancer,Expert,Canada,PayPal,254,8902.0,38.86,72.42,3.09,52,Fixed,22.4,381,35.04724409448819,171.19230769230768,23.30366492146597,3,52.20666666666667,1,-2.2286131443563324,-0.2792108708639998,Balanced Mid-Tier Freelancers
417,SEO,Upwork,Expert,Asia,Crypto,181,4000.0,65.77,64.66,3.25,9,Hourly,60.54,353,22.099447513812155,444.44444444444446,11.299435028248588,3,63.4,1,-0.43361789108494353,-0.8418765286304584,Balanced Mid-Tier Freelancers
418,Web Development,Freelancer,Intermediate,UK,Mobile Banking,76,499.0,8.3,66.43,4.12,65,Fixed,12.82,32,6.565789473684211,7.676923076923077,15.121212121212121,2,53.88333333333333,1,-2.0723328868525415,0.04478684628929436,Balanced Mid-Tier Freelancers
419,App Development,Toptal,Expert,Europe,Bank Transfer,21,429.0,70.61,83.63,3.69,10,Hourly,38.38,90,20.428571428571427,42.9,4.714285714285714,3,65.27,1,-0.03633650633413542,0.08174377691667216,Balanced Mid-Tier Freelancers
420,Customer Support,Freelancer,Expert,Europe,PayPal,164,9492.0,55.16,87.62,4.46,46,Hourly,46.14,183,57.8780487804878,206.34782608695653,51.58695652173913,3,74.32,3,1.2459944628288888,0.5209471120440755,Trusted Steady Performers
421,Graphic Design,PeoplePerHour,Expert,USA,Bank Transfer,74,7335.0,32.41,89.58,4.3,58,Hourly,50.65,375,99.12162162162163,126.46551724137932,19.507978723404257,3,75.41,3,1.5014728577630665,0.334620458163403,Trusted Steady Performers
422,Web Development,Fiverr,Expert,USA,Bank Transfer,117,2351.0,82.39,89.48,4.69,37,Hourly,75.52,257,20.094017094017094,63.54054054054054,9.112403100775193,3,86.26666666666667,3,3.0745240660921875,-0.8802934627143372,Trusted Steady Performers
423,Web Development,Toptal,Intermediate,Europe,PayPal,236,7760.0,32.55,54.56,4.38,52,Hourly,57.06,397,32.88135593220339,149.23076923076923,19.497487437185928,2,66.40666666666667,3,-0.14605769703419763,-0.7259557639881631,Trusted Steady Performers
424,Customer Support,Toptal,Expert,USA,Crypto,25,5842.0,98.8151,74.72,3.86,81,Fixed,43.69,12,233.68,72.12345679012346,449.38461538461536,3,65.20333333333333,0,-0.036487951093506305,3.008211343188662,Balanced Mid-Tier Freelancers
425,Content Writing,Freelancer,Beginner,UK,Crypto,139,8968.0,82.56,52.88,4.35,13,Fixed,66.68,23,64.5179856115108,689.8461538461538,373.6666666666667,1,68.85333333333334,0,0.31829545932184244,1.8679504584759,Balanced Mid-Tier Freelancers
426,SEO,PeoplePerHour,Beginner,Canada,Bank Transfer,267,9709.0,72.26,77.48,3.55,6,Fixed,76.54,324,36.36329588014981,1618.1666666666667,29.873846153846152,1,75.00666666666667,3,1.2857054618908084,-0.5055179439718601,Trusted Steady Performers
427,Web Development,Freelancer,Beginner,Canada,PayPal,115,7266.0,10.83,72.08,3.61,58,Hourly,11.54,33,63.18260869565217,125.27586206896552,213.7058823529412,1,51.94,1,-2.331713505255924,1.6464680407707237,Balanced Mid-Tier Freelancers
428,Data Entry,Freelancer,Beginner,Australia,Crypto,250,4955.0,90.91,94.39,4.58,48,Fixed,78.78,246,19.82,103.22916666666667,20.060728744939272,1,88.25666666666666,3,3.220875534404553,-1.206295168378337,Trusted Steady Performers
429,Data Entry,Toptal,Beginner,UK,Bank Transfer,287,6049.0,80.06,67.55,3.89,32,Hourly,16.03,342,21.076655052264808,189.03125,17.635568513119534,1,53.79333333333333,1,-2.0376628484385044,-0.8650357185019407,Balanced Mid-Tier Freelancers
430,SEO,Freelancer,Beginner,Asia,Mobile Banking,12,8657.0,26.76,55.85,4.6,11,Hourly,67.01,18,721.4166666666666,787.0,455.63157894736844,1,71.62,2,1.2962247953780193,5.184778577472996,Premium Specialists
431,Data Entry,Fiverr,Intermediate,USA,PayPal,288,7172.0,42.26,57.15,4.64,81,Fixed,29.62,29,24.90277777777778,88.54320987654322,239.06666666666666,2,59.85666666666666,1,-1.3393866148562144,0.44450134239195177,Balanced Mid-Tier Freelancers
432,Customer Support,Freelancer,Beginner,USA,Mobile Banking,211,649.0,30.52,88.08,4.72,5,Hourly,19.25,48,3.075829383886256,129.8,13.244897959183673,1,67.24333333333333,1,-0.026802794325935672,-0.787338781517545,Balanced Mid-Tier Freelancers
433,Content Writing,Fiverr,Expert,Asia,Mobile Banking,198,7338.0,98.52,80.91,4.83,6,Fixed,40.79,426,37.06060606060606,1223.0,17.185011709601874,3,72.76666666666667,3,1.1037440886964576,-0.5947446548798648,Trusted Steady Performers
434,Graphic Design,Toptal,Beginner,Australia,Bank Transfer,51,7971.0,86.15,55.06,3.86,74,Hourly,55.08,399,156.2941176470588,107.71621621621621,19.9275,1,62.44666666666666,2,-0.4600440967703034,0.7331325109235648,Premium Specialists
435,Digital Marketing,PeoplePerHour,Intermediate,Australia,PayPal,246,1617.0,93.37,54.21,3.64,21,Fixed,36.67,179,6.573170731707317,77.0,8.983333333333333,2,54.56,1,-1.9289873485324676,-1.1014984297182053,Balanced Mid-Tier Freelancers
436,Web Development,Fiverr,Beginner,USA,Crypto,14,1144.0,79.93,85.05,4.16,42,Hourly,13.82,369,81.71428571428571,27.238095238095237,3.091891891891892,1,60.69,1,-0.709240548775766,-0.04648957753454405,Balanced Mid-Tier Freelancers
437,Digital Marketing,PeoplePerHour,Expert,USA,Crypto,293,9689.0,48.35,53.64,3.74,81,Fixed,51.96,371,33.06825938566553,119.61728395061728,26.045698924731184,3,60.13333333333333,1,-1.1400797999863157,-0.6194585528864761,Balanced Mid-Tier Freelancers
438,Graphic Design,PeoplePerHour,Expert,Asia,Bank Transfer,135,9734.0,24.52,91.09,4.2,27,Fixed,73.17,487,72.1037037037037,360.51851851851853,19.94672131147541,3,82.75333333333334,3,2.621311265101633,-0.09403635056301855,Trusted Steady Performers
439,Graphic Design,Fiverr,Intermediate,UK,Crypto,274,6241.0,24.77,85.31,4.41,3,Hourly,36.83,225,22.777372262773724,2080.3333333333335,27.615044247787612,2,70.11333333333333,3,0.46166766166648765,-0.6639535245342051,Trusted Steady Performers
440,Customer Support,Toptal,Intermediate,Asia,Crypto,65,1508.0,19.41,54.07,4.38,60,Hourly,25.14,432,23.2,25.133333333333333,3.4826789838337184,2,55.60333333333333,1,-1.7086980967408971,-0.630816744697689,Balanced Mid-Tier Freelancers
441,Content Writing,Upwork,Intermediate,Australia,Mobile Banking,168,9450.0,56.93,54.24,3.75,66,Hourly,40.98,394,56.25,143.1818181818182,23.924050632911392,2,56.74,1,-1.5015930496467358,0.11612678576781311,Balanced Mid-Tier Freelancers
442,Data Entry,PeoplePerHour,Intermediate,Asia,Mobile Banking,17,8096.0,92.4,99.33,3.33,49,Fixed,13.39,77,476.2352941176471,165.22448979591837,103.7948717948718,2,59.77333333333333,2,-0.4793697527742583,3.3101533242876453,Premium Specialists
443,Data Entry,PeoplePerHour,Beginner,Asia,PayPal,276,4984.0,98.8151,68.71,3.86,34,Fixed,67.43,495,18.057971014492754,146.58823529411765,10.048387096774194,1,71.11333333333333,3,0.6308740488389794,-1.6731488604594338,Trusted Steady Performers
444,Customer Support,Toptal,Beginner,Asia,Mobile Banking,212,1404.0,32.29,68.53,3.29,37,Hourly,67.84,430,6.622641509433962,37.945945945945944,3.25754060324826,1,67.39,3,-0.01899080711582594,-1.6864729302739152,Trusted Steady Performers
445,Graphic Design,Toptal,Expert,UK,Crypto,250,6523.0,71.24,90.64,4.78,42,Fixed,51.16,206,26.092,155.3095238095238,31.51207729468599,3,79.13333333333334,3,1.8806943336380062,-0.6413273473661748,Trusted Steady Performers
446,Content Writing,Freelancer,Intermediate,Middle East,PayPal,137,8454.0,61.72,97.36,3.69,65,Fixed,34.72,34,61.70802919708029,130.06153846153848,241.54285714285714,2,68.62666666666667,3,0.30896928756167136,1.5264878686270134,Trusted Steady Performers
447,Content Writing,Toptal,Intermediate,USA,PayPal,248,3944.0,51.45,99.3,3.31,60,Hourly,65.98,249,15.903225806451612,65.73333333333333,15.776,2,77.16000000000001,3,1.497288966566327,-1.160255129866835,Trusted Steady Performers
448,SEO,PeoplePerHour,Beginner,Europe,Bank Transfer,298,8082.0,68.25,87.67,3.05,1,Fixed,48.83,70,27.120805369127517,8082.0,113.83098591549296,1,65.83333333333333,3,-0.19082584346371176,0.07605971220787507,Trusted Steady Performers
449,App Development,Fiverr,Intermediate,Asia,Mobile Banking,42,3013.0,40.28,68.81,4.29,59,Fixed,67.82,412,71.73809523809524,51.067796610169495,7.295399515738499,2,74.14333333333333,3,1.2252427015875864,-0.4000463850359639,Trusted Steady Performers
450,Web Development,Upwork,Expert,Europe,PayPal,60,3092.0,94.73,54.18,4.27,4,Fixed,54.2,363,51.53333333333333,773.0,8.494505494505495,3,64.59333333333332,1,-0.0967521434745619,-0.2933579146825223,Balanced Mid-Tier Freelancers
451,Customer Support,Freelancer,Expert,Middle East,Crypto,52,7023.0,72.02,88.86,3.68,14,Hourly,64.91,309,135.05769230769232,501.64285714285717,22.65483870967742,3,75.78999999999999,2,1.7207523698160552,0.6683467527525649,Premium Specialists
452,App Development,Fiverr,Intermediate,USA,PayPal,109,7189.0,76.65,77.92,3.14,18,Fixed,51.9,469,65.95412844036697,399.3888888888889,15.295744680851064,2,64.20666666666666,1,-0.15763739969979826,-0.057756967166820085,Balanced Mid-Tier Freelancers
453,Customer Support,Upwork,Expert,Australia,PayPal,63,6980.0,28.03,71.21,3.82,34,Hourly,38.99,278,110.7936507936508,205.2941176470588,25.017921146953405,3,62.20000000000001,1,-0.49970284909198653,0.7898742023620906,Balanced Mid-Tier Freelancers
454,Data Entry,Upwork,Expert,Europe,Bank Transfer,81,1782.0,21.02,95.32,3.62,1,Fixed,77.06,151,22.0,1782.0,11.723684210526315,3,81.59333333333332,3,2.372159000983206,-0.39612164927086085,Trusted Steady Performers
455,Graphic Design,Upwork,Beginner,Australia,Crypto,222,7920.0,42.46,55.56,4.35,53,Fixed,47.88,226,35.67567567567568,149.43396226415095,34.88986784140969,1,63.48,1,-0.6170905834506858,-0.1703826333933483,Balanced Mid-Tier Freelancers
456,Customer Support,Fiverr,Expert,Europe,Crypto,59,5390.0,77.83,74.63,4.21,22,Fixed,52.36,242,91.35593220338983,245.0,22.181069958847736,3,70.39666666666666,3,0.8004867895184444,0.4337840899099923,Trusted Steady Performers
457,Customer Support,Freelancer,Intermediate,Australia,Mobile Banking,59,5161.0,94.19,50.57,3.73,80,Fixed,25.43,9,87.47457627118644,64.5125,516.1,2,50.199999999999996,0,-2.555138122920281,2.59299766976597,Balanced Mid-Tier Freelancers
458,SEO,Freelancer,Intermediate,Asia,Crypto,133,3131.0,45.6,73.43,3.44,61,Fixed,53.8,316,23.541353383458645,51.32786885245902,9.876971608832807,2,65.34333333333335,1,-0.2323731877476053,-0.6713610113370873,Balanced Mid-Tier Freelancers
459,Digital Marketing,Upwork,Expert,Europe,PayPal,89,7852.0,78.54,52.82,4.98,22,Hourly,50.01,391,88.2247191011236,356.90909090909093,20.03061224489796,3,67.47666666666667,2,0.33383382792925714,0.2849329228613184,Premium Specialists
460,Data Entry,Fiverr,Intermediate,Australia,Crypto,218,9512.0,49.69,55.94,3.91,50,Fixed,22.94,47,43.63302752293578,190.24,198.16666666666666,2,52.35999999999999,1,-2.29598456602094,1.1874974691235267,Balanced Mid-Tier Freelancers
461,Web Development,Upwork,Beginner,Middle East,Crypto,119,7577.0,33.05,55.88,4.38,16,Fixed,14.17,111,63.67226890756302,473.5625,67.65178571428571,1,52.54999999999999,1,-2.1279587782602745,1.036200308878122,Balanced Mid-Tier Freelancers
462,Content Writing,Toptal,Expert,UK,PayPal,297,4918.0,75.23,82.46,3.28,28,Fixed,52.31,203,16.55892255892256,175.64285714285714,24.107843137254903,3,66.79,3,-0.03869893214112502,-1.0018062212103955,Trusted Steady Performers
463,Graphic Design,Freelancer,Expert,Australia,Bank Transfer,53,1579.0,80.83,87.3,3.97,86,Fixed,63.46,476,29.79245283018868,18.36046511627907,3.310272536687631,3,76.72,3,1.6408440303478207,-0.9733382542567586,Trusted Steady Performers
464,Data Entry,PeoplePerHour,Expert,UK,Mobile Banking,71,1131.0,24.27,79.17,3.06,70,Hourly,46.64,381,15.929577464788732,16.15714285714286,2.9607329842931938,3,62.336666666666666,1,-0.6466973863754241,-0.7260306340517643,Balanced Mid-Tier Freelancers
465,Digital Marketing,Upwork,Intermediate,UK,Mobile Banking,279,8044.0,33.99,98.11,4.01,89,Fixed,25.87,156,28.831541218637994,90.38202247191012,51.23566878980892,2,68.06,3,0.04241091948276063,-0.20976487316919568,Trusted Steady Performers
466,Customer Support,Toptal,Intermediate,USA,Bank Transfer,133,3581.0,52.0,68.74,4.93,42,Fixed,56.66,342,26.924812030075188,85.26190476190476,10.440233236151604,2,74.66666666666666,3,1.219422886172325,-0.7800803758005804,Trusted Steady Performers
467,Web Development,Freelancer,Expert,Asia,PayPal,33,9393.0,22.72,64.29,3.77,66,Fixed,15.61,25,284.6363636363636,142.3181818181818,361.2692307692308,3,51.76666666666667,0,-2.0767993604468753,3.62858962834409,Balanced Mid-Tier Freelancers
468,Customer Support,Fiverr,Intermediate,Middle East,Mobile Banking,37,9937.02,93.24,93.43,3.08,71,Fixed,40.93,420,268.5681081081081,139.95802816901409,23.603372921615204,2,65.32000000000001,2,0.2198499391405301,1.5648241475005462,Premium Specialists
469,Web Development,Freelancer,Intermediate,UK,Bank Transfer,123,766.0,61.18,61.18,3.06,81,Hourly,21.44,479,6.227642276422764,9.45679012345679,1.5958333333333334,2,47.94,1,-2.899503696533637,-1.1085973281294432,Balanced Mid-Tier Freelancers
470,SEO,Fiverr,Expert,Canada,Bank Transfer,184,6279.0,16.51,98.16,3.78,35,Hourly,22.91,307,34.125,179.4,20.386363636363637,3,65.55666666666666,1,-0.12999969777886594,-0.22836330544762987,Balanced Mid-Tier Freelancers
471,Customer Support,Fiverr,Expert,Asia,Bank Transfer,155,254.0,22.48,50.61,3.32,20,Fixed,24.16,165,1.6387096774193548,12.7,1.5301204819277108,3,47.056666666666665,1,-3.0691712792751966,-0.66266352341739,Balanced Mid-Tier Freelancers
472,Data Entry,Upwork,Intermediate,UK,Mobile Banking,137,6834.0,95.66,98.49,3.05,2,Fixed,37.07,248,49.88321167883212,3417.0,27.44578313253012,2,65.52,1,0.05248015011864939,0.2531112957085469,Balanced Mid-Tier Freelancers
473,Digital Marketing,Upwork,Expert,Australia,Mobile Banking,189,4144.0,75.13,52.16,4.51,7,Fixed,13.58,261,21.925925925925927,592.0,15.816793893129772,3,51.98,1,-2.1942586807050914,-0.4278539240746328,Balanced Mid-Tier Freelancers
474,Web Development,Freelancer,Expert,UK,Mobile Banking,138,5532.0,74.77,94.56,3.92,49,Fixed,37.85,263,40.08695652173913,112.89795918367346,20.954545454545453,3,70.27,3,0.6616591828089198,-0.13251167240242717,Trusted Steady Performers
475,Graphic Design,Toptal,Expert,Australia,Mobile Banking,181,5790.0,11.89,76.39,3.58,83,Fixed,45.82,16,31.988950276243095,69.75903614457832,340.5882352941176,3,64.60333333333334,0,-0.5288500387654362,1.1419659412372747,Balanced Mid-Tier Freelancers
476,Web Development,Freelancer,Expert,Australia,Crypto,26,9574.0,90.05,99.65,4.8,76,Hourly,43.83,75,368.2307692307692,125.97368421052632,125.97368421052632,3,79.82666666666667,2,2.443070667692408,2.765774675748843,Premium Specialists
477,Digital Marketing,PeoplePerHour,Intermediate,Canada,Bank Transfer,245,7269.0,47.15,53.69,3.23,9,Hourly,36.79,445,29.66938775510204,807.6666666666666,16.298206278026907,2,51.693333333333335,1,-2.2847992269603448,-0.6711776728422323,Balanced Mid-Tier Freelancers
478,Content Writing,Fiverr,Expert,UK,Crypto,81,6204.0,67.67,77.69,4.91,27,Fixed,68.74,469,76.5925925925926,229.77777777777777,13.2,3,81.54333333333334,3,2.4863723702194793,-0.29817355695852077,Trusted Steady Performers
479,Content Writing,Fiverr,Beginner,UK,Bank Transfer,208,4892.0,96.17,98.47,3.63,78,Fixed,20.17,253,23.51923076923077,62.717948717948715,19.25984251968504,1,63.74666666666667,1,-0.4770221989424872,-0.5390323063672342,Balanced Mid-Tier Freelancers
480,SEO,Upwork,Expert,Europe,Mobile Banking,8,8153.0,14.5,76.15,4.78,2,Fixed,45.4,205,1019.125,4076.5,39.577669902912625,3,72.38333333333334,2,1.8604432098393522,4.696018419395553,Premium Specialists
481,Data Entry,Toptal,Beginner,Asia,Mobile Banking,169,9479.0,50.82,81.47,4.21,85,Hourly,14.34,33,56.0887573964497,111.51764705882353,278.79411764705884,1,60.00333333333334,1,-1.135742312815221,1.703913055724908,Balanced Mid-Tier Freelancers
482,Digital Marketing,Upwork,Expert,Europe,Crypto,132,2068.0,9.71,84.79,4.65,68,Fixed,14.98,146,15.666666666666666,30.41176470588235,14.068027210884354,3,64.25666666666667,1,-0.4539463953627101,-0.33122871831737744,Balanced Mid-Tier Freelancers
483,SEO,PeoplePerHour,Beginner,USA,PayPal,49,5101.0,52.46,72.73,4.97,60,Fixed,50.17,325,104.10204081632654,85.01666666666667,15.64723926380368,1,74.10000000000001,3,1.2373818604018234,0.21733145329321102,Trusted Steady Performers
484,App Development,Freelancer,Beginner,Australia,Mobile Banking,222,8759.0,28.96,81.38,3.58,85,Hourly,49.62,337,39.45495495495496,103.04705882352941,25.914201183431953,1,67.53333333333333,3,0.008888645247468515,-0.31110459373702315,Trusted Steady Performers
485,Web Development,Freelancer,Expert,Canada,PayPal,239,7885.0,91.55,79.22,4.92,86,Hourly,71.46,227,32.99163179916318,91.68604651162791,34.583333333333336,3,83.02666666666666,3,2.428832258534327,-0.5921501844509122,Trusted Steady Performers
486,App Development,Toptal,Expert,Europe,Bank Transfer,140,1488.0,42.86,95.06,3.78,49,Fixed,49.05,117,10.628571428571428,30.367346938775512,12.610169491525424,3,73.23666666666666,3,0.9803996659053005,-0.5934965781953385,Trusted Steady Performers
487,Web Development,Upwork,Expert,UK,Crypto,172,4136.0,65.22,52.27,3.77,2,Fixed,77.19,164,24.046511627906977,2068.0,25.066666666666666,3,68.28666666666668,3,0.2660271411967594,-0.4765401963189758,Trusted Steady Performers
488,Content Writing,Upwork,Beginner,USA,PayPal,241,5177.0,86.73,64.05,3.68,17,Fixed,13.41,37,21.481327800829874,304.52941176470586,136.23684210526315,1,50.353333333333325,1,-2.572624467099078,0.29820453605714353,Balanced Mid-Tier Freelancers
489,SEO,PeoplePerHour,Intermediate,Canada,PayPal,97,2102.0,98.45,97.52,4.08,83,Fixed,16.86,398,21.670103092783506,25.325301204819276,5.268170426065163,2,65.32666666666667,1,-0.11511834590042372,-0.7082677118460634,Balanced Mid-Tier Freelancers
490,Content Writing,Freelancer,Intermediate,Middle East,Mobile Banking,9,7579.0,52.86,94.51,3.31,88,Hourly,13.08,357,842.1111111111111,86.125,21.170391061452513,2,57.93000000000001,2,-0.5268212186164993,3.8053928490234803,Premium Specialists
491,Graphic Design,Upwork,Expert,UK,PayPal,160,7197.0,48.3,72.78,4.11,20,Hourly,22.97,295,44.98125,359.85,24.31418918918919,3,59.31666666666667,1,-1.0206040194564239,0.1197902469216368,Balanced Mid-Tier Freelancers
492,App Development,Toptal,Intermediate,UK,PayPal,249,4418.0,12.2,81.01,4.08,76,Fixed,47.89,136,17.7429718875502,58.13157894736842,32.24817518248175,2,70.16666666666667,3,0.30374634736659667,-0.7186394025864331,Trusted Steady Performers
493,App Development,Freelancer,Intermediate,Middle East,Bank Transfer,85,4567.0,6.2347,63.87,4.52,89,Hourly,55.19,308,53.72941176470588,51.31460674157304,14.779935275080906,2,69.82,3,0.40437097653799886,-0.17949468236076224,Trusted Steady Performers
494,Content Writing,PeoplePerHour,Expert,Australia,Crypto,251,2362.0,62.84,59.41,4.67,87,Fixed,13.19,245,9.410358565737052,27.149425287356323,9.601626016260163,3,55.333333333333336,1,-1.9142402883826612,-1.1359186477955723,Balanced Mid-Tier Freelancers
495,Graphic Design,Toptal,Beginner,Australia,Mobile Banking,141,5627.0,11.22,73.18,3.88,32,Hourly,76.22,197,39.90780141843972,175.84375,28.41919191919192,1,75.66666666666667,3,1.3109243355802094,-0.163486507869959,Trusted Steady Performers
496,Web Development,Fiverr,Expert,Europe,Mobile Banking,67,9023.0,41.14,67.67,3.6,51,Fixed,68.95,373,134.67164179104478,176.92156862745097,24.12566844919786,3,69.54,2,0.6428229459649132,0.7371880840742775,Premium Specialists
497,SEO,PeoplePerHour,Intermediate,Europe,PayPal,120,1294.0,6.2347,79.18,3.52,88,Fixed,30.76,65,10.783333333333333,14.704545454545455,19.606060606060606,2,60.11333333333332,1,-1.1718465389832382,-0.23121813095141217,Balanced Mid-Tier Freelancers
498,Graphic Design,Toptal,Beginner,UK,Bank Transfer,117,2466.0,63.45,53.89,3.39,42,Hourly,15.4,79,21.076923076923077,58.714285714285715,30.825,1,45.696666666666665,1,-3.251710720782894,0.17683183901849658,Balanced Mid-Tier Freelancers
499,SEO,Upwork,Intermediate,Asia,PayPal,35,6540.0,45.41,98.72,3.12,63,Hourly,21.89,51,186.85714285714286,103.80952380952381,125.76923076923077,2,61.00333333333333,2,-0.6537335823642836,2.017395576236684,Premium Specialists
500,App Development,Fiverr,Beginner,UK,PayPal,11,6218.0,17.07,99.31,3.68,89,Hourly,18.89,128,565.2727272727273,69.86516853932584,48.201550387596896,1,63.93333333333334,2,0.033136725900865055,3.0556821420910847,Premium Specialists
501,SEO,PeoplePerHour,Intermediate,Europe,Mobile Banking,7,9217.0,33.15,84.91,3.54,61,Hourly,18.63,413,1316.7142857142858,151.0983606557377,22.26328502415459,2,58.11333333333332,2,-0.0920518774162947,5.6879145075082365,Premium Specialists
502,App Development,Upwork,Expert,Middle East,PayPal,247,5889.0,59.12,76.8,4.93,62,Hourly,46.3,379,23.842105263157894,94.98387096774194,15.49736842105263,3,73.89999999999999,3,1.0385938351890085,-1.089930488019854,Trusted Steady Performers
503,Graphic Design,Fiverr,Intermediate,Europe,PayPal,60,8658.0,67.39,65.48,4.12,3,Fixed,27.21,367,144.3,2886.0,23.527173913043477,2,58.36333333333334,2,-0.9501784552118281,1.052343817826004,Premium Specialists
504,App Development,Freelancer,Intermediate,UK,Bank Transfer,77,8456.0,48.92,90.69,3.69,89,Fixed,35.07,480,109.81818181818181,95.01123595505618,17.58004158004158,2,66.52,2,0.1378714965837114,0.41446536198014866,Premium Specialists
505,Customer Support,Upwork,Beginner,Canada,Mobile Banking,14,9377.0,81.38,84.24,4.16,76,Hourly,79.27,5,669.7857142857143,123.38157894736842,1562.8333333333333,1,82.23666666666666,0,2.653461433675904,8.329808628463562,Balanced Mid-Tier Freelancers
506,Data Entry,Toptal,Intermediate,UK,Crypto,65,7147.0,15.68,58.13,3.28,26,Fixed,57.9,166,109.95384615384616,274.88461538461536,42.796407185628745,2,60.54333333333333,1,-0.8298091013676936,1.0341050552006774,Balanced Mid-Tier Freelancers
507,App Development,PeoplePerHour,Expert,Canada,Bank Transfer,54,5059.0,13.03,95.55,3.89,48,Fixed,76.43,15,93.68518518518519,105.39583333333333,316.1875,3,83.26,3,2.5605325192681643,1.6141356081967522,Trusted Steady Performers
508,Content Writing,Fiverr,Expert,Canada,Bank Transfer,126,1632.0,9.2,91.13,4.25,8,Fixed,19.98,144,12.952380952380953,204.0,11.255172413793103,3,65.36999999999999,1,-0.16986891115814226,-0.32258391314034146,Balanced Mid-Tier Freelancers
509,Graphic Design,Upwork,Expert,UK,Bank Transfer,179,8974.0,55.9,97.49,3.98,5,Fixed,36.75,111,50.134078212290504,1794.8,80.125,3,71.28,3,0.8349358880481706,0.7100544200756406,Trusted Steady Performers
510,Customer Support,Freelancer,Beginner,Asia,Mobile Banking,5,7926.0,72.09,86.29,3.8,11,Hourly,48.83,367,1585.2,720.5454545454545,21.53804347826087,1,70.37333333333333,2,2.0723923436800047,6.39496453385021,Premium Specialists
511,Web Development,PeoplePerHour,Beginner,Asia,PayPal,42,2477.0,17.4,80.67,4.99,42,Fixed,15.37,101,58.976190476190474,58.976190476190474,24.284313725490197,1,65.28,1,-0.19111228719035434,0.467914353183468,Balanced Mid-Tier Freelancers
512,SEO,PeoplePerHour,Intermediate,USA,Crypto,194,5771.0,65.7,70.91,4.76,41,Fixed,10.29,81,29.74742268041237,140.7560975609756,70.3780487804878,2,58.79999999999999,1,-1.2472410090602728,0.26224411533985814,Balanced Mid-Tier Freelancers
513,Customer Support,Upwork,Intermediate,Europe,Mobile Banking,83,8473.0,50.31,96.64,4.25,19,Fixed,56.93,405,102.08433734939759,445.94736842105266,20.86945812807882,2,79.52333333333333,3,2.212962590747193,0.3738543120826559,Trusted Steady Performers
514,Digital Marketing,Freelancer,Intermediate,Asia,PayPal,194,4980.0,98.8,93.3,4.14,48,Fixed,54.93,469,25.670103092783506,103.75,10.595744680851064,2,77.01,3,1.6539521724612565,-1.1585743898719314,Trusted Steady Performers
515,Customer Support,Fiverr,Beginner,Australia,Bank Transfer,188,4403.0,73.16,52.26,4.24,53,Hourly,38.76,98,23.420212765957448,83.0754716981132,44.474747474747474,1,58.60666666666666,1,-1.3558766106284184,-0.17023265369960103,Balanced Mid-Tier Freelancers
516,Graphic Design,Upwork,Beginner,UK,Mobile Banking,71,7882.0,67.46,51.32,3.4,55,Fixed,44.28,158,111.01408450704226,143.3090909090909,49.57232704402516,1,54.53333333333333,1,-1.7603060420781467,1.1839964497488722,Balanced Mid-Tier Freelancers
517,Customer Support,Fiverr,Intermediate,Canada,PayPal,21,5425.0,59.19,68.82,3.79,61,Fixed,39.08,39,258.3333333333333,88.93442622950819,135.625,2,61.23333333333333,2,-0.6040362407544222,2.1262335200291593,Premium Specialists
518,Customer Support,PeoplePerHour,Beginner,UK,Crypto,213,452.0,98.8151,90.53,3.08,32,Fixed,11.68,154,2.1220657276995305,14.125,2.9161290322580644,1,54.60333333333333,1,-1.8713850794231055,-0.9362863733608624,Balanced Mid-Tier Freelancers
519,Content Writing,Fiverr,Beginner,Europe,Crypto,45,6617.0,98.14,99.36,3.95,46,Hourly,33.48,35,147.04444444444445,143.84782608695653,183.80555555555554,1,70.61333333333333,2,0.8181599268418855,1.8674812160011283,Premium Specialists
520,App Development,Freelancer,Expert,Middle East,PayPal,119,4915.0,56.12,57.52,4.09,36,Hourly,22.4,380,41.30252100840336,136.52777777777777,12.9002624671916,3,53.906666666666666,1,-1.856319779423735,-0.18829217833784434,Balanced Mid-Tier Freelancers
521,SEO,Toptal,Expert,Asia,Mobile Banking,104,8196.0,48.24,79.71,3.46,18,Fixed,16.89,246,78.8076923076923,455.3333333333333,33.18218623481781,3,55.26666666666665,1,-1.53551026767871,0.8950026878467335,Balanced Mid-Tier Freelancers
522,Data Entry,Freelancer,Intermediate,Asia,Bank Transfer,143,119.96000000000001,48.9,69.04,4.93,74,Fixed,76.97,5,0.8388811188811189,1.6210810810810812,19.993333333333336,2,81.53666666666666,3,2.074530816372798,-0.8710248008820536,Trusted Steady Performers
523,Web Development,Fiverr,Intermediate,Asia,PayPal,298,2287.0,45.69,98.5,4.82,18,Hourly,51.96,495,7.674496644295302,127.05555555555556,4.610887096774194,2,82.28666666666668,3,2.3100952645334734,-2.2087038097186187,Trusted Steady Performers
524,Data Entry,Upwork,Expert,Canada,Bank Transfer,21,7820.0,55.48,92.11,4.44,12,Fixed,61.01,373,372.3809523809524,651.6666666666666,20.90909090909091,3,80.64,2,2.68006420090922,1.6460382872372594,Premium Specialists
525,Customer Support,PeoplePerHour,Beginner,Australia,Crypto,296,9191.0,30.99,91.92,4.07,72,Hourly,32.08,452,31.050675675675677,127.65277777777777,20.28918322295806,1,68.46666666666665,3,0.14539932971463718,-0.849939995673648,Trusted Steady Performers
526,Digital Marketing,Toptal,Intermediate,Australia,PayPal,78,222.0,93.04,73.43,4.74,46,Fixed,37.52,280,2.8461538461538463,4.826086956521739,0.7900355871886121,2,68.58333333333334,3,0.3486342087096533,-0.8321420356100935,Trusted Steady Performers
527,Graphic Design,Upwork,Intermediate,Asia,Crypto,267,7985.0,51.57,70.74,3.26,55,Fixed,26.58,350,29.906367041198504,145.1818181818182,22.74928774928775,2,54.173333333333325,1,-1.9797435205926386,-0.4877393743424829,Balanced Mid-Tier Freelancers
528,SEO,Upwork,Intermediate,Australia,Bank Transfer,20,2725.0,84.99,63.67,4.58,38,Hourly,16.79,333,136.25,71.71052631578948,8.158682634730539,2,57.35333333333333,1,-1.172699511667483,0.42000943599312385,Balanced Mid-Tier Freelancers
529,Graphic Design,Freelancer,Beginner,Middle East,Bank Transfer,18,9492.0,50.15,52.82,3.25,78,Fixed,22.53,413,527.3333333333334,121.6923076923077,22.92753623188406,1,46.78333333333333,2,-2.5428617706204864,2.7764310440802786,Premium Specialists
530,Content Writing,Fiverr,Expert,Asia,PayPal,285,4055.0,73.24,93.24,4.59,2,Fixed,65.83,430,14.228070175438596,2027.5,9.408352668213457,3,83.62333333333333,3,2.6139995372463267,-1.7831970971871938,Trusted Steady Performers
531,Graphic Design,Freelancer,Intermediate,USA,PayPal,8,6594.0,37.0,90.65,3.55,9,Fixed,57.43,248,824.25,732.6666666666666,26.481927710843372,2,73.02666666666667,2,1.8196677688890073,3.6084085687697134,Premium Specialists
532,Web Development,Fiverr,Expert,Canada,PayPal,131,8879.0,64.36,99.99,4.75,5,Hourly,48.29,11,67.77862595419847,1775.8,739.9166666666666,3,81.09333333333333,0,2.2392501232605646,3.0901288019668374,Balanced Mid-Tier Freelancers
533,Digital Marketing,Freelancer,Expert,Middle East,Crypto,10,998.0,52.35,99.83,4.89,19,Hourly,43.26,282,99.8,52.526315789473685,3.5265017667844525,3,80.29666666666667,3,2.3417559427047623,-0.05893022446457254,Trusted Steady Performers
534,Data Entry,Upwork,Beginner,Canada,Bank Transfer,133,1744.0,39.88,77.77,3.3,71,Fixed,74.57,428,13.112781954887218,24.56338028169014,4.065268065268065,1,72.77999999999999,3,0.8491913772701309,-1.3012924772897652,Trusted Steady Performers
535,Customer Support,PeoplePerHour,Beginner,Asia,Bank Transfer,236,4807.0,88.75,88.45,3.93,39,Fixed,15.09,215,20.36864406779661,123.25641025641026,22.25462962962963,1,60.71333333333334,1,-0.9362272069368763,-0.5506736381948453,Balanced Mid-Tier Freelancers
536,Customer Support,Fiverr,Beginner,Middle East,Crypto,199,6332.0,15.71,97.24,4.96,42,Fixed,29.64,318,31.819095477386934,150.76190476190476,19.849529780564264,1,75.36,3,1.2708884337301134,-0.5026957333917206,Trusted Steady Performers
537,Digital Marketing,Toptal,Beginner,Asia,PayPal,69,192.0,51.26,92.48,3.97,17,Fixed,34.5,310,2.782608695652174,11.294117647058824,0.617363344051447,1,68.79333333333334,3,0.40219799379130766,-0.7490307904233509,Trusted Steady Performers
538,SEO,Toptal,Beginner,Middle East,Mobile Banking,107,6051.0,23.47,62.37,4.73,63,Hourly,64.77,413,56.55140186915888,96.04761904761905,14.615942028985508,1,73.91333333333334,3,1.0760214235220327,-0.3616058819538842,Trusted Steady Performers
539,Graphic Design,Upwork,Beginner,Asia,PayPal,281,6702.0,86.8,72.53,4.18,46,Hourly,79.48,81,23.85053380782918,145.69565217391303,81.73170731707317,1,78.53666666666668,3,1.6534408529673417,-0.5071361574923006,Trusted Steady Performers
540,SEO,Freelancer,Intermediate,USA,Mobile Banking,162,4631.0,29.08,56.46,3.75,20,Hourly,26.85,13,28.58641975308642,231.55,330.7857142857143,2,52.77,1,-2.248144920382122,1.2538215129606634,Balanced Mid-Tier Freelancers
541,Data Entry,Freelancer,Expert,Canada,Mobile Banking,228,5137.0,65.18,97.7,3.57,70,Fixed,71.2,55,22.530701754385966,73.38571428571429,91.73214285714286,3,80.10000000000001,3,1.9514427199544762,-0.30832799904325725,Trusted Steady Performers
542,SEO,Upwork,Beginner,Middle East,Crypto,293,1510.0,20.73,80.31,3.41,8,Fixed,68.14,402,5.15358361774744,188.75,3.7468982630272953,1,72.21666666666665,3,0.687919091699222,-2.0427873811843815,Trusted Steady Performers
543,Content Writing,Toptal,Intermediate,USA,Bank Transfer,282,3937.0,43.47,61.43,4.52,19,Hourly,25.73,341,13.960992907801419,207.21052631578948,11.511695906432749,2,59.18666666666666,1,-1.2558498375890879,-1.2540265115589802,Balanced Mid-Tier Freelancers
544,Digital Marketing,Toptal,Expert,UK,Bank Transfer,186,8534.0,90.44,83.59,3.77,32,Fixed,37.95,281,45.88172043010753,266.6875,30.26241134751773,3,65.64666666666666,1,-0.0202678218640047,0.0910596671929882,Balanced Mid-Tier Freelancers
545,Data Entry,Freelancer,Beginner,Asia,Bank Transfer,8,9885.0,20.78,80.91,4.02,19,Fixed,38.68,198,1235.625,520.2631578947369,49.67336683417086,1,66.66333333333334,2,1.1194514241653974,5.863110913039351,Premium Specialists
546,Data Entry,Fiverr,Beginner,Europe,Bank Transfer,219,887.0,68.0,67.91,3.98,24,Hourly,78.48,347,4.050228310502283,36.958333333333336,2.5488505747126435,1,75.33,3,1.221624268395943,-1.779694159358959,Trusted Steady Performers
547,App Development,PeoplePerHour,Intermediate,Middle East,Crypto,221,9279.0,24.43,55.68,4.15,24,Fixed,22.66,165,41.98642533936651,386.625,55.897590361445786,2,53.78,1,-2.02704395861397,0.47464507268797035,Balanced Mid-Tier Freelancers
548,Data Entry,Fiverr,Expert,Australia,Mobile Banking,213,5896.0,44.5,83.58,4.73,56,Hourly,65.94,452,27.68075117370892,105.28571428571429,13.015452538631347,3,81.37333333333333,3,2.2221428760890585,-1.1724526357232063,Trusted Steady Performers
549,App Development,Toptal,Beginner,USA,Bank Transfer,78,8513.0,56.36,76.02,4.96,81,Fixed,33.39,291,109.14102564102564,105.09876543209876,29.154109589041095,1,69.53666666666668,2,0.5241046202232983,0.7569003084003377,Premium Specialists
550,Web Development,Fiverr,Expert,USA,Mobile Banking,231,2419.0,59.84,88.62,3.82,18,Fixed,61.16,145,10.471861471861471,134.38888888888889,16.568493150684933,3,75.39333333333333,3,1.2960437739361987,-1.0378240027348438,Trusted Steady Performers
551,Customer Support,PeoplePerHour,Intermediate,Middle East,Crypto,97,9047.0,62.24,76.01,4.66,12,Fixed,39.4,440,93.26804123711341,753.9166666666666,20.514739229024944,2,69.53666666666668,2,0.6795596482782146,0.40270356570144,Premium Specialists
552,App Development,Fiverr,Beginner,USA,PayPal,69,3224.0,65.81,92.61,4.53,41,Fixed,50.49,77,46.72463768115942,78.63414634146342,41.333333333333336,1,77.9,3,1.772164507975899,0.23549177067020002,Trusted Steady Performers
553,Digital Marketing,Fiverr,Expert,UK,Crypto,14,6035.0,30.82,77.6,4.15,87,Fixed,68.28,111,431.07142857142856,69.36781609195403,53.88392857142857,3,76.29333333333334,2,1.8143288029489169,2.2239962662548307,Premium Specialists
554,SEO,Fiverr,Intermediate,USA,Bank Transfer,282,932.0,43.13,78.05,4.91,48,Hourly,66.29,22,3.3049645390070923,19.416666666666668,40.52173913043478,2,80.84666666666668,3,1.9030838985035925,-1.3578053081445531,Trusted Steady Performers
555,App Development,Fiverr,Intermediate,Europe,PayPal,90,9073.0,8.55,93.83,3.4,82,Hourly,70.65,374,100.81111111111112,110.64634146341463,24.194666666666667,2,77.49333333333333,3,1.7284922245937049,0.4311996116292502,Trusted Steady Performers
556,Data Entry,Upwork,Beginner,Europe,Crypto,30,3221.0,78.03,70.17,3.22,64,Fixed,14.17,115,107.36666666666666,50.328125,27.767241379310345,1,49.57999999999999,1,-2.4837964304761626,0.9362700205320502,Balanced Mid-Tier Freelancers
557,Digital Marketing,Toptal,Expert,Asia,Crypto,222,2090.0,84.52,56.7,4.71,16,Fixed,58.44,141,9.414414414414415,130.625,14.71830985915493,3,69.77999999999999,3,0.4212157685928935,-1.0488834207947695,Trusted Steady Performers
558,App Development,PeoplePerHour,Beginner,Asia,Mobile Banking,99,6782.0,23.93,51.44,3.88,80,Hourly,19.8,479,68.5050505050505,84.775,14.129166666666666,1,49.613333333333344,1,-2.612841731731508,0.0896290865869662,Balanced Mid-Tier Freelancers
559,App Development,Toptal,Beginner,Australia,Crypto,248,9836.0,24.14,87.76,4.69,23,Hourly,39.11,196,39.66129032258065,427.6521739130435,49.92893401015228,1,73.55666666666667,3,0.9890288843881931,0.08883007305674195,Trusted Steady Performers
560,Data Entry,Upwork,Expert,UK,PayPal,111,6422.0,8.99,81.02,4.79,86,Fixed,48.4,277,57.85585585585586,74.67441860465117,23.100719424460433,3,75.07333333333334,3,1.2583279829740062,0.04090687948134373,Trusted Steady Performers
561,Content Writing,Upwork,Expert,Europe,Crypto,252,9868.0,97.19,85.2,3.12,39,Hourly,38.19,27,39.15873015873016,253.02564102564102,352.42857142857144,3,61.93,0,-0.7475805770752773,1.4603451525871072,Balanced Mid-Tier Freelancers
562,Content Writing,Upwork,Expert,Middle East,Bank Transfer,18,6035.0,81.68,60.65,4.77,33,Hourly,46.37,298,335.27777777777777,182.87878787878788,20.183946488294314,3,67.47333333333333,2,0.5656146005301017,1.5260805858768027,Premium Specialists
563,App Development,Upwork,Intermediate,Canada,Mobile Banking,165,7612.0,39.27,56.82,3.9,24,Hourly,79.76,75,46.13333333333333,317.1666666666667,100.15789473684211,2,71.52666666666666,3,0.6935481705178366,0.48233084828091183,Trusted Steady Performers
564,Content Writing,Fiverr,Intermediate,Canada,PayPal,75,5950.0,50.78,50.73,4.02,61,Fixed,19.47,17,79.33333333333333,97.54098360655738,330.55555555555554,2,50.199999999999996,1,-2.5541828322627245,2.055565807086486,Balanced Mid-Tier Freelancers
565,Graphic Design,Toptal,Expert,Canada,PayPal,156,8015.0,32.74,67.53,4.25,55,Hourly,57.28,99,51.37820512820513,145.72727272727272,80.15,3,69.93666666666667,3,0.4639062670380281,0.5743663973218601,Trusted Steady Performers
566,Data Entry,Freelancer,Intermediate,Asia,Crypto,79,5366.0,61.74,79.5,4.85,61,Hourly,37.72,478,67.92405063291139,87.9672131147541,11.20250521920668,2,71.40666666666667,3,0.8538691436481222,-0.27671439680242305,Trusted Steady Performers
567,Graphic Design,PeoplePerHour,Beginner,Middle East,Bank Transfer,219,8515.0,73.14,69.61,3.04,84,Hourly,19.31,460,38.881278538812786,101.36904761904762,18.470715835140997,1,49.906666666666666,1,-2.596504341999697,-0.33770364993780555,Balanced Mid-Tier Freelancers
568,Digital Marketing,Upwork,Expert,USA,Mobile Banking,55,639.0,47.5,71.87,3.95,40,Hourly,21.11,467,11.618181818181819,15.975,1.3653846153846154,3,57.326666666666675,1,-1.3147815405167183,-0.7744593369795353,Balanced Mid-Tier Freelancers
569,Graphic Design,Toptal,Beginner,Middle East,PayPal,147,8824.0,87.99,95.21,4.38,58,Fixed,76.45,123,60.02721088435374,152.13793103448276,71.16129032258064,1,86.42,3,3.0588584706428628,0.4492013043067853,Trusted Steady Performers
570,Digital Marketing,Upwork,Expert,USA,Mobile Banking,40,5113.0,54.12,67.41,4.45,72,Hourly,71.57,364,127.825,71.01388888888889,14.008219178082191,3,75.99333333333333,3,1.5812066511150014,0.17295086631151937,Trusted Steady Performers
571,App Development,Upwork,Beginner,Canada,Crypto,171,3683.0,18.7,75.7,4.39,74,Hourly,73.49,291,21.538011695906434,49.770270270270274,12.613013698630137,1,78.99666666666667,3,1.714585888886581,-0.9779422338787589,Trusted Steady Performers
572,Digital Marketing,Upwork,Expert,Australia,Bank Transfer,240,2040.0,64.12,89.18,3.27,1,Hourly,79.41,124,8.5,2040.0,16.32,3,77.99666666666667,3,1.7087615770333546,-1.1658509096104364,Trusted Steady Performers
573,Digital Marketing,Upwork,Beginner,Australia,Crypto,264,6565.0,48.91,69.83,3.6,85,Fixed,24.58,6,24.867424242424242,77.23529411764706,937.8571428571429,1,55.46999999999999,0,-2.131511169520346,2.784035799888673,Balanced Mid-Tier Freelancers
574,SEO,Upwork,Expert,USA,Mobile Banking,196,1308.0,93.89,81.1,3.72,25,Fixed,34.88,22,6.673469387755102,52.32,56.869565217391305,3,63.46,1,-0.5009633222326667,-0.46367612174387063,Balanced Mid-Tier Freelancers
575,Graphic Design,PeoplePerHour,Expert,Canada,Crypto,206,2916.0,42.23,93.12,4.61,53,Fixed,56.85,161,14.155339805825243,55.0188679245283,18.0,3,80.72333333333333,3,2.0608197642610615,-0.9323399537888879,Trusted Steady Performers
576,SEO,Toptal,Intermediate,Middle East,Mobile Banking,266,3788.0,43.27,97.48,3.56,61,Hourly,43.87,116,14.240601503759398,62.09836065573771,32.376068376068375,2,70.85000000000001,3,0.48017230463767707,-0.8219375108154587,Trusted Steady Performers
577,App Development,Upwork,Beginner,Australia,PayPal,189,621.0,66.82,57.35,3.42,46,Hourly,39.29,369,3.2857142857142856,13.5,1.6783783783783783,1,55.01333333333333,1,-1.8818470760735515,-1.3834558461868043,Balanced Mid-Tier Freelancers
578,Data Entry,Upwork,Intermediate,USA,PayPal,162,8786.0,55.06,96.33,4.91,74,Hourly,35.05,351,54.23456790123457,118.72972972972973,24.960227272727273,2,76.52666666666666,3,1.5499824675861946,-0.017190949595303106,Trusted Steady Performers
579,Graphic Design,Upwork,Beginner,Middle East,Crypto,250,4272.0,40.57,74.61,3.02,60,Fixed,51.56,20,17.088,71.2,203.42857142857142,1,62.19,1,-0.9341041617638121,0.1006581074707093,Balanced Mid-Tier Freelancers
580,Data Entry,Upwork,Intermediate,Canada,PayPal,114,687.0,98.8151,62.91,5.0,51,Hourly,50.29,251,6.026315789473684,13.470588235294118,2.7261904761904763,2,71.06666666666666,3,0.6686967955407557,-0.9809014758488787,Trusted Steady Performers
581,Data Entry,Fiverr,Expert,UK,Mobile Banking,103,8282.0,33.71,72.96,4.35,73,Hourly,21.3,325,80.40776699029126,113.45205479452055,25.404907975460123,3,60.419999999999995,1,-0.8666432801161841,0.5829332243108492,Balanced Mid-Tier Freelancers
582,Digital Marketing,Fiverr,Intermediate,Canada,PayPal,245,4932.0,31.37,99.0,4.66,84,Fixed,43.02,463,20.13061224489796,58.714285714285715,10.629310344827585,2,78.40666666666667,3,1.6705439088394396,-1.420327988065111,Trusted Steady Performers
583,Customer Support,Freelancer,Intermediate,Asia,Bank Transfer,206,4442.0,87.12,74.63,3.59,48,Hourly,48.74,482,21.563106796116504,92.54166666666667,9.196687370600413,2,65.05666666666667,1,-0.22440852060064345,-1.2049268844128422,Balanced Mid-Tier Freelancers
584,Graphic Design,Upwork,Expert,Canada,Bank Transfer,126,9862.0,6.2347,66.44,3.03,84,Hourly,49.92,430,78.26984126984127,117.4047619047619,22.88167053364269,3,58.98666666666666,1,-1.1408802800185318,0.38842393202156816,Balanced Mid-Tier Freelancers
585,Data Entry,Freelancer,Intermediate,Middle East,Crypto,121,3722.0,24.12,81.67,4.48,40,Fixed,24.71,308,30.760330578512395,93.05,12.045307443365695,2,65.32666666666667,1,-0.1897721377075623,-0.3522966747175614,Balanced Mid-Tier Freelancers
586,Customer Support,PeoplePerHour,Expert,Middle East,Crypto,100,9541.0,61.09,62.01,4.67,7,Fixed,61.96,83,95.41,1363.0,113.58333333333333,3,72.45666666666666,2,1.0470471045145606,1.3526170431195956,Premium Specialists
587,Content Writing,Freelancer,Beginner,Europe,Crypto,238,7307.0,20.43,53.79,4.48,75,Fixed,11.76,361,30.701680672268907,97.42666666666666,20.185082872928177,1,51.71666666666667,1,-2.464961587676819,-0.44307135240457624,Balanced Mid-Tier Freelancers
588,Data Entry,Toptal,Intermediate,Europe,Crypto,71,4761.0,98.65,56.44,3.29,85,Fixed,34.84,40,67.05633802816901,56.01176470588236,116.1219512195122,2,52.35999999999999,1,-2.1622746033968427,1.0577733160755,Balanced Mid-Tier Freelancers
589,Content Writing,Fiverr,Expert,Middle East,Mobile Banking,222,5693.0,49.1,56.4,4.51,19,Fixed,64.61,202,25.644144144144143,299.63157894736844,28.04433497536946,3,70.40333333333332,3,0.5184438948365274,-0.5821761976815322,Trusted Steady Performers
590,Graphic Design,Fiverr,Expert,Middle East,Mobile Banking,19,209.0,61.75,57.6,4.54,15,Hourly,49.47,415,11.0,13.933333333333334,0.5024038461538461,3,65.95666666666666,3,0.04266945169786043,-0.7528404930211842,Trusted Steady Performers
591,App Development,Upwork,Intermediate,UK,Bank Transfer,277,9937.02,20.24,56.94,4.32,70,Fixed,28.28,127,35.873718411552346,141.95742857142858,77.63296875,2,57.20666666666667,1,-1.6540932094324392,0.290747409524699,Balanced Mid-Tier Freelancers
592,SEO,Upwork,Beginner,UK,Mobile Banking,223,5988.0,32.49,82.04,4.53,61,Hourly,58.65,141,26.85201793721973,98.1639344262295,42.16901408450704,1,77.09666666666668,3,1.426137381774863,-0.4290219592774354,Trusted Steady Performers
593,Graphic Design,PeoplePerHour,Intermediate,Canada,PayPal,278,9937.02,63.39,59.09,4.69,56,Hourly,49.72,343,35.744676258992804,177.4467857142857,28.886686046511628,2,67.53666666666668,3,0.040335745137254755,-0.499767974532422,Trusted Steady Performers
594,SEO,PeoplePerHour,Expert,Asia,Bank Transfer,151,630.0,57.21,67.28,4.23,10,Fixed,65.74,491,4.172185430463577,63.0,1.2804878048780488,3,72.54,3,0.9476362935789201,-1.6591587225583777,Trusted Steady Performers
595,SEO,Toptal,Beginner,Australia,Crypto,156,8461.0,79.51,94.84,3.18,46,Fixed,61.45,102,54.23717948717949,183.93478260869566,82.14563106796116,1,73.29666666666667,3,1.0615249439287515,0.6413756588908008,Trusted Steady Performers
596,Graphic Design,Upwork,Intermediate,Asia,Crypto,19,7636.0,30.58,73.7,3.98,80,Hourly,52.71,106,401.89473684210526,95.45,71.3644859813084,2,68.67,2,0.622509773367516,2.5119372519595986,Premium Specialists
597,Data Entry,Upwork,Expert,UK,Mobile Banking,88,4524.0,67.09,83.38,3.16,75,Hourly,44.17,478,51.40909090909091,60.32,9.444676409185805,3,63.583333333333336,1,-0.3404417204862666,-0.41616097530052093,Balanced Mid-Tier Freelancers
598,Web Development,PeoplePerHour,Intermediate,Canada,Bank Transfer,196,9937.02,32.64,58.62,3.82,57,Hourly,19.32,16,50.69908163265306,174.33368421052631,584.5305882352941,2,51.446666666666665,0,-2.517964163984986,2.6722809604781603,Balanced Mid-Tier Freelancers
599,Data Entry,PeoplePerHour,Beginner,Asia,Mobile Banking,45,7123.0,60.74,59.61,3.81,35,Fixed,28.29,24,158.2888888888889,203.5142857142857,284.92,1,54.699999999999996,1,-1.7096886761875578,2.4706123677823277,Balanced Mid-Tier Freelancers
600,Data Entry,PeoplePerHour,Beginner,USA,Mobile Banking,265,9712.0,62.48,52.04,3.13,72,Hourly,39.34,63,36.64905660377359,134.88888888888889,151.75,1,51.326666666666675,1,-2.542526111206621,0.6988629335208081,Balanced Mid-Tier Freelancers
601,App Development,Fiverr,Beginner,Europe,Mobile Banking,140,5109.0,16.57,58.45,3.7,3,Fixed,51.95,456,36.49285714285714,1703.0,11.179431072210066,1,61.46666666666666,1,-0.7670536536982013,-0.5773020689387969,Balanced Mid-Tier Freelancers
602,Digital Marketing,Freelancer,Beginner,Asia,Bank Transfer,282,4378.0,57.12,63.93,3.22,66,Hourly,45.96,341,15.52482269503546,66.33333333333333,12.801169590643275,1,58.09666666666667,1,-1.4984201639457686,-1.2699042890410646,Balanced Mid-Tier Freelancers
603,Digital Marketing,Freelancer,Beginner,Australia,Crypto,110,1444.0,6.2347,58.85,4.62,53,Hourly,30.17,374,13.127272727272727,27.245283018867923,3.8506666666666667,1,60.473333333333336,1,-1.0556109804263927,-0.8511274289683106,Balanced Mid-Tier Freelancers
604,Data Entry,Upwork,Intermediate,Canada,PayPal,11,971.0,52.62,54.44,4.9,78,Hourly,10.45,236,88.27272727272727,12.448717948717949,4.09704641350211,2,54.29666666666666,1,-1.8291955621928857,0.2374713020000859,Balanced Mid-Tier Freelancers
605,Content Writing,Fiverr,Beginner,Asia,Crypto,34,2823.0,71.26,56.03,3.14,52,Fixed,44.74,175,83.02941176470588,54.28846153846154,16.039772727272727,1,54.52333333333333,1,-1.768115661109067,0.44751469932546034,Balanced Mid-Tier Freelancers
606,App Development,PeoplePerHour,Beginner,Middle East,Bank Transfer,130,4512.0,11.92,73.04,4.91,53,Fixed,29.99,290,34.707692307692305,85.13207547169812,15.505154639175258,1,67.07666666666667,1,-0.009574644181263005,-0.30020945238565816,Balanced Mid-Tier Freelancers
607,SEO,Upwork,Expert,USA,Crypto,83,4626.0,94.18,60.32,4.05,54,Hourly,61.42,292,55.734939759036145,85.66666666666667,15.788395904436861,3,67.58,3,0.2631183643467981,-0.11321176175373955,Trusted Steady Performers
608,Customer Support,Fiverr,Beginner,Europe,Crypto,71,3484.0,48.58,68.21,3.6,47,Hourly,11.68,310,49.070422535211264,74.12765957446808,11.202572347266882,1,50.629999999999995,1,-2.3844570050420857,0.11364512750886062,Balanced Mid-Tier Freelancers
609,Digital Marketing,Toptal,Expert,USA,PayPal,27,6783.0,94.15,75.17,3.15,3,Hourly,50.94,400,251.22222222222223,2261.0,16.915211970074814,3,63.03666666666667,2,-0.05569629500642341,1.1691076067907475,Premium Specialists
610,Data Entry,Fiverr,Expert,Canada,Crypto,193,9360.0,15.2,84.52,4.0,65,Fixed,75.9,155,48.49740932642487,144.0,60.0,3,80.14,3,1.9909345289042613,0.23774000534175116,Trusted Steady Performers
611,App Development,Upwork,Expert,UK,Crypto,78,1915.0,95.24,51.97,4.59,15,Fixed,22.21,384,24.55128205128205,127.66666666666667,4.974025974025974,3,55.32666666666666,1,-1.5664272506929164,-0.515796535440181,Balanced Mid-Tier Freelancers
612,Web Development,Freelancer,Intermediate,Europe,Crypto,9,774.0,15.37,89.97,4.41,84,Fixed,43.02,52,86.0,9.214285714285714,14.60377358490566,2,73.73,3,1.0866076476885798,0.37642731757384745,Trusted Steady Performers
613,Content Writing,PeoplePerHour,Intermediate,USA,Mobile Banking,86,761.0,48.84,81.4,3.1,86,Fixed,16.4,72,8.848837209302326,8.848837209302326,10.424657534246576,2,53.26666666666667,1,-2.1134041471773886,-0.05987230115147408,Balanced Mid-Tier Freelancers
614,Graphic Design,Toptal,Expert,UK,Bank Transfer,29,7760.0,94.11,54.09,3.15,34,Fixed,53.8,182,267.58620689655174,228.23529411764707,42.404371584699454,3,56.96333333333333,2,-1.0939086109658585,1.8644848662786673,Premium Specialists
615,Data Entry,Fiverr,Intermediate,Australia,Bank Transfer,268,5130.0,27.11,93.68,3.81,50,Hourly,48.54,368,19.14179104477612,102.6,13.902439024390244,2,72.80666666666666,3,0.8284336750544564,-1.2259329383272948,Trusted Steady Performers
616,App Development,Upwork,Beginner,Canada,PayPal,6,440.0,8.3,96.04,3.59,33,Hourly,38.52,188,73.33333333333333,13.333333333333334,2.328042328042328,1,68.78666666666668,3,0.4207186217554438,0.13334935242777038,Trusted Steady Performers
617,Data Entry,Upwork,Intermediate,Canada,Mobile Banking,282,9312.0,80.35,53.05,3.46,73,Hourly,46.5,12,33.02127659574468,127.56164383561644,716.3076923076923,2,56.25,0,-1.8967477325377224,2.297986687566566,Balanced Mid-Tier Freelancers
618,Customer Support,PeoplePerHour,Beginner,Europe,Mobile Banking,228,4537.0,61.61,63.84,3.56,3,Fixed,72.76,46,19.899122807017545,1512.3333333333333,96.53191489361703,1,69.26666666666667,3,0.2918450920355612,-0.24898305677740862,Trusted Steady Performers
619,SEO,Upwork,Beginner,USA,Crypto,76,8166.0,53.82,90.31,4.61,2,Hourly,23.74,447,107.44736842105263,4083.0,18.227678571428573,1,68.75,2,0.5946841275288142,0.5189563224973052,Premium Specialists
620,Content Writing,Upwork,Intermediate,Australia,Bank Transfer,72,6797.0,8.26,87.41,4.86,4,Fixed,11.58,159,94.40277777777777,1699.25,42.48125,2,65.39666666666668,2,-0.03184949051978801,1.053636320056549,Premium Specialists
621,Digital Marketing,PeoplePerHour,Intermediate,Middle East,PayPal,98,6116.0,67.06,59.23,3.81,16,Fixed,70.32,283,62.40816326530612,382.25,21.535211267605632,2,68.58333333333333,3,0.4189867342386933,0.08589199788951858,Trusted Steady Performers
622,Digital Marketing,Toptal,Expert,Europe,Mobile Banking,23,4544.0,21.3,60.47,4.81,54,Hourly,50.4,52,197.56521739130434,84.14814814814815,85.73584905660377,3,69.02333333333334,2,0.4971062735483502,1.4600563059115925,Premium Specialists
623,Digital Marketing,Freelancer,Intermediate,Middle East,Crypto,132,3622.0,93.46,68.52,3.64,33,Hourly,72.35,286,27.439393939393938,109.75757575757575,12.62020905923345,2,71.22333333333333,3,0.7613253943355007,-0.6480841291978411,Trusted Steady Performers
624,Customer Support,Freelancer,Intermediate,Europe,PayPal,86,7819.0,70.14,74.23,3.95,9,Fixed,51.79,7,90.9186046511628,868.7777777777778,977.375,2,68.34,0,0.234024339181,4.093716695126096,Balanced Mid-Tier Freelancers
625,Graphic Design,Fiverr,Intermediate,USA,Mobile Banking,258,2361.0,72.17,80.91,3.45,57,Fixed,66.71,71,9.151162790697674,41.421052631578945,32.791666666666664,2,72.20666666666666,3,0.6781088821058905,-1.0324236671485147,Trusted Steady Performers
626,App Development,Toptal,Beginner,Australia,PayPal,225,6823.0,27.1,68.45,4.28,40,Hourly,40.08,379,30.324444444444445,170.575,17.955263157894738,1,64.71,1,-0.38984655976616955,-0.6633702189876601,Balanced Mid-Tier Freelancers
627,Content Writing,Fiverr,Beginner,USA,Mobile Banking,101,6955.0,88.67,73.13,4.96,52,Fixed,62.49,97,68.86138613861387,133.75,70.96938775510205,1,78.27333333333333,3,1.8203660602314726,0.6091997762007032,Trusted Steady Performers
628,Content Writing,Freelancer,Beginner,Canada,PayPal,56,3692.0,56.08,87.37,4.21,82,Fixed,73.91,86,65.92857142857143,45.02439024390244,42.4367816091954,1,81.82666666666667,3,2.3049936306936996,0.26151996094332736,Trusted Steady Performers
629,Digital Marketing,PeoplePerHour,Expert,Middle East,Mobile Banking,179,6388.0,86.42,51.83,3.72,16,Fixed,50.05,329,35.687150837988824,399.25,19.35757575757576,3,58.76,1,-1.1165649903783772,-0.33850118159921594,Balanced Mid-Tier Freelancers
630,Digital Marketing,Upwork,Expert,UK,Mobile Banking,186,2659.0,30.74,62.62,4.3,8,Hourly,22.65,100,14.295698924731182,332.375,26.326732673267326,3,57.09,1,-1.5086983563407448,-0.3313976409959222,Balanced Mid-Tier Freelancers
631,SEO,Freelancer,Expert,Asia,PayPal,119,9672.0,76.77,85.67,3.25,87,Fixed,28.82,495,81.27731092436974,111.17241379310344,19.5,3,59.830000000000005,1,-0.8657523369469083,0.32063131017866775,Balanced Mid-Tier Freelancers
632,Customer Support,Toptal,Beginner,Canada,Mobile Banking,5,6290.0,59.58,94.76,4.78,60,Fixed,23.91,280,1258.0,104.83333333333333,22.384341637010674,1,71.42333333333333,2,1.8541052484423144,5.157557759024214,Premium Specialists
633,Web Development,Freelancer,Intermediate,Canada,Mobile Banking,67,7856.0,9.6,75.58,4.01,36,Fixed,27.28,370,117.25373134328358,218.22222222222223,21.175202156334233,2,61.01999999999999,1,-0.6963858666005349,0.7746929889600641,Balanced Mid-Tier Freelancers
634,Web Development,Toptal,Expert,Middle East,Mobile Banking,252,807.0,43.51,76.61,3.9,3,Fixed,31.45,288,3.2023809523809526,269.0,2.792387543252595,3,62.02,1,-0.7600062628189572,-1.4816670991966367,Balanced Mid-Tier Freelancers
635,Data Entry,Toptal,Expert,Europe,PayPal,235,5136.0,22.47,55.36,4.17,15,Fixed,48.86,236,21.85531914893617,342.4,21.670886075949365,3,62.54,1,-0.7143333634214142,-0.6683077374577729,Balanced Mid-Tier Freelancers
636,Data Entry,Toptal,Beginner,Canada,PayPal,230,6270.0,39.12,72.37,4.25,82,Fixed,51.16,195,27.26086956521739,76.46341463414635,31.989795918367346,1,69.51,3,0.23983677751047144,-0.4934812867430728,Trusted Steady Performers
637,Content Writing,Fiverr,Expert,Asia,Mobile Banking,23,9937.02,41.42,76.63,3.14,23,Fixed,39.85,390,432.04434782608695,432.04434782608695,25.41437340153453,3,59.76,2,-0.4773756184316765,2.4250183043437312,Premium Specialists
638,Content Writing,PeoplePerHour,Intermediate,Australia,Mobile Banking,35,5652.0,50.12,62.12,4.37,3,Hourly,53.08,96,161.4857142857143,1884.0,58.2680412371134,2,67.53333333333335,2,0.3597817353829577,1.296723416230408,Premium Specialists
639,Graphic Design,Freelancer,Beginner,Canada,PayPal,125,9376.0,62.03,63.46,3.48,30,Hourly,15.71,449,75.008,312.53333333333336,20.835555555555555,1,49.59,1,-2.455187479604786,0.4949802151882944,Balanced Mid-Tier Freelancers
640,Graphic Design,PeoplePerHour,Beginner,Australia,Crypto,28,6171.0,59.24,68.86,4.43,45,Hourly,16.15,367,220.39285714285714,137.13333333333333,16.769021739130434,1,57.87,2,-1.0588718488416118,1.1345089149722958,Premium Specialists
641,Web Development,Upwork,Intermediate,USA,Mobile Banking,215,9006.0,8.7,51.0,4.65,17,Fixed,22.03,429,41.88837209302326,529.7647058823529,20.94418604651163,2,55.343333333333334,1,-1.7531069917347373,-0.19363006241764735,Balanced Mid-Tier Freelancers
642,Customer Support,Freelancer,Intermediate,Europe,Crypto,165,2775.0,76.32,66.1,4.61,58,Hourly,46.27,95,16.818181818181817,47.8448275862069,28.90625,2,68.19000000000001,3,0.14645317978352024,-0.4588286601653571,Trusted Steady Performers
643,Data Entry,PeoplePerHour,Intermediate,Australia,PayPal,259,3418.0,95.17,60.57,4.11,58,Hourly,24.98,260,13.196911196911197,58.93103448275862,13.095785440613026,2,55.916666666666664,1,-1.748678707344678,-1.0601664164658788,Balanced Mid-Tier Freelancers
644,Web Development,PeoplePerHour,Expert,Canada,Mobile Banking,63,3547.0,38.12,66.37,4.04,57,Fixed,29.83,120,56.301587301587304,62.228070175438596,29.31404958677686,3,59.0,1,-1.125285460727397,0.47059709807293854,Balanced Mid-Tier Freelancers
645,Customer Support,Upwork,Intermediate,Europe,Crypto,118,8224.0,22.08,55.99,3.29,7,Hourly,38.02,365,69.69491525423729,1174.857142857143,22.469945355191257,2,53.27,1,-1.9254419594077066,0.45055078981425795,Balanced Mid-Tier Freelancers
646,Web Development,Toptal,Beginner,Asia,PayPal,164,9914.0,56.3,94.53,4.55,39,Fixed,66.83,272,60.451219512195124,254.2051282051282,36.315018315018314,1,84.11999999999999,3,2.7283495508891358,0.1917074853375176,Trusted Steady Performers
647,Data Entry,Freelancer,Intermediate,Europe,Crypto,224,5692.0,71.97,79.68,3.54,78,Fixed,10.97,331,25.410714285714285,72.97435897435898,17.14457831325301,2,53.81666666666667,1,-2.0151451107393568,-0.5435682828759676,Balanced Mid-Tier Freelancers
648,App Development,Freelancer,Beginner,Australia,Bank Transfer,173,8824.0,69.5,83.96,3.99,58,Fixed,55.46,51,51.005780346820806,152.13793103448276,169.69230769230768,1,73.07333333333334,3,0.9285381855891623,0.9450783060613676,Trusted Steady Performers
649,Graphic Design,Upwork,Beginner,Australia,PayPal,16,4816.0,63.15,89.46,3.57,56,Hourly,56.82,395,301.0,86.0,12.16161616161616,1,72.55999999999999,2,1.2599732685092002,0.9767707448414042,Premium Specialists
650,SEO,Toptal,Expert,UK,Bank Transfer,246,4683.0,18.89,74.92,3.27,15,Fixed,65.91,317,19.036585365853657,312.2,14.726415094339623,3,68.74333333333333,3,0.2583687984967458,-1.0579475349425007,Trusted Steady Performers
651,SEO,Freelancer,Intermediate,UK,PayPal,143,1871.0,84.5,54.35,4.26,44,Hourly,75.29,162,13.083916083916083,42.52272727272727,11.478527607361963,2,71.61333333333334,3,0.6993576034634478,-0.8110865982112592,Trusted Steady Performers
652,SEO,Freelancer,Expert,Europe,PayPal,101,1235.0,45.43,76.86,3.11,12,Fixed,11.41,189,12.227722772277227,102.91666666666667,6.5,3,50.156666666666666,1,-2.4294207595409554,-0.1832852051568563,Balanced Mid-Tier Freelancers
653,Data Entry,Freelancer,Intermediate,Middle East,Mobile Banking,151,1687.0,26.04,79.34,4.5,8,Fixed,20.76,276,11.172185430463577,210.875,6.090252707581228,2,63.36666666666667,1,-0.5012862524700351,-0.7542620990519855,Balanced Mid-Tier Freelancers
654,Digital Marketing,Toptal,Intermediate,Middle East,Bank Transfer,186,7286.0,13.2,87.27,3.64,80,Hourly,72.03,84,39.17204301075269,91.075,85.71764705882353,2,77.36666666666666,3,1.4843180675682484,0.21205861146300028,Trusted Steady Performers
655,Digital Marketing,Upwork,Intermediate,UK,Bank Transfer,61,8430.0,44.59,71.58,3.0,41,Fixed,42.1,193,138.19672131147541,205.609756097561,43.45360824742268,2,57.893333333333324,1,-1.146488758224775,1.3660587224914085,Balanced Mid-Tier Freelancers
656,Digital Marketing,Freelancer,Intermediate,Canada,Bank Transfer,46,1796.0,63.71,56.38,4.02,34,Hourly,49.52,180,39.04347826086956,52.8235294117647,9.922651933701658,2,62.1,1,-0.6296953976145983,-0.03892687113487118,Balanced Mid-Tier Freelancers
657,Content Writing,PeoplePerHour,Intermediate,USA,PayPal,203,5847.0,68.21,64.19,3.09,46,Fixed,56.41,20,28.80295566502463,127.1086956521739,278.42857142857144,2,60.79999999999999,1,-1.0253291950219932,0.8246839056793466,Balanced Mid-Tier Freelancers
658,Graphic Design,Toptal,Beginner,Europe,Bank Transfer,35,8139.0,96.46,68.15,3.55,88,Fixed,57.53,398,232.54285714285714,92.48863636363636,20.398496240601503,1,65.56,2,0.10493914037099208,1.0924689880871623,Premium Specialists
659,Graphic Design,Fiverr,Beginner,USA,Bank Transfer,184,2670.0,19.55,82.3,4.41,29,Fixed,75.22,202,14.51086956521739,92.06896551724138,13.152709359605911,1,81.90666666666667,3,2.203565194374493,-1.010488291956672,Trusted Steady Performers
660,App Development,Upwork,Intermediate,UK,Mobile Banking,6,7647.0,98.65,78.54,3.13,16,Fixed,79.79,201,1274.5,477.9375,37.85643564356435,2,73.64333333333333,2,2.3194085572119243,5.431949584639498,Premium Specialists
661,App Development,PeoplePerHour,Beginner,Australia,Crypto,292,8052.0,67.19,67.8,4.68,5,Fixed,60.41,465,27.575342465753426,1610.4,17.278969957081546,1,73.93666666666665,3,1.0787678650127681,-1.1922805542439736,Trusted Steady Performers
662,Content Writing,Freelancer,Expert,Asia,Crypto,142,6157.0,48.15,99.33,3.01,5,Fixed,30.11,150,43.359154929577464,1231.4,40.77483443708609,3,63.21333333333333,1,-0.3732924121241614,0.4244168645172062,Balanced Mid-Tier Freelancers
663,Web Development,Fiverr,Expert,Europe,Bank Transfer,109,9426.0,89.38,80.29,3.49,30,Fixed,71.58,383,86.4770642201835,314.2,24.546875,3,73.89,3,1.3544042605257993,0.34121270500698253,Trusted Steady Performers
664,Customer Support,Upwork,Expert,UK,Bank Transfer,222,2843.0,70.98,61.86,4.48,50,Fixed,13.45,158,12.806306306306306,56.86,17.88050314465409,3,54.97,1,-1.8714244891958283,-0.6572657909846096,Balanced Mid-Tier Freelancers
665,App Development,Toptal,Intermediate,Canada,Bank Transfer,226,2550.0,38.13,55.09,3.63,5,Hourly,26.18,309,11.283185840707965,510.0,8.225806451612904,2,51.29,1,-2.412773609895353,-0.9995268584203371,Balanced Mid-Tier Freelancers
666,SEO,Fiverr,Intermediate,Asia,Bank Transfer,109,8411.0,88.99,57.64,3.2,13,Hourly,72.82,438,77.1651376146789,647.0,19.159453302961275,2,64.82,3,-0.06732003555064742,0.11386802142168212,Trusted Steady Performers
667,Digital Marketing,Fiverr,Beginner,Europe,Crypto,131,4975.0,68.33,62.3,3.72,49,Hourly,27.93,25,37.97709923664122,101.53061224489795,191.34615384615384,1,54.876666666666665,1,-1.8702629724501663,0.9738409804331483,Balanced Mid-Tier Freelancers
668,SEO,PeoplePerHour,Beginner,Europe,Mobile Banking,269,1130.0,71.39,58.03,3.54,89,Fixed,25.45,308,4.200743494423792,12.696629213483146,3.656957928802589,1,51.426666666666655,1,-2.5720497659530555,-1.5599623454113551,Balanced Mid-Tier Freelancers
669,Digital Marketing,Upwork,Beginner,Middle East,PayPal,204,9505.0,90.16,59.33,4.69,50,Hourly,19.67,65,46.59313725490196,190.1,144.0151515151515,1,57.6,1,-1.4394687372895971,0.9870377051722787,Balanced Mid-Tier Freelancers
670,SEO,PeoplePerHour,Expert,Australia,Bank Transfer,256,4914.0,47.6,64.25,3.63,14,Hourly,70.14,422,19.1953125,351.0,11.617021276595745,3,68.99666666666667,3,0.32621635864950743,-1.3556278160040278,Trusted Steady Performers
671,Web Development,PeoplePerHour,Expert,Europe,Bank Transfer,19,4503.0,67.41,58.67,4.58,46,Fixed,45.0,262,237.0,97.8913043478261,17.121673003802282,3,65.09,2,0.05986427693226814,1.0323847542375382,Premium Specialists
672,Customer Support,Freelancer,Expert,Australia,Crypto,230,2298.0,75.75,94.84,4.78,82,Hourly,57.24,471,9.991304347826087,28.024390243902438,4.86864406779661,3,82.56,3,2.36147689155587,-1.8970403911981635,Trusted Steady Performers
673,SEO,Toptal,Expert,UK,Bank Transfer,109,1375.0,48.12,54.01,3.87,84,Fixed,26.73,166,12.614678899082568,16.36904761904762,8.233532934131736,3,52.71333333333333,1,-2.2216208383363396,-0.3625643058154471,Balanced Mid-Tier Freelancers
674,SEO,Fiverr,Beginner,Canada,Mobile Banking,237,3923.0,12.93,76.23,4.82,34,Hourly,63.06,287,16.552742616033754,115.38235294117646,13.621527777777779,1,78.56333333333333,3,1.6462389611652468,-1.2199049450236639,Trusted Steady Performers
675,Data Entry,Upwork,Intermediate,Asia,Mobile Banking,223,1738.0,78.29,70.52,3.75,71,Hourly,63.2,153,7.79372197309417,24.47887323943662,11.285714285714286,2,69.57333333333332,3,0.2870838548067872,-1.1739711240644721,Trusted Steady Performers
676,Customer Support,Toptal,Intermediate,Asia,Bank Transfer,281,3035.0,9.54,99.12,4.93,47,Hourly,31.88,342,10.800711743772242,64.57446808510639,8.848396501457726,2,76.53333333333333,3,1.3415004432553455,-1.5635566193351498,Trusted Steady Performers
677,SEO,Toptal,Expert,Canada,Crypto,265,2126.0,73.2,55.6,3.18,60,Hourly,38.75,205,8.022641509433962,35.43333333333333,10.320388349514563,3,52.65,1,-2.290359470724616,-1.1747827519947753,Balanced Mid-Tier Freelancers
678,Data Entry,Upwork,Intermediate,Europe,Bank Transfer,194,9771.0,91.53,69.89,4.37,74,Hourly,24.68,412,50.365979381443296,132.04054054054055,23.65859564164649,2,60.65666666666667,1,-0.8681672457928219,-0.0330022967352386,Balanced Mid-Tier Freelancers
679,Graphic Design,Toptal,Intermediate,Europe,Bank Transfer,202,1511.0,37.96,98.47,3.99,79,Fixed,78.36,152,7.48019801980198,19.126582278481013,9.875816993464053,2,85.54333333333334,3,2.7093663132280645,-1.2715591016015526,Trusted Steady Performers
680,Customer Support,Freelancer,Intermediate,UK,Crypto,281,9644.0,14.7,93.28,3.78,81,Hourly,55.19,183,34.320284697508896,119.06172839506173,52.41304347826087,2,74.69,3,1.045537350432843,-0.1873221383778502,Trusted Steady Performers
681,Content Writing,Toptal,Expert,Middle East,Mobile Banking,43,122.0,27.12,90.85,4.27,11,Fixed,75.42,158,2.8372093023255816,11.090909090909092,0.7672955974842768,3,83.89,3,2.7086700963694006,-0.600030233493587,Trusted Steady Performers
682,Customer Support,Freelancer,Beginner,Middle East,PayPal,166,6080.0,58.42,62.9,4.41,85,Hourly,31.24,193,36.626506024096386,71.52941176470588,31.34020618556701,1,60.78,1,-1.0132314114257723,-0.016928483853064176,Balanced Mid-Tier Freelancers
683,Customer Support,Fiverr,Beginner,Middle East,Bank Transfer,125,4661.0,94.55,58.54,3.01,50,Fixed,64.73,5,37.288,93.22,776.8333333333334,1,61.156666666666666,0,-1.017492630426173,2.6063334276148487,Balanced Mid-Tier Freelancers
684,SEO,Fiverr,Intermediate,Australia,Mobile Banking,266,2846.0,53.67,83.43,3.33,4,Hourly,63.61,214,10.699248120300751,711.5,13.237209302325581,2,71.21333333333335,3,0.6275216537243867,-1.2594118052321357,Trusted Steady Performers
685,Graphic Design,PeoplePerHour,Beginner,Middle East,Bank Transfer,220,7767.0,15.71,96.47,4.43,41,Hourly,58.42,174,35.304545454545455,189.4390243902439,44.38285714285714,1,81.16333333333334,3,2.1152448957727974,-0.18380707681904246,Trusted Steady Performers
686,Customer Support,Freelancer,Beginner,Canada,PayPal,53,4566.0,64.64,77.84,4.33,59,Hourly,77.59,74,86.15094339622641,77.38983050847457,60.88,1,80.67666666666666,3,2.1839616115949605,0.5559566302820559,Trusted Steady Performers
687,App Development,Fiverr,Expert,Asia,Crypto,96,2543.0,74.62,78.58,4.93,60,Hourly,37.55,284,26.489583333333332,42.38333333333333,8.92280701754386,3,71.57666666666667,3,0.812445323531633,-0.5291733569806486,Trusted Steady Performers
688,App Development,Toptal,Expert,Asia,Mobile Banking,133,4281.0,42.36,64.0,4.52,81,Hourly,19.15,126,32.18796992481203,52.851851851851855,33.70866141732284,3,57.849999999999994,1,-1.4183966914157622,0.12654554791041775,Balanced Mid-Tier Freelancers
689,Data Entry,Upwork,Intermediate,Australia,PayPal,32,3626.0,73.54,88.47,4.9,62,Fixed,57.02,489,113.3125,58.483870967741936,7.4,2,81.16333333333334,3,2.428099838450929,-0.3029457674226106,Trusted Steady Performers
690,SEO,Upwork,Intermediate,UK,Bank Transfer,152,8150.0,35.86,59.35,4.41,84,Hourly,61.05,482,53.61842105263158,97.02380952380952,16.873706004140786,2,69.53333333333335,3,0.40101488925397594,-0.4117057786568324,Trusted Steady Performers
691,SEO,Freelancer,Intermediate,Canada,PayPal,69,5778.0,79.96,66.18,3.6,25,Hourly,50.25,48,83.73913043478261,231.12,117.91836734693878,2,62.81,1,-0.4575812877425389,1.1756692487841602,Balanced Mid-Tier Freelancers
692,Customer Support,PeoplePerHour,Expert,Asia,Mobile Banking,222,119.96000000000001,37.4,71.27,3.21,87,Fixed,24.48,456,0.5403603603603604,1.3788505747126438,0.2624945295404814,3,53.31666666666666,1,-2.1900488548012875,-1.7397229298451344,Balanced Mid-Tier Freelancers
693,Web Development,Toptal,Beginner,Canada,Crypto,55,4423.0,29.33,75.38,4.56,79,Hourly,45.31,31,80.41818181818182,55.9873417721519,138.21875,1,70.63,3,0.5469217569907585,1.0375863173573803,Trusted Steady Performers
694,Graphic Design,Freelancer,Expert,Asia,Bank Transfer,78,3648.0,88.52,62.12,4.29,33,Hourly,31.85,157,46.76923076923077,110.54545454545455,23.088607594936708,3,59.923333333333325,1,-0.8992310280366688,0.24787816612443972,Balanced Mid-Tier Freelancers
695,Digital Marketing,Upwork,Expert,USA,Crypto,203,2442.0,57.1,55.74,3.1,19,Hourly,39.92,14,12.029556650246306,128.52631578947367,162.8,3,52.55333333333334,1,-2.2553248515194313,0.11567048704376173,Balanced Mid-Tier Freelancers
696,Digital Marketing,Freelancer,Beginner,UK,Crypto,196,6755.0,32.09,80.53,3.72,57,Hourly,55.17,317,34.464285714285715,118.50877192982456,21.242138364779873,1,70.03333333333335,3,0.43617937782164723,-0.4680034078915261,Trusted Steady Performers
697,Web Development,Toptal,Beginner,UK,PayPal,193,6840.0,93.83,64.43,4.91,15,Hourly,62.17,333,35.44041450777202,456.0,20.479041916167663,1,74.93333333333334,3,1.304997388775589,-0.5863435376232814,Trusted Steady Performers
698,Data Entry,Fiverr,Intermediate,USA,PayPal,16,2727.0,70.63,79.06,4.0,41,Fixed,26.26,242,170.4375,66.51219512195122,11.222222222222221,2,61.77333333333333,2,-0.4819614339777146,0.722941335719681,Premium Specialists
699,Digital Marketing,Toptal,Beginner,Australia,Mobile Banking,243,1451.0,25.97,57.72,3.87,69,Hourly,38.37,16,5.97119341563786,21.028985507246375,85.3529411764706,1,57.830000000000005,1,-1.669580225517603,-0.6063813144058079,Balanced Mid-Tier Freelancers
700,Customer Support,Fiverr,Beginner,Asia,Mobile Banking,85,867.0,63.39,74.06,3.92,80,Fixed,28.84,21,10.2,10.8375,39.40909090909091,1,60.43333333333334,1,-1.0537394739917338,0.0033938610109280265,Balanced Mid-Tier Freelancers
701,Digital Marketing,Fiverr,Beginner,Asia,Crypto,274,6253.0,87.68,76.63,3.42,60,Hourly,23.9,243,22.82116788321168,104.21666666666667,25.62704918032787,1,56.309999999999995,1,-1.679596433623171,-0.5992799989160897,Balanced Mid-Tier Freelancers
702,App Development,Fiverr,Beginner,Asia,Mobile Banking,294,9902.0,71.13,52.59,3.74,22,Hourly,64.84,413,33.68027210884354,450.09090909090907,23.917874396135264,1,64.07666666666667,1,-0.45655960033281856,-0.7315497380590124,Balanced Mid-Tier Freelancers
703,App Development,Freelancer,Intermediate,Middle East,Crypto,52,4612.0,28.25,66.83,3.74,43,Fixed,73.65,80,88.6923076923077,107.25581395348837,56.93827160493827,2,71.76,3,0.8239180830374936,0.6954722798070851,Trusted Steady Performers
704,Content Writing,Upwork,Intermediate,Middle East,Bank Transfer,213,4773.0,66.64,56.72,3.1,32,Hourly,35.92,143,22.408450704225352,149.15625,33.145833333333336,2,51.54666666666666,1,-2.3704431454745616,-0.2331392901899013,Balanced Mid-Tier Freelancers
705,Graphic Design,Freelancer,Beginner,Middle East,Crypto,39,2488.0,63.82,53.17,4.54,13,Hourly,62.59,435,63.794871794871796,191.3846153846154,5.706422018348624,1,68.85333333333334,3,0.4733865638774642,-0.4617025891609966,Trusted Steady Performers
706,Data Entry,Upwork,Beginner,Middle East,Mobile Banking,123,6878.0,82.98,99.5,3.83,38,Fixed,72.79,7,55.91869918699187,181.0,859.75,1,82.96333333333332,0,2.390522803337189,3.0500751709797327,Balanced Mid-Tier Freelancers
707,SEO,Toptal,Intermediate,Middle East,Mobile Banking,69,1260.0,21.92,66.12,4.64,26,Hourly,69.23,447,18.26086956521739,48.46153846153846,2.8125,2,76.05000000000001,3,1.4620373339661483,-1.0610483492360658,Trusted Steady Performers
708,Graphic Design,PeoplePerHour,Intermediate,USA,Crypto,246,6691.0,71.47,90.49,4.7,81,Hourly,22.8,166,27.19918699186992,82.60493827160494,40.06586826347306,2,69.09666666666668,3,0.26751778283571687,-0.32302311740417583,Trusted Steady Performers
709,Data Entry,Toptal,Beginner,UK,PayPal,40,649.0,7.6,62.73,3.42,5,Fixed,76.94,286,16.225,129.8,2.2613240418118465,1,69.35666666666667,3,0.42678652972939213,-0.586476087253778,Trusted Steady Performers
710,Digital Marketing,Freelancer,Expert,Australia,Crypto,256,5530.0,71.14,84.08,4.31,49,Fixed,36.37,267,21.6015625,112.85714285714286,20.634328358208954,3,68.88333333333333,3,0.2995414459027613,-0.8309054076341592,Trusted Steady Performers
711,Content Writing,Freelancer,Intermediate,Canada,Crypto,247,1896.0,96.24,88.01,3.94,5,Hourly,33.75,288,7.676113360323886,379.2,6.560553633217993,2,66.85333333333334,3,0.053084226941200664,-1.3506971296960697,Trusted Steady Performers
712,Graphic Design,Upwork,Intermediate,Middle East,PayPal,46,6642.0,21.57,79.78,4.76,71,Hourly,14.37,185,144.3913043478261,93.54929577464789,35.70967741935484,2,63.11666666666667,2,-0.42120845904621645,1.2078424130160743,Premium Specialists
713,Digital Marketing,Freelancer,Intermediate,USA,Bank Transfer,73,7911.0,34.57,73.58,3.43,48,Hourly,44.03,11,108.36986301369863,164.8125,659.25,2,62.07,0,-0.7359745028599531,3.3303173490554485,Balanced Mid-Tier Freelancers
714,Data Entry,Fiverr,Beginner,Asia,PayPal,111,1937.0,60.37,70.59,4.36,18,Fixed,17.63,280,17.45045045045045,107.61111111111111,6.893238434163701,1,58.473333333333336,1,-1.2108986470294885,-0.47216618145370504,Balanced Mid-Tier Freelancers
715,Graphic Design,Freelancer,Beginner,Australia,Mobile Banking,43,729.0,74.58,67.44,4.22,6,Fixed,27.4,421,16.953488372093023,121.5,1.7274881516587677,1,59.74666666666666,1,-0.9071895754734044,-0.6320708385883551,Balanced Mid-Tier Freelancers
716,SEO,Upwork,Intermediate,Australia,PayPal,73,3302.0,37.72,96.48,3.59,66,Hourly,32.19,303,45.23287671232877,50.03030303030303,10.861842105263158,2,66.82333333333334,1,0.0932146590281976,-0.13220761789757549,Balanced Mid-Tier Freelancers
717,Graphic Design,Upwork,Beginner,Australia,Mobile Banking,184,1885.0,68.1,91.53,3.27,77,Hourly,66.62,465,10.244565217391305,24.48051948051948,4.045064377682404,1,74.51666666666667,3,1.1247399943955902,-1.6223057292770553,Trusted Steady Performers
718,Digital Marketing,Fiverr,Beginner,USA,Mobile Banking,16,2227.0,90.43,98.25,4.3,42,Hourly,71.28,82,139.1875,53.023809523809526,26.83132530120482,1,85.17666666666666,3,3.0334381701134996,0.5130242884669224,Trusted Steady Performers
719,Customer Support,Upwork,Intermediate,Canada,Crypto,208,8192.0,74.02,56.21,4.48,52,Fixed,31.17,54,39.38461538461539,157.53846153846155,148.94545454545454,2,58.99333333333334,1,-1.259274058568368,0.7496014530403967,Balanced Mid-Tier Freelancers
720,Customer Support,PeoplePerHour,Beginner,Middle East,Crypto,40,198.0,72.55,86.54,3.63,11,Fixed,70.11,130,4.95,18.0,1.5114503816793894,1,76.41666666666667,3,1.5788689234996671,-0.4323766106803865,Trusted Steady Performers
721,Graphic Design,Toptal,Expert,Australia,Bank Transfer,130,1545.0,41.29,96.92,4.29,26,Fixed,70.01,124,11.884615384615385,59.42307692307692,12.36,3,84.24333333333334,3,2.697931252949216,-0.7175460537444996,Trusted Steady Performers
722,SEO,Freelancer,Beginner,USA,Mobile Banking,67,1794.0,91.59,59.06,3.79,21,Hourly,63.53,482,26.776119402985074,85.42857142857143,3.7142857142857144,1,66.13000000000001,3,0.04325659392421263,-0.9134381302437572,Trusted Steady Performers
723,Content Writing,PeoplePerHour,Beginner,Asia,Crypto,86,1696.0,31.35,53.32,4.43,66,Hourly,20.27,324,19.72093023255814,25.696969696969695,5.218461538461538,1,54.06333333333333,1,-2.00369751898227,-0.48818776243370976,Balanced Mid-Tier Freelancers
724,Content Writing,Freelancer,Intermediate,UK,Mobile Banking,38,3045.0,24.5,87.06,3.4,40,Hourly,58.32,418,80.13157894736842,76.125,7.2673031026252985,2,71.12666666666667,3,0.8311285724480653,-0.21442401397123811,Trusted Steady Performers
725,Customer Support,PeoplePerHour,Intermediate,Asia,Bank Transfer,244,6693.0,39.6,78.72,4.78,56,Fixed,76.15,50,27.43032786885246,119.51785714285714,131.23529411764707,2,83.49,3,2.3828757727403036,-0.11345680717628664,Trusted Steady Performers
726,Digital Marketing,Freelancer,Expert,USA,Mobile Banking,101,9914.0,66.76,92.09,3.57,51,Hourly,57.78,26,98.15841584158416,194.3921568627451,367.18518518518516,3,73.75666666666667,0,1.1805695176596434,2.331504637230251,Balanced Mid-Tier Freelancers
727,Data Entry,Fiverr,Beginner,USA,Bank Transfer,53,7428.0,86.86,56.99,3.74,20,Fixed,33.21,164,140.1509433962264,371.4,45.018181818181816,1,55.0,1,-1.554072438815527,1.3593858611512366,Balanced Mid-Tier Freelancers
728,Digital Marketing,Upwork,Expert,USA,Bank Transfer,150,8899.0,17.55,89.76,3.12,81,Hourly,45.04,493,59.32666666666667,109.8641975308642,18.01417004048583,3,65.73333333333333,1,-0.08754513839373888,-0.10557073879059996,Balanced Mid-Tier Freelancers
729,Content Writing,Upwork,Expert,Australia,Bank Transfer,129,3717.0,82.31,60.08,3.22,80,Fixed,55.2,468,28.813953488372093,46.4625,7.925373134328358,3,59.89333333333334,1,-1.0011046328903583,-0.8609204368192496,Balanced Mid-Tier Freelancers
730,Web Development,Fiverr,Intermediate,USA,Crypto,193,9295.0,82.22,58.18,4.03,57,Hourly,45.74,399,48.16062176165803,163.0701754385965,23.2375,2,61.50666666666667,1,-0.7543678399756694,-0.14850268303247605,Balanced Mid-Tier Freelancers
731,Web Development,PeoplePerHour,Beginner,UK,PayPal,61,626.0,60.76,58.21,3.54,5,Hourly,18.4,475,10.262295081967213,125.2,1.315126050420168,1,49.13666666666666,1,-2.560508993870312,-0.7237349436471435,Balanced Mid-Tier Freelancers
732,Graphic Design,Toptal,Intermediate,Australia,PayPal,113,4829.0,77.26,90.73,4.67,14,Fixed,31.84,280,42.73451327433628,344.92857142857144,17.185053380782918,2,71.99,3,0.9737641927584809,-0.12433883987259431,Trusted Steady Performers
733,SEO,PeoplePerHour,Expert,Asia,Crypto,9,8237.0,22.28,83.26,3.03,24,Hourly,66.17,32,915.2222222222222,343.2083333333333,249.6060606060606,3,70.01,2,1.332849637369604,5.291860916342577,Premium Specialists
734,Customer Support,Upwork,Expert,UK,Mobile Banking,28,3022.0,21.11,76.15,3.76,68,Fixed,70.3,61,107.92857142857143,44.44117647058823,48.74193548387097,3,73.88333333333334,3,1.1586519567235207,0.6703688450064399,Trusted Steady Performers
735,App Development,Toptal,Intermediate,Europe,Crypto,225,7806.0,86.97,67.94,3.67,52,Hourly,19.61,144,34.693333333333335,150.1153846153846,53.83448275862069,2,53.65,1,-2.013281154333671,0.2411396384649572,Balanced Mid-Tier Freelancers
736,App Development,Freelancer,Intermediate,Asia,Mobile Banking,298,3998.0,52.32,93.86,3.04,48,Hourly,76.67,170,13.416107382550335,83.29166666666667,23.380116959064328,2,77.11,3,1.4362976513766454,-1.2671644429982125,Trusted Steady Performers
737,App Development,Toptal,Intermediate,USA,Bank Transfer,14,6594.0,28.36,69.62,3.25,88,Hourly,33.02,285,471.0,74.93181818181819,23.055944055944057,2,55.88,2,-1.244755631184042,2.344734950976118,Premium Specialists
738,Graphic Design,PeoplePerHour,Intermediate,Middle East,Crypto,169,2095.0,70.43,90.83,3.83,47,Fixed,56.36,296,12.396449704142011,44.57446808510638,7.053872053872054,2,74.59666666666668,3,1.2036833760869021,-1.098385225277647,Trusted Steady Performers
739,Web Development,Fiverr,Intermediate,Middle East,PayPal,219,1677.0,89.73,71.96,3.99,60,Hourly,62.63,116,7.657534246575342,27.95,14.333333333333334,2,71.46333333333332,3,0.605852567373091,-1.0927062243004317,Trusted Steady Performers
740,Content Writing,Freelancer,Expert,Australia,Mobile Banking,130,1538.0,65.07,68.85,3.81,73,Fixed,66.84,5,11.830769230769231,21.068493150684933,256.3333333333333,3,70.63000000000001,3,0.4610453937863323,0.3366693229165082,Trusted Steady Performers
741,Graphic Design,PeoplePerHour,Intermediate,Middle East,Crypto,271,9177.0,38.0,73.13,4.06,3,Hourly,76.2,65,33.86346863468635,3059.0,139.04545454545453,2,76.84333333333332,3,1.4608279933157207,0.24070464275990075,Trusted Steady Performers
742,App Development,Freelancer,Beginner,Asia,Crypto,284,3613.0,50.91,65.07,4.19,9,Hourly,31.9,59,12.721830985915492,401.44444444444446,60.21666666666667,1,60.25666666666667,1,-1.150674103928094,-0.6088982787038086,Balanced Mid-Tier Freelancers
743,App Development,Toptal,Expert,Australia,Mobile Banking,92,9937.02,76.47,87.38,3.02,82,Fixed,70.1,392,108.01108695652174,121.18317073170732,25.285038167938932,3,72.62666666666667,3,1.1111123499955835,0.5569824968355321,Trusted Steady Performers
744,Customer Support,Upwork,Expert,Asia,Bank Transfer,118,1852.0,11.41,75.14,3.93,83,Hourly,19.22,286,15.694915254237289,22.313253012048193,6.452961672473868,3,57.653333333333336,1,-1.4582066265957987,-0.55611553656959,Balanced Mid-Tier Freelancers
745,Digital Marketing,PeoplePerHour,Beginner,USA,Bank Transfer,25,9662.0,25.63,61.61,4.93,24,Hourly,59.35,344,386.48,402.5833333333333,28.005797101449275,1,73.18666666666665,2,1.396097639916146,2.0326885835801365,Premium Specialists
746,App Development,Fiverr,Beginner,Canada,Bank Transfer,152,3641.0,48.95,94.98,4.04,4,Fixed,61.94,228,23.95394736842105,910.25,15.899563318777293,1,79.24000000000001,3,1.9603571002551106,-0.6029691957054347,Trusted Steady Performers
747,SEO,Toptal,Expert,Canada,Bank Transfer,249,3570.0,62.4,69.19,4.36,9,Fixed,57.44,99,14.337349397590362,396.6666666666667,35.7,3,71.27666666666667,3,0.637234128462464,-0.7834816420043206,Trusted Steady Performers
748,App Development,PeoplePerHour,Intermediate,UK,Mobile Banking,270,5946.0,37.22,77.18,3.62,1,Hourly,27.66,118,22.022222222222222,5946.0,49.96638655462185,2,59.07999999999999,1,-1.2258260039899034,-0.25074813788936634,Balanced Mid-Tier Freelancers
749,Digital Marketing,Fiverr,Expert,USA,PayPal,221,7693.0,33.35,95.32,4.55,35,Fixed,71.11,68,34.80995475113122,219.8,111.4927536231884,3,85.81,3,2.866666638556628,0.12901532343823696,Trusted Steady Performers
750,App Development,PeoplePerHour,Expert,Middle East,Crypto,244,7091.0,8.93,81.21,4.55,74,Fixed,21.82,151,29.061475409836067,95.82432432432432,46.651315789473685,3,64.67666666666666,1,-0.4617061209441804,-0.11836601548865744,Balanced Mid-Tier Freelancers
751,SEO,Toptal,Beginner,USA,Crypto,236,3361.0,8.1,55.84,4.04,12,Hourly,13.75,279,14.241525423728813,280.0833333333333,12.003571428571428,1,50.13,1,-2.6701656771305635,-0.8048148542842058,Balanced Mid-Tier Freelancers
752,Content Writing,PeoplePerHour,Expert,Europe,Bank Transfer,236,2355.0,31.48,96.99,4.95,18,Fixed,60.22,220,9.978813559322035,130.83333333333334,10.656108597285067,3,85.40333333333335,3,2.7969802200677862,-1.3459303724288918,Trusted Steady Performers
753,Graphic Design,Freelancer,Intermediate,Canada,Mobile Banking,246,7925.0,55.4,81.39,3.25,78,Fixed,43.28,495,32.21544715447155,101.6025641025641,15.977822580645162,2,63.22333333333333,1,-0.5761047852634873,-0.8562943383036852,Balanced Mid-Tier Freelancers
754,SEO,Toptal,Beginner,Middle East,PayPal,194,2017.0,57.86,66.75,3.03,10,Hourly,69.44,428,10.396907216494846,201.7,4.701631701631702,1,65.59666666666666,3,-0.18769394227517092,-1.4528293591128778,Trusted Steady Performers
755,Digital Marketing,PeoplePerHour,Expert,Asia,PayPal,233,8059.0,51.93,56.96,4.54,74,Fixed,36.84,222,34.587982832618025,108.9054054054054,36.139013452914796,3,61.53333333333333,1,-0.8911276820618528,-0.16118548968048615,Balanced Mid-Tier Freelancers
756,Graphic Design,Upwork,Expert,Asia,Crypto,70,5512.0,43.94,89.7,4.61,18,Fixed,21.78,164,78.74285714285715,306.22222222222223,33.406060606060606,3,67.89333333333333,2,0.3795075851593425,0.7089430249410396,Premium Specialists
757,Graphic Design,PeoplePerHour,Intermediate,Canada,Bank Transfer,283,6947.0,28.97,81.0,3.24,24,Hourly,68.55,441,24.547703180212014,289.4583333333333,15.717194570135746,2,71.45,3,0.6648772664544308,-1.2120776980842518,Trusted Steady Performers
758,Digital Marketing,Freelancer,Expert,USA,Crypto,273,3508.0,43.07,76.67,3.53,1,Hourly,48.42,210,12.84981684981685,3508.0,16.62559241706161,3,65.23,1,-0.27400884690992033,-1.0634073624297895,Balanced Mid-Tier Freelancers
759,Customer Support,Fiverr,Expert,Middle East,Crypto,213,8635.0,18.18,94.69,3.04,79,Fixed,23.24,278,40.539906103286384,109.30379746835443,30.949820788530467,3,59.576666666666675,1,-1.121335713143869,0.08820786522448755,Balanced Mid-Tier Freelancers
760,Web Development,Fiverr,Expert,UK,PayPal,20,4828.0,15.95,89.43,3.59,72,Hourly,60.43,418,241.4,67.05555555555556,11.522673031026253,3,73.88666666666667,2,1.3749395633102255,0.6756611347860447,Premium Specialists
761,App Development,Fiverr,Expert,Asia,Mobile Banking,224,3780.0,33.49,57.58,4.55,82,Fixed,45.78,62,16.875,46.09756097560975,60.0,3,64.78666666666666,1,-0.5163592324948367,-0.4390688510267291,Balanced Mid-Tier Freelancers
762,SEO,Upwork,Intermediate,USA,PayPal,261,4415.0,98.8151,65.59,4.04,16,Fixed,52.3,373,16.915708812260537,275.9375,11.804812834224599,2,66.23,3,-0.0708663450458578,-1.3057160723591639,Trusted Steady Performers
763,Digital Marketing,Freelancer,Expert,UK,Crypto,272,7597.0,36.02,62.42,3.7,85,Fixed,42.26,369,27.93014705882353,89.37647058823529,20.532432432432433,3,59.56,1,-1.235568036520129,-0.7748829794325887,Balanced Mid-Tier Freelancers
764,Content Writing,Toptal,Expert,Middle East,Bank Transfer,233,119.96000000000001,93.96,87.2,3.74,15,Fixed,68.01,261,0.5148497854077253,7.997333333333334,0.45786259541984736,3,76.67,3,1.5282642425416737,-1.7405382019181286,Trusted Steady Performers
765,Data Entry,Fiverr,Expert,Canada,Bank Transfer,123,3541.0,42.26,51.68,3.0,62,Hourly,68.07,5,28.788617886178862,57.11290322580645,590.1666666666666,3,59.916666666666664,0,-1.2345702905320461,1.866497536584344,Balanced Mid-Tier Freelancers
766,Digital Marketing,Freelancer,Beginner,Europe,Mobile Banking,182,6473.0,46.71,78.49,3.6,5,Hourly,59.66,247,35.565934065934066,1294.6,26.100806451612904,1,70.05,3,0.5418811450287826,-0.242123458068125,Trusted Steady Performers
767,App Development,PeoplePerHour,Intermediate,Australia,Mobile Banking,24,5351.0,80.72,88.12,4.29,45,Fixed,17.38,228,222.95833333333334,118.91111111111111,23.366812227074234,2,63.76666666666667,2,-0.1006228349491379,1.314219551745898,Premium Specialists
768,App Development,Upwork,Beginner,Canada,Mobile Banking,40,6210.0,13.9,93.84,4.95,52,Hourly,68.72,285,155.25,119.42307692307692,21.713286713286713,1,87.18666666666667,3,3.2740380471977555,0.5646029779106495,Trusted Steady Performers
769,Graphic Design,Freelancer,Beginner,UK,Crypto,112,1223.0,22.32,67.1,4.69,71,Fixed,56.97,256,10.919642857142858,17.225352112676056,4.7587548638132295,1,72.62333333333333,3,0.7620503301638055,-0.8962556121778913,Trusted Steady Performers
770,Graphic Design,Freelancer,Intermediate,USA,Crypto,193,388.0,97.51,91.06,3.05,7,Fixed,58.79,62,2.010362694300518,55.42857142857143,6.158730158730159,2,70.28333333333333,3,0.5692191638834355,-0.9434793800334252,Trusted Steady Performers
771,Digital Marketing,Toptal,Beginner,Asia,Mobile Banking,182,9310.0,53.06,55.53,4.8,27,Hourly,35.41,391,51.15384615384615,344.81481481481484,23.75,1,62.31333333333333,1,-0.6399378223592095,-0.012289208058371543,Balanced Mid-Tier Freelancers
772,Data Entry,Freelancer,Beginner,Middle East,Bank Transfer,100,891.0,9.21,92.32,4.57,89,Hourly,71.55,27,8.91,10.01123595505618,31.821428571428573,1,85.08999999999999,3,2.6114843515875785,-0.4920691536404176,Trusted Steady Performers
773,Customer Support,Toptal,Beginner,Canada,Bank Transfer,24,343.0,9.5,56.37,4.56,86,Fixed,60.78,344,14.291666666666666,3.988372093023256,0.9942028985507246,1,69.45,3,0.3108434203118088,-0.7390180412609162,Trusted Steady Performers
774,Digital Marketing,Upwork,Intermediate,Asia,Bank Transfer,168,9564.0,91.19,69.86,3.92,13,Hourly,17.88,416,56.92857142857143,735.6923076923077,22.93525179856115,2,55.379999999999995,1,-1.5322077311509064,0.2418227188597776,Balanced Mid-Tier Freelancers
775,Data Entry,Upwork,Expert,Asia,Crypto,101,6608.0,87.97,89.86,3.8,17,Fixed,38.54,52,65.42574257425743,388.70588235294116,124.67924528301887,3,68.13333333333334,3,0.4090504065185587,1.0946694820071488,Trusted Steady Performers
776,Customer Support,PeoplePerHour,Intermediate,Europe,PayPal,147,1697.0,48.55,57.5,3.61,44,Hourly,72.05,251,11.54421768707483,38.56818181818182,6.734126984126984,2,67.25,3,0.008611173180238524,-0.9625207405771984,Trusted Steady Performers
777,Data Entry,Toptal,Intermediate,Middle East,Bank Transfer,66,4948.0,20.51,61.46,3.13,13,Hourly,13.3,37,74.96969696969697,380.61538461538464,130.21052631578948,2,45.78666666666667,1,-3.1158622019788047,1.458819459709454,Balanced Mid-Tier Freelancers
778,App Development,Toptal,Intermediate,UK,Bank Transfer,246,4576.0,83.88,86.11,3.46,73,Fixed,77.3,307,18.601626016260163,62.68493150684932,14.857142857142858,2,77.53666666666668,3,1.5680636756966393,-1.2700261040799932,Trusted Steady Performers
779,App Development,Fiverr,Beginner,Middle East,Bank Transfer,242,5664.0,35.84,86.0,3.49,5,Hourly,57.54,333,23.40495867768595,1132.8,16.95808383233533,1,71.11333333333333,3,0.6464021296455092,-0.9000096848287227,Trusted Steady Performers
780,App Development,Fiverr,Expert,Middle East,Mobile Banking,135,3851.0,44.81,82.06,3.97,33,Hourly,54.2,138,28.525925925925925,116.6969696969697,27.705035971223023,3,71.88666666666667,3,0.8219549955002678,-0.1822902147375672,Trusted Steady Performers
781,Content Writing,PeoplePerHour,Intermediate,USA,Crypto,97,8330.0,69.84,84.7,4.49,4,Fixed,28.94,385,85.87628865979381,2082.5,21.580310880829014,2,67.81333333333333,2,0.4383212511123037,0.46797166266352286,Premium Specialists
782,App Development,Upwork,Intermediate,Australia,Mobile Banking,95,7426.0,38.57,77.14,3.95,26,Fixed,27.42,52,78.16842105263157,285.61538461538464,140.11320754716982,2,61.18666666666667,1,-0.7543025135404837,1.433963568263163,Balanced Mid-Tier Freelancers
783,SEO,Fiverr,Expert,Asia,Mobile Banking,137,949.0,64.72,62.59,3.12,68,Fixed,75.94,93,6.927007299270073,13.955882352941176,10.095744680851064,3,66.97666666666667,3,-0.04561360267610276,-0.7205184159905271,Trusted Steady Performers
784,Graphic Design,Freelancer,Expert,UK,PayPal,127,3527.0,89.1,67.28,4.92,16,Fixed,30.88,93,27.771653543307085,220.4375,37.52127659574468,3,65.52,1,-0.08958061233718981,0.03461483226552654,Balanced Mid-Tier Freelancers
785,Graphic Design,Upwork,Expert,USA,Mobile Banking,122,1794.0,80.75,59.08,4.89,22,Fixed,64.29,451,14.704918032786885,81.54545454545455,3.9690265486725664,3,73.72333333333334,3,1.159364578250264,-1.2767141506950732,Trusted Steady Performers
786,Data Entry,Freelancer,Beginner,Asia,PayPal,202,6146.0,41.25,95.42,4.57,36,Fixed,37.52,460,30.425742574257427,170.72222222222223,13.331887201735357,1,74.78,3,1.24445212270266,-0.8795553070535658,Trusted Steady Performers
787,Graphic Design,Toptal,Expert,Australia,Mobile Banking,286,2303.0,32.35,79.17,4.98,58,Hourly,19.75,262,8.052447552447552,39.706896551724135,8.756653992395437,3,66.17333333333333,1,-0.25677664924631266,-1.437737046304365,Balanced Mid-Tier Freelancers
788,Web Development,Upwork,Beginner,USA,Bank Transfer,5,1683.0,32.12,70.04,4.09,55,Fixed,10.75,485,336.6,30.6,3.462962962962963,1,54.196666666666665,1,-1.5703343081995575,0.853021218818504,Balanced Mid-Tier Freelancers
789,Customer Support,PeoplePerHour,Intermediate,Australia,Crypto,215,7051.0,38.12,73.1,4.93,35,Fixed,48.1,322,32.7953488372093,201.45714285714286,21.8297213622291,2,73.26666666666667,3,0.9652347422108275,-0.564495117814651,Trusted Steady Performers
790,Data Entry,Toptal,Beginner,Australia,Mobile Banking,267,7070.0,51.88,97.36,3.15,25,Fixed,78.3,136,26.47940074906367,282.8,51.605839416058394,1,79.55333333333334,3,1.8837260408744196,-0.4834002108369845,Trusted Steady Performers
791,Graphic Design,Toptal,Expert,Australia,PayPal,216,9103.0,44.58,57.67,3.73,72,Hourly,35.84,461,42.14351851851852,126.43055555555556,19.703463203463205,3,56.03666666666666,1,-1.64905095939738,-0.348773365878617,Balanced Mid-Tier Freelancers
792,Web Development,Freelancer,Beginner,USA,Crypto,91,8199.0,17.64,79.31,3.45,81,Fixed,35.0,371,90.0989010989011,101.22222222222223,22.04032258064516,1,61.10333333333333,1,-0.8098178526726232,0.5318271421114262,Balanced Mid-Tier Freelancers
793,Customer Support,Toptal,Expert,Middle East,PayPal,157,4751.0,20.53,75.29,3.39,61,Fixed,34.09,446,30.261146496815286,77.88524590163935,10.628635346756152,3,59.06000000000001,1,-1.164844622103945,-0.6524504375929566,Balanced Mid-Tier Freelancers
794,Content Writing,Fiverr,Beginner,Australia,Bank Transfer,191,6785.0,37.58,80.57,3.28,18,Hourly,46.44,255,35.52356020942408,376.94444444444446,26.50390625,1,64.20333333333333,1,-0.37636585518077426,-0.1513980238514308,Balanced Mid-Tier Freelancers
795,Graphic Design,Upwork,Intermediate,Middle East,Mobile Banking,65,1063.0,58.4,50.91,4.24,58,Hourly,40.85,394,16.353846153846153,18.32758620689655,2.6911392405063292,2,58.85333333333333,1,-1.1847446784771312,-0.7516578925833086,Balanced Mid-Tier Freelancers
796,Web Development,Fiverr,Beginner,Asia,Crypto,289,3349.0,61.3,93.61,4.56,76,Fixed,71.59,36,11.588235294117647,44.06578947368421,90.51351351351352,1,85.46666666666665,3,2.5993525142800613,-0.9805271790451591,Trusted Steady Performers
797,Digital Marketing,Freelancer,Intermediate,Asia,Bank Transfer,99,1556.0,51.19,96.61,4.16,57,Hourly,45.39,141,15.717171717171718,27.29824561403509,10.95774647887324,2,75.06666666666666,3,1.2793989097384604,-0.43388528040991814,Trusted Steady Performers
798,SEO,Freelancer,Expert,UK,Mobile Banking,278,4853.0,75.18,78.26,3.29,87,Hourly,45.54,146,17.4568345323741,55.7816091954023,33.01360544217687,3,63.199999999999996,1,-0.6858109030319748,-0.7715670110667463,Balanced Mid-Tier Freelancers
799,Digital Marketing,Upwork,Intermediate,Europe,Mobile Banking,45,1027.0,75.04,84.83,4.62,63,Fixed,19.69,7,22.822222222222223,16.3015873015873,128.375,2,65.64,1,-0.14516123959124058,0.5792192695154054,Balanced Mid-Tier Freelancers
800,Web Development,Toptal,Expert,Middle East,PayPal,151,1867.0,45.62,96.12,4.27,12,Fixed,78.79,250,12.364238410596027,155.58333333333334,7.438247011952191,3,86.77,3,3.114917558328101,-1.0977657800651734,Trusted Steady Performers
801,Data Entry,PeoplePerHour,Expert,Asia,PayPal,250,4951.0,16.82,85.36,3.78,11,Fixed,27.5,134,19.804,450.09090909090907,36.67407407407408,3,62.81999999999999,1,-0.6488574558264706,-0.3916931197248067,Balanced Mid-Tier Freelancers
802,App Development,Freelancer,Intermediate,Europe,Bank Transfer,136,9190.0,55.37,57.63,4.35,13,Hourly,15.14,58,67.57352941176471,706.9230769230769,155.76271186440678,2,53.25666666666666,1,-1.9814409142941594,1.5538530213110158,Balanced Mid-Tier Freelancers
803,App Development,Upwork,Intermediate,Australia,PayPal,127,6848.0,41.24,78.81,3.52,35,Fixed,56.42,122,53.92125984251968,195.65714285714284,55.67479674796748,2,68.54333333333334,3,0.32411589885774744,0.5156764186098886,Trusted Steady Performers
804,App Development,PeoplePerHour,Beginner,Europe,Bank Transfer,147,523.0,18.1,80.34,3.69,27,Hourly,51.68,446,3.557823129251701,19.37037037037037,1.1700223713646531,1,68.60666666666667,3,0.24132564799815853,-1.4479907551129654,Trusted Steady Performers
805,Customer Support,Toptal,Beginner,Europe,Bank Transfer,186,617.0,98.27,71.21,4.83,89,Fixed,39.06,262,3.317204301075269,6.932584269662922,2.346007604562738,1,68.95666666666666,3,0.20567017463761983,-1.3656201816477744,Trusted Steady Performers
806,Data Entry,Freelancer,Intermediate,Australia,Bank Transfer,196,8016.0,40.13,86.82,3.58,67,Hourly,39.55,119,40.89795918367347,119.64179104477611,66.8,2,65.99,1,-0.16930113634162197,0.3737263429899982,Balanced Mid-Tier Freelancers
807,Customer Support,Upwork,Intermediate,Middle East,PayPal,211,2308.0,64.45,96.72,3.94,89,Fixed,64.95,438,10.938388625592417,25.93258426966292,5.257403189066059,2,80.15666666666665,3,1.9623573731543291,-1.7107602041405796,Trusted Steady Performers
808,Graphic Design,Upwork,Intermediate,Australia,Crypto,235,8170.0,51.56,96.28,4.78,45,Hourly,23.7,258,34.765957446808514,181.55555555555554,31.544401544401545,2,71.86,3,0.781540117003065,-0.223252973751256,Trusted Steady Performers
809,App Development,Upwork,Intermediate,UK,Bank Transfer,26,4360.0,18.57,72.54,4.42,74,Fixed,67.42,322,167.69230769230768,58.91891891891892,13.4984520123839,2,76.12,3,1.5648098490464455,0.4061498828886196,Trusted Steady Performers
810,Digital Marketing,Freelancer,Expert,Canada,Crypto,84,2032.0,10.28,55.66,3.12,81,Fixed,55.41,17,24.19047619047619,25.08641975308642,112.88888888888889,3,57.82333333333333,1,-1.4988142564772986,0.4132907983340683,Balanced Mid-Tier Freelancers
811,Data Entry,PeoplePerHour,Intermediate,USA,Mobile Banking,134,1146.0,64.45,99.24,3.29,67,Fixed,39.33,300,8.552238805970148,17.104477611940297,3.8073089700996676,2,68.12333333333333,3,0.222484954409099,-0.943567044680225,Trusted Steady Performers
812,Data Entry,Upwork,Intermediate,Australia,PayPal,296,6660.0,28.47,91.94,3.02,22,Hourly,42.06,352,22.5,302.72727272727275,18.86685552407932,2,64.8,1,-0.34790937957080836,-0.9490527599267945,Balanced Mid-Tier Freelancers
813,App Development,Toptal,Intermediate,Australia,PayPal,280,3620.0,28.15,56.23,4.26,78,Hourly,27.97,484,12.928571428571429,46.41025641025641,7.463917525773196,2,56.46666666666667,1,-1.7760319946559064,-1.629612284492942,Balanced Mid-Tier Freelancers
814,Digital Marketing,Upwork,Intermediate,Europe,Crypto,59,6547.0,95.91,96.04,3.9,42,Fixed,62.65,91,110.96610169491525,155.88095238095238,71.16304347826087,2,78.89666666666668,3,2.083934063243713,1.0048045583883054,Trusted Steady Performers
815,Content Writing,PeoplePerHour,Expert,UK,Mobile Banking,70,3696.0,48.87,93.49,3.27,20,Hourly,45.9,163,52.8,184.8,22.536585365853657,3,68.26333333333334,3,0.4109350815263223,0.2721012374888097,Trusted Steady Performers
816,Data Entry,Freelancer,Beginner,Asia,Mobile Banking,231,2469.0,7.8,75.94,4.92,48,Fixed,32.46,143,10.688311688311689,51.4375,17.145833333333332,1,68.93333333333334,3,0.11961894784959923,-0.9139052752630874,Trusted Steady Performers
817,App Development,Upwork,Beginner,Asia,Bank Transfer,30,4329.0,37.29,79.56,4.06,18,Hourly,51.72,334,144.3,240.5,12.922388059701493,1,70.82666666666667,2,0.8542492717663374,0.443449883981217,Premium Specialists
818,SEO,Upwork,Beginner,Europe,PayPal,257,723.0,60.53,69.95,3.48,77,Fixed,79.7,412,2.813229571984436,9.38961038961039,1.7506053268765134,1,73.08333333333333,3,0.7580654873932806,-2.157910915978435,Trusted Steady Performers
819,Web Development,Toptal,Beginner,Middle East,Mobile Banking,201,2852.0,36.21,52.74,4.0,70,Hourly,40.47,314,14.189054726368159,40.74285714285714,9.053968253968254,1,57.73666666666667,1,-1.5543347819876907,-1.025456497494273,Balanced Mid-Tier Freelancers
820,Customer Support,Toptal,Beginner,Australia,Mobile Banking,134,7362.0,7.55,66.76,4.36,74,Hourly,74.45,401,54.940298507462686,99.48648648648648,18.313432835820894,1,76.13666666666667,3,1.3642927267780969,-0.3374374061004681,Trusted Steady Performers
821,Graphic Design,Upwork,Expert,Australia,Bank Transfer,247,2419.0,47.21,90.14,3.15,6,Hourly,34.15,432,9.793522267206479,403.1666666666667,5.586605080831409,3,62.43,1,-0.6195687508541123,-1.4720419327624066,Balanced Mid-Tier Freelancers
822,Data Entry,Upwork,Beginner,Europe,Bank Transfer,216,4580.0,15.06,50.23,3.55,39,Hourly,13.83,237,21.203703703703702,117.43589743589743,19.243697478991596,1,45.02,1,-3.463954338981749,-0.37358375960377166,Balanced Mid-Tier Freelancers
823,SEO,Toptal,Expert,Australia,Crypto,194,1116.0,63.82,66.67,4.61,11,Hourly,24.3,173,5.752577319587629,101.45454545454545,6.413793103448276,3,61.05666666666667,1,-0.8743930435995398,-0.8959365488657844,Balanced Mid-Tier Freelancers
824,SEO,PeoplePerHour,Expert,Middle East,PayPal,294,5482.0,63.86,69.91,3.92,25,Fixed,39.31,82,18.64625850340136,219.28,66.04819277108433,3,62.54,1,-0.7374475751235952,-0.4598528319099389,Balanced Mid-Tier Freelancers
825,Data Entry,Fiverr,Beginner,Canada,Mobile Banking,230,8123.0,8.59,76.87,4.09,55,Hourly,25.37,156,35.31739130434783,147.6909090909091,51.738853503184714,1,61.34666666666667,1,-0.9654943250784753,0.1641675446580082,Balanced Mid-Tier Freelancers
826,Content Writing,Fiverr,Beginner,USA,Crypto,250,737.0,32.61,95.99,3.87,84,Hourly,10.02,453,2.948,8.773809523809524,1.6233480176211454,1,61.13666666666666,1,-1.0295876969899809,-1.792253436418472,Balanced Mid-Tier Freelancers
827,Web Development,Upwork,Beginner,USA,PayPal,60,119.96000000000001,44.3,67.32,3.09,58,Hourly,74.05,108,1.9993333333333334,2.068275862068966,1.1005504587155963,1,67.72333333333334,3,0.0805478239990777,-0.4906601178142174,Trusted Steady Performers
828,Graphic Design,Toptal,Intermediate,USA,Crypto,59,6824.0,57.28,67.35,3.33,37,Hourly,69.07,177,115.66101694915254,184.43243243243242,38.337078651685395,2,67.67333333333333,2,0.31354509120054735,0.8726275748221044,Premium Specialists
829,Data Entry,Freelancer,Expert,Canada,PayPal,280,469.0,33.13,86.88,3.89,16,Fixed,61.96,249,1.675,29.3125,1.876,3,75.54666666666667,3,1.232450754801053,-1.8469198344662416,Trusted Steady Performers
830,Customer Support,Freelancer,Beginner,Australia,PayPal,157,6941.0,32.34,72.61,3.42,70,Hourly,21.75,494,44.210191082802545,99.15714285714286,14.022222222222222,1,54.25333333333333,1,-1.9089028144388085,-0.31849906294815106,Balanced Mid-Tier Freelancers
831,Graphic Design,Fiverr,Intermediate,Europe,Mobile Banking,57,5643.0,98.39,61.23,3.1,73,Hourly,18.43,252,99.0,77.3013698630137,22.304347826086957,2,47.22,1,-2.8051394879758083,0.7885092630840339,Balanced Mid-Tier Freelancers
832,Digital Marketing,PeoplePerHour,Expert,Asia,PayPal,115,6154.0,8.98,72.62,4.69,37,Fixed,14.73,54,53.51304347826087,166.32432432432432,111.89090909090909,3,60.38333333333333,1,-0.9626607696379963,1.0073746138123914,Balanced Mid-Tier Freelancers
833,SEO,Fiverr,Intermediate,UK,Bank Transfer,208,3942.0,98.8151,57.04,4.96,53,Fixed,60.68,154,18.951923076923077,74.37735849056604,25.43225806451613,2,72.30666666666667,3,0.7717954212857607,-0.7665206713348797,Trusted Steady Performers
834,SEO,Upwork,Intermediate,Australia,Mobile Banking,116,489.0,9.54,58.82,4.59,87,Hourly,75.02,390,4.2155172413793105,5.620689655172414,1.2506393861892584,2,75.21333333333332,3,1.1258708032435343,-1.4343907468072166,Trusted Steady Performers
835,Data Entry,PeoplePerHour,Beginner,Canada,Bank Transfer,262,9528.0,32.39,74.92,4.71,16,Fixed,40.14,90,36.36641221374046,595.5,104.7032967032967,1,69.75333333333333,3,0.36171590233355433,0.36411072752055756,Trusted Steady Performers
836,Data Entry,Freelancer,Expert,Middle East,Crypto,20,1258.0,51.9,70.95,3.48,18,Hourly,18.34,338,62.9,69.88888888888889,3.7109144542772863,3,52.96333333333334,1,-1.8752320319357902,0.03921737766382589,Balanced Mid-Tier Freelancers
837,Customer Support,Toptal,Intermediate,Canada,Crypto,170,9320.0,18.61,95.74,4.92,19,Hourly,45.87,125,54.8235294117647,490.5263157894737,73.96825396825396,2,80.00333333333333,3,2.0691778013644733,0.6261856134304482,Trusted Steady Performers
838,Digital Marketing,Toptal,Expert,Asia,PayPal,284,2613.0,17.81,68.12,3.39,44,Fixed,34.42,336,9.200704225352112,59.38636363636363,7.753709198813056,3,56.78000000000001,1,-1.6750878823998134,-1.4457666756568384,Balanced Mid-Tier Freelancers
839,Content Writing,Upwork,Beginner,USA,PayPal,162,7516.0,29.35,79.03,4.9,2,Hourly,36.24,168,46.39506172839506,3758.0,44.47337278106509,1,71.09000000000002,3,0.7016088914958016,0.31904232254832215,Trusted Steady Performers
840,Data Entry,Fiverr,Expert,Australia,Bank Transfer,253,1303.0,97.48,81.61,4.99,58,Fixed,53.49,138,5.150197628458498,22.46551724137931,9.37410071942446,3,78.3,3,1.665715693499148,-1.4362396813626337,Trusted Steady Performers
841,SEO,Upwork,Intermediate,Asia,Bank Transfer,185,3259.0,41.11,50.65,4.42,10,Fixed,60.31,5,17.616216216216216,325.9,543.1666666666666,2,66.45333333333333,0,-0.24769121813803377,1.2921972644519868,Balanced Mid-Tier Freelancers
842,Graphic Design,Toptal,Intermediate,USA,Bank Transfer,195,3599.0,58.77,83.18,4.96,76,Hourly,17.74,65,18.456410256410255,47.35526315789474,54.53030303030303,2,66.70666666666666,1,-0.12671828267070198,-0.23053253423383413,Balanced Mid-Tier Freelancers
843,Web Development,Freelancer,Expert,UK,Crypto,143,664.0,71.91,58.9,4.14,46,Hourly,12.49,110,4.643356643356643,14.434782608695652,5.981981981981982,3,51.39666666666667,1,-2.368260089674895,-0.4679547859810008,Balanced Mid-Tier Freelancers
844,App Development,Toptal,Intermediate,Middle East,Bank Transfer,82,3128.0,75.51,98.05,3.52,82,Fixed,79.6,183,38.146341463414636,38.146341463414636,17.0,2,82.68333333333332,3,2.4788605102387034,-0.3329842501710074,Trusted Steady Performers
845,Graphic Design,PeoplePerHour,Intermediate,USA,Mobile Banking,54,3540.0,70.36,57.43,3.87,19,Hourly,26.29,267,65.55555555555556,186.31578947368422,13.208955223880597,2,53.70666666666667,1,-1.8166025723717878,0.2808221611174175,Balanced Mid-Tier Freelancers
846,Content Writing,Toptal,Intermediate,UK,Mobile Banking,89,3593.0,37.01,70.73,4.19,38,Fixed,13.77,169,40.37078651685393,94.55263157894737,21.13529411764706,2,56.100000000000016,1,-1.5761126848040596,0.264091088213378,Balanced Mid-Tier Freelancers
847,Web Development,Toptal,Beginner,Canada,Crypto,187,8152.0,15.61,54.27,3.15,37,Fixed,23.29,361,43.593582887700535,220.32432432432432,22.519337016574585,1,46.85333333333333,1,-3.0730181798862253,0.0790081992014539,Balanced Mid-Tier Freelancers
848,Graphic Design,PeoplePerHour,Beginner,USA,Bank Transfer,187,1950.0,31.76,99.84,4.24,78,Fixed,12.73,243,10.427807486631016,25.0,7.991803278688525,1,65.79,1,-0.2698138946185432,-0.8754876992297067,Balanced Mid-Tier Freelancers
849,Graphic Design,Fiverr,Intermediate,USA,Bank Transfer,8,5730.0,24.98,75.11,4.96,45,Fixed,37.43,330,716.25,127.33333333333333,17.31117824773414,2,70.58,2,1.2601950857420274,2.9023248036531997,Premium Specialists
850,Digital Marketing,Toptal,Expert,Europe,PayPal,115,6801.0,17.95,79.77,3.38,34,Hourly,66.17,137,59.13913043478261,200.02941176470588,49.28260869565217,3,71.18,3,0.7405910070259576,0.5002118487623497,Trusted Steady Performers
851,App Development,Upwork,Beginner,Middle East,Mobile Banking,255,5912.0,7.33,53.35,4.59,2,Hourly,33.89,27,23.184313725490195,2956.0,211.14285714285714,1,59.68000000000001,1,-1.28699553207347,0.43109834640862604,Balanced Mid-Tier Freelancers
852,Customer Support,Toptal,Expert,Middle East,Crypto,137,1762.0,93.89,87.5,4.82,44,Hourly,41.09,6,12.861313868613138,40.04545454545455,251.71428571428572,3,74.99666666666667,3,1.2451508514745793,0.3860934725602929,Trusted Steady Performers
853,Content Writing,Upwork,Intermediate,Asia,Bank Transfer,104,2379.0,92.5,60.5,4.89,83,Hourly,57.29,397,22.875,28.662650602409638,5.977386934673367,2,71.86333333333333,3,0.7847988108592729,-0.9826162162673396,Trusted Steady Performers
854,SEO,PeoplePerHour,Intermediate,Canada,PayPal,176,1244.0,9.79,94.9,4.92,27,Hourly,45.62,332,7.068181818181818,46.074074074074076,3.735735735735736,2,79.64,3,1.9156649377717043,-1.3390079754586406,Trusted Steady Performers
855,Digital Marketing,Toptal,Expert,Europe,Crypto,291,6831.0,21.44,60.26,4.04,48,Hourly,70.3,452,23.47422680412371,142.3125,15.079470198675496,3,70.45333333333333,3,0.4378568249309611,-1.361379230148009,Trusted Steady Performers
856,Web Development,PeoplePerHour,Beginner,Asia,Crypto,123,8212.0,18.25,59.53,4.95,7,Fixed,70.62,316,66.76422764227642,1173.142857142857,25.905362776025235,1,76.38333333333334,3,1.5277809682174681,0.12870489662914458,Trusted Steady Performers
857,App Development,PeoplePerHour,Expert,UK,Mobile Banking,179,4956.0,31.72,51.83,4.51,27,Hourly,10.69,50,27.687150837988828,183.55555555555554,97.17647058823529,3,50.90666666666666,1,-2.481325180154322,0.4588593966798847,Balanced Mid-Tier Freelancers
858,SEO,Fiverr,Expert,Asia,Bank Transfer,34,1428.0,24.39,73.6,3.32,85,Fixed,64.46,425,42.0,16.8,3.352112676056338,3,68.15333333333332,3,0.2616551271927313,-0.6373954835274667,Trusted Steady Performers
859,Digital Marketing,Toptal,Intermediate,UK,Crypto,59,9554.0,94.86,78.24,3.95,71,Fixed,42.25,135,161.9322033898305,134.56338028169014,70.25,2,66.49666666666667,2,0.19862452204189743,1.66255913923532,Premium Specialists
860,App Development,Upwork,Beginner,Canada,PayPal,200,799.0,13.0,53.29,4.44,89,Fixed,79.22,177,3.995,8.97752808988764,4.48876404494382,1,73.77,3,0.7567890096856216,-1.4021488872483092,Trusted Steady Performers
861,Customer Support,Upwork,Expert,Middle East,PayPal,45,5342.0,25.11,88.78,3.49,18,Hourly,43.83,128,118.71111111111111,296.77777777777777,41.41085271317829,3,67.47000000000001,2,0.3352066857621124,1.0215811132341512,Premium Specialists
862,Content Writing,Toptal,Beginner,UK,Crypto,177,350.0,12.67,72.66,4.28,33,Fixed,79.08,196,1.9774011299435028,10.606060606060606,1.7766497461928934,1,79.11333333333333,3,1.720744213343016,-1.3619430556929348,Trusted Steady Performers
863,Data Entry,Fiverr,Intermediate,Canada,PayPal,223,4745.0,98.14,76.22,4.33,33,Hourly,62.82,266,21.278026905829595,143.78787878787878,17.771535580524343,2,75.21333333333332,3,1.3015866070503264,-0.9488287831625202,Trusted Steady Performers
864,Customer Support,Fiverr,Beginner,Asia,Crypto,212,4674.0,92.25,72.04,3.33,25,Fixed,27.4,495,22.047169811320753,186.96,9.423387096774194,1,55.34666666666667,1,-1.6779603556802491,-1.0312518214039084,Balanced Mid-Tier Freelancers
865,Data Entry,Fiverr,Intermediate,UK,PayPal,162,3887.0,73.08,70.04,4.13,14,Hourly,47.69,106,23.993827160493826,277.64285714285717,36.32710280373832,2,66.77666666666666,3,0.032579043664078204,-0.18747487346676578,Trusted Steady Performers
866,Web Development,Upwork,Beginner,Australia,Crypto,232,327.0,45.47,77.98,4.54,38,Hourly,79.45,47,1.4094827586206897,8.605263157894736,6.8125,1,82.74333333333334,3,2.235565136699638,-1.3952638142950557,Trusted Steady Performers
867,Data Entry,PeoplePerHour,Expert,USA,Crypto,89,3967.0,23.07,57.76,4.0,38,Hourly,70.03,137,44.57303370786517,104.39473684210526,28.746376811594203,3,69.26333333333334,3,0.3945483068545219,0.07758240470497352,Trusted Steady Performers
868,Digital Marketing,Fiverr,Intermediate,Asia,Crypto,177,7357.0,26.04,59.1,3.02,4,Hourly,16.82,398,41.56497175141243,1839.25,18.43859649122807,2,45.44,1,-3.172310124564994,0.007798096214022705,Balanced Mid-Tier Freelancers
869,Web Development,Upwork,Expert,Middle East,PayPal,249,2211.0,47.09,93.09,3.02,62,Hourly,59.45,102,8.879518072289157,35.66129032258065,21.466019417475728,3,70.98,3,0.516757616247953,-1.0264248158108855,Trusted Steady Performers
870,SEO,Upwork,Intermediate,Asia,Crypto,177,1439.0,77.98,97.31,3.71,82,Fixed,34.19,46,8.129943502824858,17.548780487804876,30.617021276595743,2,68.56666666666666,3,0.18916459639909822,-0.5524366297364744,Trusted Steady Performers
871,Customer Support,PeoplePerHour,Beginner,Australia,Mobile Banking,216,8932.0,30.15,68.67,4.85,10,Hourly,10.49,476,41.351851851851855,893.2,18.72536687631027,1,58.720000000000006,1,-1.1849212352565228,-0.2925903261506853,Balanced Mid-Tier Freelancers
872,Customer Support,Toptal,Beginner,Canada,Crypto,88,4782.0,34.53,63.54,3.46,35,Hourly,38.24,152,54.34090909090909,136.62857142857143,31.254901960784313,1,56.99333333333333,1,-1.4610866402565488,0.4610542890690481,Balanced Mid-Tier Freelancers
873,Content Writing,Toptal,Intermediate,Canada,Bank Transfer,177,3518.0,61.99,82.2,4.27,23,Fixed,26.43,367,19.875706214689266,152.95652173913044,9.559782608695652,2,64.67666666666666,1,-0.25993266791402775,-0.8355005709662038,Balanced Mid-Tier Freelancers
874,Web Development,Fiverr,Intermediate,Asia,Bank Transfer,187,6191.0,27.58,70.44,3.44,89,Hourly,67.32,5,33.106951871657756,69.56179775280899,1031.8333333333333,2,68.85333333333334,0,-0.05979167525779662,3.1803468517188884,Balanced Mid-Tier Freelancers
875,SEO,Fiverr,Intermediate,Australia,Mobile Banking,137,6019.0,60.5,51.27,3.64,65,Hourly,33.61,10,43.934306569343065,92.6,547.1818181818181,2,52.56,0,-2.3223361679280643,2.2180086877489757,Balanced Mid-Tier Freelancers
876,Customer Support,PeoplePerHour,Beginner,Asia,Crypto,292,3866.0,41.78,57.81,4.7,82,Hourly,67.93,16,13.23972602739726,47.146341463414636,227.41176470588235,1,73.24666666666667,3,0.612978907552152,-0.36940747323037915,Trusted Steady Performers
877,Web Development,Fiverr,Intermediate,USA,Bank Transfer,266,9181.0,8.26,85.8,4.46,79,Hourly,10.04,142,34.515037593984964,116.21518987341773,64.2027972027972,2,61.68,1,-0.9421681936337022,0.2221163566312217,Balanced Mid-Tier Freelancers
878,Graphic Design,PeoplePerHour,Intermediate,USA,Crypto,286,5087.0,43.26,82.95,3.19,25,Hourly,31.55,271,17.786713286713287,203.48,18.702205882352942,2,59.43333333333334,1,-1.1871857274594113,-0.9028884992714608,Balanced Mid-Tier Freelancers
879,Graphic Design,Upwork,Expert,Europe,Bank Transfer,297,6044.0,92.35,51.35,3.86,53,Fixed,26.88,311,20.35016835016835,114.0377358490566,19.371794871794872,3,51.81,1,-2.354794034937853,-0.9137305946134227,Balanced Mid-Tier Freelancers
880,Web Development,Fiverr,Intermediate,UK,PayPal,273,9937.02,32.85,61.1,3.06,84,Hourly,26.35,65,36.39934065934066,118.29785714285715,150.5609090909091,2,49.550000000000004,1,-2.83145111202898,0.7661308318899166,Balanced Mid-Tier Freelancers
881,Customer Support,Upwork,Expert,Europe,PayPal,201,2501.0,35.67,61.55,3.96,17,Fixed,14.77,419,12.442786069651742,147.11764705882354,5.954761904761905,3,51.84,1,-2.270563568402958,-1.071417097484106,Balanced Mid-Tier Freelancers
882,App Development,Freelancer,Expert,USA,Mobile Banking,29,119.96000000000001,11.26,83.59,4.32,57,Hourly,23.1,338,4.136551724137932,2.104561403508772,0.3538643067846608,3,64.36333333333333,1,-0.3132055794006494,-0.5508904117854845,Balanced Mid-Tier Freelancers
883,Data Entry,PeoplePerHour,Expert,Australia,Mobile Banking,145,6012.0,63.43,50.99,3.24,75,Fixed,48.89,421,41.46206896551724,80.16,14.246445497630331,3,54.89333333333334,1,-1.7847103213949507,-0.38990203019019365,Balanced Mid-Tier Freelancers
884,Graphic Design,Freelancer,Beginner,UK,Crypto,227,2606.0,85.68,55.21,3.58,77,Fixed,30.4,495,11.480176211453745,33.84415584415584,5.254032258064516,1,52.403333333333336,1,-2.298249825106391,-1.510876050225197,Balanced Mid-Tier Freelancers
885,App Development,Fiverr,Expert,Australia,Mobile Banking,24,7682.0,38.53,90.0,3.8,89,Fixed,39.22,468,320.0833333333333,86.31460674157303,16.37953091684435,3,68.40666666666667,2,0.642687646489686,1.3555991304354842,Premium Specialists
886,App Development,Upwork,Intermediate,Europe,Crypto,251,119.96000000000001,27.82,58.93,4.84,20,Hourly,36.38,330,0.47792828685258965,5.998,0.36241691842900303,2,64.03666666666666,1,-0.5685267685801828,-1.7763486322045752,Balanced Mid-Tier Freelancers
887,Content Writing,Fiverr,Beginner,Canada,PayPal,205,7725.0,95.88,82.64,4.99,25,Hourly,71.31,255,37.68292682926829,309.0,30.17578125,1,84.58333333333333,3,2.770431575073659,-0.448777295636236,Trusted Steady Performers
888,SEO,Freelancer,Beginner,Australia,PayPal,119,172.0,75.78,61.91,3.09,42,Fixed,73.37,488,1.4453781512605042,4.095238095238095,0.35173824130879344,1,65.69333333333333,3,-0.1571561053441763,-1.5507221637683755,Trusted Steady Performers
889,Digital Marketing,Fiverr,Beginner,Europe,Bank Transfer,193,5666.0,58.88,54.97,4.52,45,Hourly,44.51,126,29.357512953367877,125.91111111111111,44.61417322834646,1,63.29333333333333,1,-0.6299341964183791,-0.11219680059980641,Balanced Mid-Tier Freelancers
890,Graphic Design,Toptal,Beginner,Europe,Crypto,30,1236.0,34.03,62.16,3.74,31,Hourly,33.11,130,41.2,39.87096774193548,9.435114503816793,1,56.69,1,-1.4930227774196156,0.21869349303826632,Balanced Mid-Tier Freelancers
891,Web Development,Freelancer,Beginner,Europe,PayPal,58,5208.0,25.98,86.11,3.78,65,Fixed,17.48,481,89.79310344827586,80.12307692307692,10.804979253112034,1,59.72999999999999,1,-0.9412470658498293,0.12293158069554418,Balanced Mid-Tier Freelancers
892,Data Entry,Fiverr,Beginner,Canada,PayPal,174,7914.0,73.0,92.78,4.51,52,Hourly,76.74,17,45.48275862068966,152.19230769230768,439.6666666666667,1,86.57333333333332,0,2.926592760786913,1.4843127995582575,Balanced Mid-Tier Freelancers
893,Digital Marketing,Upwork,Beginner,Canada,Crypto,15,9937.02,54.57,91.51,4.84,80,Fixed,14.22,206,662.4680000000001,124.21275,48.00492753623189,1,67.51,2,0.7461007136891938,3.6831945463049114,Premium Specialists
894,SEO,Fiverr,Expert,Asia,Bank Transfer,31,4139.0,54.46,69.86,4.9,21,Hourly,30.84,88,133.51612903225808,197.0952380952381,46.50561797752809,3,66.23333333333333,2,0.1474816836895758,1.0599814275534738,Premium Specialists
895,App Development,Upwork,Intermediate,Canada,Bank Transfer,87,2522.0,12.0,83.4,4.15,30,Fixed,30.86,437,28.988505747126435,84.06666666666666,5.757990867579909,2,65.75333333333333,1,-0.07732642520674081,-0.628336560278443,Balanced Mid-Tier Freelancers
896,SEO,Toptal,Intermediate,UK,Bank Transfer,294,7500.0,53.66,60.25,3.71,3,Hourly,32.43,495,25.510204081632654,2500.0,15.120967741935484,2,55.626666666666665,1,-1.69627411680732,-1.039453208198955,Balanced Mid-Tier Freelancers
897,Customer Support,Fiverr,Expert,Canada,Bank Transfer,42,3014.0,83.16,64.66,4.58,70,Hourly,21.5,242,71.76190476190476,43.05714285714286,12.40329218106996,3,59.25333333333333,1,-1.0014241805170139,0.2404432262545359,Balanced Mid-Tier Freelancers
898,Graphic Design,Toptal,Expert,Canada,PayPal,91,8154.0,94.95,94.82,3.5,43,Fixed,64.82,462,89.6043956043956,189.62790697674419,17.61123110151188,3,76.54666666666667,3,1.7935983241671896,0.09090773667825963,Trusted Steady Performers
899,SEO,Freelancer,Beginner,Canada,Crypto,160,1360.0,15.13,50.65,4.13,29,Fixed,18.57,349,8.5,46.89655172413793,3.8857142857142857,1,50.60666666666666,1,-2.5669876834980236,-0.9265266945557336,Balanced Mid-Tier Freelancers
900,SEO,Upwork,Beginner,Australia,Crypto,290,8396.0,64.96,54.28,3.72,3,Hourly,54.44,16,28.951724137931034,2798.6666666666665,493.88235294117646,1,61.04,0,-1.0688436582585463,1.4134742898768227,Balanced Mid-Tier Freelancers
901,Data Entry,Freelancer,Expert,Canada,PayPal,190,2262.0,58.99,60.39,4.31,58,Fixed,18.67,465,11.905263157894737,39.0,4.854077253218884,3,55.086666666666666,1,-1.8061001572913142,-1.257648005271018,Balanced Mid-Tier Freelancers
902,Customer Support,Upwork,Beginner,UK,PayPal,186,9504.0,89.58,51.33,3.48,33,Fixed,14.94,222,51.096774193548384,288.0,42.61883408071749,1,45.29,1,-3.218795286328327,0.6455907012800152,Balanced Mid-Tier Freelancers
903,Customer Support,Toptal,Intermediate,Europe,PayPal,147,6842.0,76.37,59.07,3.38,75,Fixed,73.66,369,46.54421768707483,91.22666666666667,18.491891891891893,2,66.77666666666666,3,0.019982632590418027,-0.361822047471443,Trusted Steady Performers
904,App Development,PeoplePerHour,Intermediate,Australia,Mobile Banking,210,9604.0,96.7,79.15,4.84,45,Fixed,23.31,362,45.733333333333334,213.42222222222222,26.457300275482094,2,66.42,1,0.049209092521831116,-0.07121371054036106,Balanced Mid-Tier Freelancers
905,Data Entry,Fiverr,Beginner,USA,Crypto,146,9179.0,96.2,71.07,3.2,69,Fixed,67.49,209,62.86986301369863,133.02898550724638,43.70952380952381,1,67.52,3,0.17144439296832836,0.45935507842254913,Trusted Steady Performers
906,Data Entry,Toptal,Beginner,Canada,Crypto,189,8753.0,26.44,94.63,4.01,32,Hourly,48.12,98,46.31216931216931,273.53125,88.41414141414141,1,74.31666666666666,3,1.1316337193622585,0.5651689366906,Trusted Steady Performers
907,Web Development,Upwork,Beginner,Asia,Crypto,245,8428.0,73.91,90.87,3.44,82,Fixed,15.45,12,34.4,102.78048780487805,648.3076923076923,1,58.373333333333335,0,-1.5058951975552857,2.300366230521487,Balanced Mid-Tier Freelancers
908,SEO,Upwork,Intermediate,Asia,Bank Transfer,12,1895.0,55.4,67.09,3.08,84,Fixed,76.88,318,157.91666666666666,22.55952380952381,5.940438871473354,2,68.52333333333333,3,0.41995335295694275,0.12624810025923094,Trusted Steady Performers
909,SEO,Upwork,Beginner,Europe,PayPal,76,7710.0,25.39,62.97,3.07,52,Fixed,27.29,269,101.44736842105263,148.26923076923077,28.555555555555557,1,50.553333333333335,1,-2.378775078696499,0.9596862307643815,Balanced Mid-Tier Freelancers
910,Customer Support,Upwork,Expert,Europe,PayPal,292,1752.0,23.51,68.98,3.35,64,Fixed,70.18,186,6.0,27.375,9.368983957219251,3,68.72000000000001,3,0.05989667904125227,-1.5830371300068724,Trusted Steady Performers
911,SEO,Fiverr,Beginner,Australia,PayPal,99,440.0,12.7,79.51,4.73,40,Hourly,21.82,419,4.444444444444445,11.0,1.0476190476190477,1,65.31,1,-0.2484061696796369,-1.0462753232733595,Balanced Mid-Tier Freelancers
912,Content Writing,Freelancer,Expert,Asia,Mobile Banking,161,704.0,80.58,63.4,3.56,13,Fixed,69.78,273,4.372670807453416,54.15384615384615,2.5693430656934306,3,68.12666666666667,3,0.2516413025585438,-1.2272814517349229,Trusted Steady Performers
913,Data Entry,PeoplePerHour,Beginner,USA,Crypto,45,5885.0,35.83,81.21,4.9,80,Hourly,10.93,132,130.77777777777777,73.5625,44.24812030075188,1,63.38,1,-0.42940226176363816,1.1793694162530683,Balanced Mid-Tier Freelancers
914,Digital Marketing,Fiverr,Beginner,Middle East,PayPal,273,4321.0,86.41,70.47,4.16,89,Hourly,45.82,13,15.827838827838828,48.550561797752806,308.64285714285717,1,66.49666666666667,3,-0.3265742535381925,0.21143538392843914,Trusted Steady Performers
915,Customer Support,Upwork,Intermediate,Asia,Mobile Banking,159,9005.0,62.79,77.6,3.87,74,Fixed,63.86,280,56.63522012578616,121.6891891891892,32.04626334519573,2,72.95333333333333,3,0.974830476306802,0.1300818321775618,Trusted Steady Performers
916,Graphic Design,Fiverr,Expert,Asia,PayPal,279,3450.0,69.0,71.81,4.16,29,Fixed,75.44,43,12.365591397849462,118.96551724137932,78.4090909090909,3,76.81666666666666,3,1.404851053354025,-0.8563538513015614,Trusted Steady Performers
917,Customer Support,Toptal,Expert,UK,Bank Transfer,158,5369.0,32.71,64.72,4.03,63,Hourly,73.64,376,33.98101265822785,85.22222222222223,14.241379310344827,3,72.98666666666666,3,0.9261978020613584,-0.7305160461331264,Trusted Steady Performers
918,App Development,Upwork,Expert,Middle East,Crypto,57,6782.0,48.44,97.42,4.52,84,Hourly,67.37,294,118.98245614035088,80.73809523809524,22.989830508474576,3,85.06333333333333,3,2.9652044133618642,0.4070575807364814,Trusted Steady Performers
919,Digital Marketing,PeoplePerHour,Intermediate,Europe,Mobile Banking,183,6724.0,44.17,88.18,3.56,26,Hourly,72.17,395,36.743169398907106,258.61538461538464,16.97979797979798,2,77.18333333333334,3,1.6570582774902542,-0.6564378595908221,Trusted Steady Performers
920,App Development,Upwork,Expert,Middle East,PayPal,244,1135.0,27.39,57.01,3.71,59,Fixed,23.95,103,4.651639344262295,19.23728813559322,10.913461538461538,3,51.72,1,-2.4979771438414455,-0.9303027165127312,Balanced Mid-Tier Freelancers
921,Web Development,PeoplePerHour,Intermediate,Asia,Crypto,141,5496.0,84.09,93.42,4.79,49,Hourly,29.89,444,38.97872340425532,112.16326530612245,12.350561797752809,2,73.03666666666668,3,1.0928611363360605,-0.5824601951859905,Trusted Steady Performers
922,Web Development,PeoplePerHour,Beginner,Europe,Mobile Banking,259,4426.0,64.1,74.37,4.89,53,Fixed,30.23,61,17.08880308880309,83.50943396226415,71.38709677419355,1,67.46666666666667,3,-0.06708624633860838,-0.44266881502619665,Trusted Steady Performers
923,App Development,Freelancer,Beginner,Middle East,Crypto,228,2013.0,8.56,94.73,4.79,88,Hourly,36.39,52,8.828947368421053,22.875,37.9811320754717,1,75.64,3,1.0812389873419816,-0.8138475595662997,Trusted Steady Performers
924,SEO,Freelancer,Expert,Europe,Crypto,184,5227.0,82.89,89.99,3.84,31,Hourly,37.53,308,28.407608695652176,168.61290322580646,16.915857605177994,3,68.10666666666667,3,0.31993031453269616,-0.5289271149375298,Trusted Steady Performers
925,Digital Marketing,Fiverr,Beginner,Europe,Bank Transfer,186,4622.0,15.07,71.26,4.56,12,Fixed,48.12,411,24.849462365591396,385.1666666666667,11.218446601941748,1,70.19333333333333,3,0.4953558980671596,-0.9236012926072162,Trusted Steady Performers
926,SEO,Fiverr,Beginner,Australia,Crypto,263,7593.0,43.35,51.12,3.95,58,Fixed,21.19,418,28.870722433460077,130.91379310344828,18.121718377088307,1,50.43666666666667,1,-2.615813795610643,-0.6684254132800619,Balanced Mid-Tier Freelancers
927,Customer Support,PeoplePerHour,Expert,USA,Mobile Banking,247,8957.0,59.27,63.43,4.0,36,Hourly,58.39,117,36.26315789473684,248.80555555555554,75.90677966101696,3,67.27333333333333,3,0.03593058371356235,0.15378725098404897,Trusted Steady Performers
928,Content Writing,Upwork,Beginner,Europe,Crypto,100,292.0,6.2347,77.08,3.41,10,Fixed,21.73,320,2.92,29.2,0.9096573208722741,1,55.669999999999995,1,-1.6878452389763767,-0.7147834654173941,Balanced Mid-Tier Freelancers
929,Web Development,Toptal,Expert,UK,Mobile Banking,201,6560.0,67.03,81.67,4.18,6,Fixed,31.72,130,32.63681592039801,1093.3333333333333,50.0763358778626,3,65.66333333333333,1,-0.08267668126395573,0.10563511254021035,Balanced Mid-Tier Freelancers
930,Web Development,Toptal,Expert,Asia,Crypto,18,3965.0,67.67,62.89,3.37,7,Hourly,45.23,298,220.27777777777777,566.4285714285714,13.26086956521739,3,58.50666666666667,2,-0.8688813860371474,0.9591435878274991,Premium Specialists
931,Digital Marketing,Upwork,Beginner,Asia,PayPal,124,9765.0,66.99,56.97,3.66,31,Fixed,65.75,305,78.75,315.0,31.91176470588235,1,65.30666666666667,3,-0.1074890999932879,0.5342856742928493,Trusted Steady Performers
932,Web Development,Upwork,Beginner,UK,Bank Transfer,273,887.0,20.53,91.75,4.71,72,Fixed,61.76,198,3.249084249084249,12.319444444444445,4.457286432160804,1,82.57,3,2.1409265185419164,-1.780266832103374,Trusted Steady Performers
933,Content Writing,Freelancer,Beginner,Canada,PayPal,175,3373.0,29.29,99.22,3.41,3,Hourly,55.19,392,19.274285714285714,1124.3333333333333,8.582697201017812,1,74.20333333333333,3,1.185716514540085,-1.0247049317507713,Trusted Steady Performers
934,Content Writing,Toptal,Beginner,Europe,Bank Transfer,76,3003.0,28.5,76.28,3.14,47,Hourly,20.9,35,39.51315789473684,63.8936170212766,83.41666666666667,1,53.32666666666666,1,-2.0666046710840127,0.7380354357037224,Balanced Mid-Tier Freelancers
935,Content Writing,PeoplePerHour,Beginner,Europe,Mobile Banking,183,9587.0,96.21,58.58,3.14,85,Fixed,48.29,278,52.387978142076506,112.78823529411764,34.36200716845878,1,56.556666666666665,1,-1.5649378224292616,0.26331498770318457,Balanced Mid-Tier Freelancers
936,Graphic Design,Fiverr,Intermediate,Europe,Bank Transfer,174,1482.0,11.42,63.62,4.88,1,Fixed,16.12,215,8.517241379310345,1482.0,6.861111111111111,2,59.11333333333334,1,-1.2211989241089276,-0.7440193165784156,Balanced Mid-Tier Freelancers
937,Content Writing,Freelancer,Beginner,Middle East,Crypto,163,6904.0,45.73,50.92,4.01,45,Fixed,36.42,73,42.355828220858896,153.42222222222222,93.29729729729729,1,55.84666666666667,1,-1.7499350385422738,0.6408915410754913,Balanced Mid-Tier Freelancers
938,Content Writing,Toptal,Intermediate,Europe,Crypto,158,7705.0,87.77,95.71,3.82,54,Hourly,38.95,305,48.765822784810126,142.6851851851852,25.179738562091504,2,70.35333333333334,3,0.6748863850370944,0.0074982563083572165,Trusted Steady Performers
939,Graphic Design,Upwork,Expert,Europe,PayPal,86,8481.0,78.1,55.89,4.62,50,Hourly,12.79,54,98.61627906976744,169.62,154.2,3,53.693333333333335,1,-1.861895305105427,1.784869186871638,Balanced Mid-Tier Freelancers
940,SEO,Toptal,Beginner,UK,Bank Transfer,61,8380.0,83.13,78.83,4.67,79,Fixed,29.18,495,137.37704918032787,106.07594936708861,16.89516129032258,1,67.13666666666667,2,0.2819369186272045,0.5203363542637762,Premium Specialists
941,Customer Support,PeoplePerHour,Beginner,USA,Mobile Banking,11,8661.0,97.37,63.7,3.66,7,Fixed,76.9,380,787.3636363636364,1237.2857142857142,22.73228346456693,1,71.26666666666667,2,1.5670533336747237,3.336668788883981,Premium Specialists
942,Data Entry,Freelancer,Beginner,USA,Mobile Banking,116,353.0,41.79,77.71,4.39,63,Fixed,76.75,11,3.043103448275862,5.603174603174603,29.416666666666668,1,80.75333333333333,3,1.986557815540154,-0.6271101855867841,Trusted Steady Performers
943,Web Development,Upwork,Expert,Canada,Crypto,52,2212.0,34.42,82.57,4.54,15,Hourly,34.66,82,42.53846153846154,147.46666666666667,26.650602409638555,3,69.34333333333333,3,0.5196942778608907,0.294466477047539,Trusted Steady Performers
944,Content Writing,PeoplePerHour,Intermediate,UK,Mobile Banking,84,6536.0,7.91,91.49,4.31,89,Hourly,13.02,31,77.80952380952381,73.43820224719101,204.25,2,63.57,1,-0.5294260336225138,1.5964785617794546,Balanced Mid-Tier Freelancers
945,Web Development,Fiverr,Intermediate,Europe,Crypto,37,4152.0,19.25,60.32,3.3,67,Fixed,22.54,407,112.21621621621621,61.97014925373134,10.176470588235293,2,49.62,1,-2.4945265939039616,0.3825457958542426,Balanced Mid-Tier Freelancers
946,Digital Marketing,Freelancer,Beginner,USA,Crypto,119,6924.0,58.39,50.55,4.75,30,Fixed,37.46,85,58.18487394957983,230.8,80.51162790697674,1,61.00333333333334,1,-0.8695417704898225,0.8027666593723289,Balanced Mid-Tier Freelancers
947,Web Development,PeoplePerHour,Beginner,Australia,Crypto,7,1218.0,19.98,56.84,4.08,78,Fixed,76.34,450,174.0,15.615384615384615,2.7006651884700665,1,71.59333333333333,3,0.8343220536052646,-0.20947182858957292,Trusted Steady Performers
948,App Development,PeoplePerHour,Beginner,Australia,PayPal,8,465.0,74.95,95.0,3.56,68,Fixed,19.88,231,58.125,6.838235294117647,2.0043103448275863,1,62.026666666666664,1,-0.5813886227958677,0.04885845166632863,Balanced Mid-Tier Freelancers
949,SEO,Upwork,Beginner,Australia,PayPal,264,5293.0,8.54,93.69,3.85,36,Hourly,63.45,410,20.049242424242426,147.02777777777777,12.878345498783455,1,78.04666666666667,3,1.6077545034879528,-1.3568974713807171,Trusted Steady Performers
950,Customer Support,Fiverr,Expert,Europe,Crypto,46,199.0,29.65,79.87,3.08,67,Fixed,17.61,444,4.326086956521739,2.970149253731343,0.44719101123595506,3,53.026666666666664,1,-2.023571370646961,-0.7012592441845544,Balanced Mid-Tier Freelancers
951,Graphic Design,PeoplePerHour,Beginner,Europe,Crypto,13,6574.0,71.07,80.03,3.26,5,Fixed,78.69,274,505.6923076923077,1314.8,23.905454545454546,1,74.64,2,1.8135188269431415,2.219115320035611,Premium Specialists
952,Web Development,Freelancer,Expert,Canada,Crypto,149,5949.0,29.27,83.25,4.53,25,Hourly,36.71,200,39.92617449664429,237.96,29.597014925373134,3,70.18666666666668,3,0.5868497960473502,0.04244399590906039,Trusted Steady Performers
953,Web Development,PeoplePerHour,Beginner,Asia,Mobile Banking,101,888.0,74.23,58.77,3.0,11,Fixed,64.27,50,8.792079207920793,80.72727272727273,17.41176470588235,1,61.01333333333334,1,-0.8701023030026386,-0.2769138552905889,Balanced Mid-Tier Freelancers
954,Web Development,Toptal,Intermediate,Canada,Crypto,280,6194.0,98.8151,95.72,3.83,72,Fixed,33.98,319,22.12142857142857,86.02777777777777,19.35625,2,68.76666666666667,3,0.2708998766534957,-0.9750658402088617,Trusted Steady Performers
955,Data Entry,Freelancer,Intermediate,Canada,Crypto,146,9937.02,80.72,70.94,4.05,66,Fixed,53.94,255,68.06178082191781,150.5609090909091,38.816484375,2,68.62666666666667,3,0.3691442786287704,0.507035775330912,Trusted Steady Performers
956,Data Entry,Freelancer,Beginner,Middle East,Bank Transfer,282,9663.0,37.47,69.16,3.11,28,Fixed,23.44,240,34.265957446808514,345.10714285714283,40.095435684647306,1,51.6,1,-2.387465293701782,0.02921197649054308,Balanced Mid-Tier Freelancers
957,Digital Marketing,PeoplePerHour,Beginner,Australia,Bank Transfer,31,7516.0,90.56,75.95,4.95,60,Fixed,20.22,204,242.4516129032258,125.26666666666667,36.66341463414634,1,65.05666666666666,2,0.0529865085721446,1.6574247493593344,Premium Specialists
958,Graphic Design,Upwork,Expert,Europe,Bank Transfer,47,1370.0,9.86,52.35,3.45,10,Fixed,75.66,385,29.148936170212767,137.0,3.5492227979274613,3,65.67,3,-0.07794462499415492,-0.6433325722049751,Trusted Steady Performers
959,Web Development,Freelancer,Beginner,Australia,Bank Transfer,135,1573.0,73.88,58.31,3.61,50,Hourly,74.24,419,11.651851851851852,31.46,3.7452380952380953,1,68.25,3,0.19908674139173907,-1.3066596636433814,Trusted Steady Performers
960,Web Development,Toptal,Beginner,Canada,Crypto,220,5284.0,7.22,86.9,3.61,39,Fixed,72.12,476,24.01818181818182,135.48717948717947,11.077568134171909,1,77.07333333333334,3,1.4964044821171227,-1.2808936803107256,Trusted Steady Performers
961,Web Development,Upwork,Beginner,Europe,Bank Transfer,98,6194.0,21.58,54.14,3.46,37,Hourly,53.78,383,63.204081632653065,167.40540540540542,16.130208333333332,1,59.04,1,-1.136929878389613,0.034992312997105,Balanced Mid-Tier Freelancers
962,Web Development,Upwork,Intermediate,UK,Mobile Banking,12,602.0,98.8151,80.16,3.0,63,Hourly,66.58,394,50.166666666666664,9.555555555555555,1.5240506329113923,2,68.91333333333334,3,0.515605456246191,-0.5650151776343629,Trusted Steady Performers
963,Data Entry,Upwork,Expert,USA,Mobile Banking,90,3806.0,39.28,62.27,4.46,61,Hourly,14.83,481,42.28888888888889,62.39344262295082,7.8962655601659755,3,55.43333333333334,1,-1.6452246783650455,-0.4153025526726727,Balanced Mid-Tier Freelancers
964,SEO,Freelancer,Intermediate,USA,Bank Transfer,142,3721.0,82.95,69.46,4.93,85,Hourly,33.44,195,26.204225352112676,43.77647058823529,18.98469387755102,2,67.16666666666667,3,0.01872455306551695,-0.38348837163529653,Trusted Steady Performers
965,SEO,Upwork,Expert,Canada,PayPal,250,531.0,40.73,64.43,3.45,38,Fixed,31.96,451,2.124,13.973684210526315,1.174778761061947,3,55.13,1,-1.8635183208717698,-1.8224135870789673,Balanced Mid-Tier Freelancers
966,Digital Marketing,PeoplePerHour,Intermediate,Asia,Mobile Banking,25,649.0,84.8,67.78,4.33,33,Fixed,54.5,243,25.96,19.666666666666668,2.6598360655737703,2,69.62666666666667,3,0.5722965123508306,-0.38226683783783155,Trusted Steady Performers
967,App Development,Upwork,Beginner,Australia,Mobile Banking,269,7727.0,96.72,85.95,4.48,75,Fixed,34.92,319,28.724907063197026,103.02666666666667,24.146875,1,70.15666666666668,3,0.45600871224600537,-0.720101077968998,Trusted Steady Performers
968,Content Writing,Toptal,Intermediate,UK,Bank Transfer,152,9406.0,46.38,64.86,4.7,45,Fixed,20.4,5,61.88157894736842,209.0222222222222,1567.6666666666667,2,59.75333333333334,0,-1.3704734622000931,5.830244411165737,Balanced Mid-Tier Freelancers
969,Graphic Design,Fiverr,Intermediate,Europe,Bank Transfer,188,9245.0,58.14,78.32,3.85,44,Hourly,51.75,88,49.17553191489362,210.11363636363637,103.87640449438203,2,69.02333333333333,3,0.3481970783343307,0.7146972634435125,Trusted Steady Performers
970,SEO,Toptal,Expert,Asia,Crypto,231,2032.0,64.72,73.8,3.61,1,Hourly,67.01,281,8.796536796536797,2032.0,7.205673758865248,3,71.00333333333333,3,0.6582603683199381,-1.379937995951151,Trusted Steady Performers
971,App Development,Freelancer,Expert,Australia,Mobile Banking,296,1684.0,93.81,83.18,3.65,53,Hourly,36.75,138,5.6891891891891895,31.77358490566038,12.115107913669064,3,64.31,1,-0.4787637463342292,-1.3514898702209501,Balanced Mid-Tier Freelancers
972,Customer Support,Upwork,Intermediate,Canada,Bank Transfer,40,7880.0,29.39,96.84,4.43,47,Fixed,19.26,86,197.0,167.6595744680851,90.57471264367815,2,68.23333333333333,2,0.4707533662718517,1.960063094127766,Premium Specialists
973,Customer Support,Upwork,Expert,Australia,Bank Transfer,250,3047.0,63.07,86.63,4.63,33,Hourly,23.77,5,12.188,92.33333333333333,507.8333333333333,3,67.66666666666667,0,-0.03494408473871949,0.9310577885712699,Balanced Mid-Tier Freelancers
974,Web Development,PeoplePerHour,Expert,Canada,Crypto,77,736.0,35.85,60.75,3.36,67,Fixed,26.62,466,9.558441558441558,10.985074626865671,1.576017130620985,3,51.52333333333333,1,-2.298701723726234,-0.8658103863940968,Balanced Mid-Tier Freelancers
975,Customer Support,Upwork,Expert,Middle East,Mobile Banking,154,5579.0,25.61,51.56,3.74,15,Hourly,30.99,348,36.22727272727273,371.93333333333334,15.98567335243553,3,52.449999999999996,1,-2.1300281618552086,-0.20319551972611047,Balanced Mid-Tier Freelancers
976,SEO,Toptal,Expert,USA,Bank Transfer,5,1809.0,13.07,63.11,4.8,14,Fixed,55.0,167,361.8,129.21428571428572,10.767857142857142,3,71.37,2,1.0729106127875014,1.3282784238555865,Premium Specialists
977,Digital Marketing,Freelancer,Expert,Asia,Crypto,73,7073.0,63.97,79.75,4.61,23,Hourly,52.07,118,96.89041095890411,307.5217391304348,59.436974789915965,3,74.67333333333333,3,1.415325455938753,0.9415738748971508,Trusted Steady Performers
978,Content Writing,Fiverr,Intermediate,USA,Bank Transfer,297,6258.0,88.8,52.57,4.97,54,Hourly,58.73,495,21.07070707070707,115.88888888888889,12.616935483870968,2,70.23333333333333,3,0.4362681994843465,-1.6091442787412151,Trusted Steady Performers
979,SEO,Upwork,Expert,Australia,PayPal,234,7284.0,38.38,74.82,4.51,8,Fixed,35.38,387,31.128205128205128,910.5,18.77319587628866,3,66.8,3,0.05927302920846026,-0.6214221482532863,Trusted Steady Performers
980,Digital Marketing,Fiverr,Beginner,UK,PayPal,215,2530.0,57.5,79.84,3.79,54,Hourly,67.68,79,11.767441860465116,46.851851851851855,31.625,1,74.44,3,1.0190627261502974,-0.8246435908965652,Trusted Steady Performers
981,Customer Support,Upwork,Intermediate,Europe,Bank Transfer,76,9579.0,66.0,66.71,4.18,36,Hourly,24.29,110,126.03947368421052,266.0833333333333,86.29729729729729,2,58.199999999999996,1,-1.1099636827016501,1.7227017791953703,Balanced Mid-Tier Freelancers
982,Data Entry,Freelancer,Intermediate,Canada,Mobile Banking,100,7526.0,44.39,88.55,4.32,84,Fixed,42.83,164,75.26,89.5952380952381,45.61212121212121,2,72.59333333333332,3,0.9343609067190928,0.6634036097189533,Trusted Steady Performers
983,Content Writing,Toptal,Intermediate,Europe,PayPal,88,7820.0,90.82,55.33,3.16,52,Hourly,66.07,381,88.86363636363636,150.3846153846154,20.471204188481675,2,61.53333333333333,1,-0.6206081632985953,0.31902620652165853,Balanced Mid-Tier Freelancers
984,Digital Marketing,Freelancer,Expert,USA,Crypto,232,164.0,39.46,53.76,4.09,6,Hourly,22.61,444,0.7068965517241379,27.333333333333332,0.3685393258426966,3,52.723333333333336,1,-2.1850167589500913,-1.7113512857368818,Balanced Mid-Tier Freelancers
985,App Development,Fiverr,Beginner,UK,Bank Transfer,240,618.0,16.88,86.41,4.42,28,Hourly,17.69,218,2.575,22.071428571428573,2.8219178082191783,1,64.16666666666667,1,-0.5493084635321642,-1.2975111654372005,Balanced Mid-Tier Freelancers
986,SEO,Upwork,Expert,UK,Crypto,297,9795.0,18.68,74.77,3.33,50,Hourly,71.86,5,32.97979797979798,195.9,1632.5,3,71.07666666666667,0,0.17335068886282717,4.976721789382692,Balanced Mid-Tier Freelancers
987,Data Entry,Fiverr,Intermediate,Europe,PayPal,226,8001.0,89.63,84.42,4.56,38,Fixed,34.01,398,35.402654867256636,210.55263157894737,20.05263157894737,2,69.87666666666667,3,0.5542677974189584,-0.5571218454029985,Trusted Steady Performers
988,App Development,Toptal,Intermediate,USA,Mobile Banking,227,2739.0,98.8151,71.74,4.17,30,Fixed,57.87,214,12.066079295154186,91.3,12.73953488372093,2,71.00333333333333,3,0.6233363941657224,-1.1306381587993661,Trusted Steady Performers
989,Digital Marketing,Freelancer,Intermediate,Europe,Crypto,285,4640.0,32.45,62.32,4.9,81,Hourly,11.77,495,16.280701754385966,57.28395061728395,9.35483870967742,2,57.363333333333344,1,-1.6183272113790734,-1.4808350507097285,Balanced Mid-Tier Freelancers
990,Digital Marketing,Fiverr,Intermediate,Australia,PayPal,225,3390.0,18.64,90.96,3.08,73,Fixed,58.3,194,15.066666666666666,46.43835616438356,17.384615384615383,2,70.28666666666668,3,0.3806725467358244,-0.9091005263264434,Trusted Steady Performers
991,Customer Support,Fiverr,Expert,UK,PayPal,220,3038.0,50.81,89.97,3.53,54,Hourly,32.13,465,13.809090909090909,56.25925925925926,6.51931330472103,3,64.23333333333333,1,-0.38520922309741706,-1.3668518591598646,Balanced Mid-Tier Freelancers
992,App Development,Toptal,Beginner,UK,PayPal,235,3201.0,72.41,84.73,4.2,71,Fixed,13.9,490,13.62127659574468,45.08450704225352,6.519348268839104,1,60.87666666666667,1,-0.9649572657357463,-1.4345173705111962,Balanced Mid-Tier Freelancers
993,SEO,Upwork,Beginner,Australia,Crypto,173,3065.0,63.18,63.61,3.59,46,Hourly,52.69,281,17.716763005780347,66.6304347826087,10.868794326241135,1,62.699999999999996,1,-0.6786567483290924,-0.8212887219112094,Balanced Mid-Tier Freelancers
994,Content Writing,Fiverr,Intermediate,USA,PayPal,46,9063.0,95.36,79.51,4.43,28,Hourly,26.86,5,197.02173913043478,323.67857142857144,1510.5,2,64.99000000000001,0,-0.23691118324811866,6.606226589210858,Balanced Mid-Tier Freelancers
995,Data Entry,Toptal,Beginner,UK,Bank Transfer,262,6395.0,82.69,68.05,4.52,17,Fixed,37.08,378,24.408396946564885,376.1764705882353,16.87335092348285,1,65.17666666666666,1,-0.25045033072920597,-0.9428509032605864,Balanced Mid-Tier Freelancers
996,Customer Support,Upwork,Intermediate,Asia,PayPal,200,3624.0,87.55,54.58,3.21,48,Hourly,15.64,299,18.12,75.5,12.08,2,44.80666666666667,1,-3.3643195402575965,-0.6119139382290626,Balanced Mid-Tier Freelancers
997,Web Development,Upwork,Intermediate,Middle East,Bank Transfer,100,7888.0,56.46,95.87,4.03,44,Hourly,20.3,57,78.88,179.27272727272728,136.0,2,65.59000000000002,1,-0.05506274991627297,1.4302695620997434,Balanced Mid-Tier Freelancers
998,Graphic Design,Freelancer,Beginner,Middle East,Mobile Banking,18,1658.0,36.09,56.84,4.02,60,Hourly,30.86,336,92.11111111111111,27.633333333333333,4.919881305637982,1,56.03333333333334,1,-1.5576500054501536,0.06565073678491964,Balanced Mid-Tier Freelancers
999,Content Writing,Toptal,Intermediate,Middle East,Bank Transfer,117,609.0,71.66,97.51,3.74,60,Hourly,16.28,301,5.205128205128205,10.15,2.0165562913907285,2,62.86333333333334,1,-0.5461760560893417,-0.8212513984619353,Balanced Mid-Tier Freelancers
1000,Customer Support,Upwork,Beginner,Canada,Mobile Banking,81,6671.0,46.71,72.3,4.87,5,Fixed,73.76,101,82.35802469135803,1334.2,65.40196078431373,1,81.15333333333332,3,2.3082301719935776,0.6992238174310561,Trusted Steady Performers
1001,Data Entry,Freelancer,Intermediate,Asia,Mobile Banking,281,7176.0,32.34,59.26,4.66,69,Fixed,10.42,425,25.537366548042705,104.0,16.845070422535212,2,54.29333333333333,1,-2.0461642897783983,-0.8585790055881897,Balanced Mid-Tier Freelancers
1002,App Development,PeoplePerHour,Beginner,Canada,Bank Transfer,164,5615.0,19.47,77.1,4.39,78,Fixed,43.87,47,34.23780487804878,71.98717948717949,116.97916666666667,1,69.58999999999999,3,0.2606155531001923,0.3921334565403764,Trusted Steady Performers
1003,Digital Marketing,Toptal,Intermediate,USA,Mobile Banking,123,4485.0,55.15,93.65,4.43,70,Fixed,18.63,369,36.46341463414634,64.07142857142857,12.121621621621621,2,66.96,1,0.09223197700526782,-0.381794106917445,Balanced Mid-Tier Freelancers
1004,App Development,PeoplePerHour,Beginner,Australia,Bank Transfer,165,5700.0,61.45,86.61,3.92,7,Hourly,31.54,410,34.54545454545455,814.2857142857143,13.86861313868613,1,65.51666666666667,1,-0.0718599614409502,-0.4893902996947793,Balanced Mid-Tier Freelancers
1005,Customer Support,Upwork,Intermediate,Europe,Crypto,150,8853.0,59.03,90.33,4.84,53,Hourly,74.82,275,59.02,167.03773584905662,32.07608695652174,2,87.31666666666666,3,3.211494576059928,0.006722799821055898,Trusted Steady Performers
1006,Data Entry,Toptal,Intermediate,Asia,Mobile Banking,167,1931.0,16.07,82.94,4.39,17,Hourly,21.32,453,11.562874251497005,113.58823529411765,4.253303964757709,2,64.02,1,-0.4048844930267188,-1.1728138455950023,Balanced Mid-Tier Freelancers
1007,App Development,Freelancer,Intermediate,USA,Bank Transfer,183,4219.0,59.15,84.61,4.46,59,Hourly,77.61,370,23.05464480874317,71.50847457627118,11.371967654986523,2,83.80666666666667,3,2.5750612465012943,-1.1776247151152555,Trusted Steady Performers
1008,App Development,Upwork,Beginner,Europe,Mobile Banking,93,3913.0,21.0,92.46,4.72,9,Fixed,24.41,162,42.075268817204304,434.77777777777777,24.006134969325153,1,70.42333333333333,3,0.6356799358134287,0.18400855921075654,Trusted Steady Performers
1009,Graphic Design,Toptal,Expert,USA,PayPal,227,7486.0,68.05,62.48,3.55,22,Fixed,61.91,331,32.97797356828194,340.27272727272725,22.548192771084338,3,65.13,3,-0.2034136120820835,-0.5274569038532273,Trusted Steady Performers
1010,SEO,Toptal,Intermediate,Canada,Bank Transfer,270,3758.0,45.79,74.47,4.61,45,Fixed,48.27,431,13.91851851851852,83.5111111111111,8.699074074074074,2,71.64666666666668,3,0.6390434723174002,-1.6285275145164408,Trusted Steady Performers
1011,Customer Support,PeoplePerHour,Intermediate,Middle East,PayPal,243,1759.0,85.63,61.06,3.39,73,Hourly,71.91,450,7.238683127572016,24.095890410958905,3.9002217294900223,2,66.92333333333333,3,-0.09226514058974787,-1.9183126023475445,Trusted Steady Performers
1012,Graphic Design,Upwork,Beginner,Australia,Mobile Banking,38,7910.0,78.94,99.38,3.69,59,Hourly,48.78,495,208.1578947368421,134.0677966101695,15.94758064516129,1,73.98666666666666,2,1.463630894729512,0.7704962894871924,Premium Specialists
1013,Customer Support,Freelancer,Intermediate,Canada,Mobile Banking,171,1742.0,73.82,97.2,3.67,80,Hourly,47.42,195,10.187134502923977,21.775,8.887755102040817,2,72.67333333333335,3,0.8485962883408403,-0.9260404816202047,Trusted Steady Performers
1014,Web Development,Freelancer,Intermediate,Australia,Crypto,129,9487.0,71.57,51.97,4.96,13,Hourly,23.68,376,73.54263565891473,729.7692307692307,25.16445623342175,2,58.28333333333334,1,-1.115034489669191,0.4918149950377001,Balanced Mid-Tier Freelancers
1015,Web Development,Upwork,Intermediate,Asia,Bank Transfer,228,175.0,58.25,85.28,4.71,83,Fixed,21.64,435,0.7675438596491229,2.108433734939759,0.4013761467889908,2,67.04,1,-0.08715563032057465,-1.8765281641379714,Balanced Mid-Tier Freelancers
1016,Graphic Design,Upwork,Intermediate,Europe,PayPal,154,1249.0,10.81,96.26,4.4,12,Fixed,74.15,364,8.11038961038961,104.08333333333333,3.421917808219178,2,86.13666666666667,3,2.9556201318059134,-1.4255961323037392,Trusted Steady Performers
1017,Content Writing,Fiverr,Expert,USA,Crypto,193,6142.0,67.27,59.03,4.45,36,Fixed,32.95,323,31.82383419689119,170.61111111111111,18.95679012345679,3,60.326666666666675,1,-0.9449081083769947,-0.42206917060421123,Balanced Mid-Tier Freelancers
1018,Content Writing,PeoplePerHour,Expert,UK,Mobile Banking,47,2761.0,49.36,78.4,4.12,10,Hourly,36.05,131,58.744680851063826,276.1,20.916666666666668,3,65.61666666666667,1,0.00915444950086554,0.37493255473280196,Balanced Mid-Tier Freelancers
1019,App Development,Upwork,Intermediate,UK,Mobile Banking,33,9232.0,49.61,95.77,4.89,16,Fixed,63.19,422,279.75757575757575,577.0,21.825059101654848,2,85.58666666666666,2,3.3312034997914894,1.2691518888114197,Premium Specialists
1020,App Development,Upwork,Intermediate,Australia,Crypto,124,9763.0,41.01,51.7,3.99,19,Hourly,33.72,404,78.73387096774194,513.8421052631579,24.106172839506172,2,55.07333333333333,1,-1.6346758599080653,0.5438457270856336,Balanced Mid-Tier Freelancers
1021,Digital Marketing,Fiverr,Intermediate,Middle East,PayPal,35,6278.0,93.26,84.87,3.76,6,Fixed,76.64,491,179.37142857142857,1046.3333333333333,12.760162601626016,2,78.90333333333332,2,2.277404348409969,0.32975335418579865,Premium Specialists
1022,Web Development,Fiverr,Expert,Middle East,Mobile Banking,185,6045.0,28.7,64.87,3.33,4,Fixed,61.65,65,32.67567567567568,1511.25,91.5909090909091,3,64.37333333333335,1,-0.3693215727210835,0.29968314426039516,Balanced Mid-Tier Freelancers
1023,Customer Support,Toptal,Expert,Australia,Mobile Banking,166,8232.0,35.08,96.22,4.57,30,Hourly,51.82,399,49.59036144578313,274.4,20.58,3,79.81333333333333,3,2.1186738075942535,-0.26943889367014445,Trusted Steady Performers
1024,Digital Marketing,Freelancer,Beginner,Canada,Bank Transfer,132,5552.0,96.49,98.55,4.47,46,Hourly,71.66,390,42.06060606060606,120.69565217391305,14.199488491048593,1,86.53666666666668,3,3.142056078093617,-0.6828237067965395,Trusted Steady Performers
1025,Web Development,PeoplePerHour,Beginner,UK,Crypto,259,5810.0,81.96,97.21,3.77,27,Hourly,13.47,82,22.43243243243243,215.1851851851852,70.0,1,62.02666666666667,1,-0.7513235830744266,-0.08205987450348404,Balanced Mid-Tier Freelancers
1026,Graphic Design,Toptal,Intermediate,Canada,Mobile Banking,298,5632.0,6.34,73.71,3.05,45,Fixed,27.99,490,18.899328859060404,125.15555555555555,11.470468431771893,2,54.23333333333333,1,-2.041399074686685,-1.2994232970240922,Balanced Mid-Tier Freelancers
1027,Content Writing,Upwork,Intermediate,Europe,PayPal,258,2548.0,91.08,93.1,4.68,85,Fixed,42.55,480,9.875968992248062,29.976470588235294,5.297297297297297,2,76.41666666666667,3,1.3956562185025643,-1.9248733128995927,Trusted Steady Performers
1028,App Development,Fiverr,Expert,UK,Bank Transfer,134,2615.0,26.53,92.23,3.02,37,Fixed,25.89,264,19.51492537313433,70.67567567567568,9.867924528301886,3,59.50666666666666,1,-1.0518358537852868,-0.41995854125487664,Balanced Mid-Tier Freelancers
1029,Content Writing,Freelancer,Intermediate,Europe,Crypto,16,7039.0,72.06,65.96,4.41,9,Fixed,62.07,228,439.9375,782.1111111111111,30.737991266375545,2,72.07666666666667,2,1.3562310140465168,2.176092838175525,Premium Specialists
1030,Graphic Design,Toptal,Intermediate,USA,PayPal,39,4840.0,57.54,91.45,4.94,61,Hourly,74.34,272,124.1025641025641,79.34426229508196,17.72893772893773,2,88.19666666666667,3,3.4516644434156247,0.21820728856401797,Trusted Steady Performers
1031,Digital Marketing,Freelancer,Expert,Canada,Mobile Banking,202,5074.0,56.0,51.85,3.88,35,Fixed,39.66,218,25.11881188118812,144.97142857142856,23.168949771689498,3,56.370000000000005,1,-1.6143877506736917,-0.38972230590755863,Balanced Mid-Tier Freelancers
1032,Digital Marketing,Fiverr,Expert,Australia,Crypto,252,8357.0,73.2,79.81,3.47,47,Hourly,33.95,224,33.16269841269841,177.80851063829786,37.14222222222222,3,61.05333333333334,1,-0.8569519781097457,-0.13262557869674005,Balanced Mid-Tier Freelancers
1033,Data Entry,Toptal,Expert,UK,Crypto,114,1081.0,24.68,61.5,4.41,21,Fixed,77.31,112,9.482456140350877,51.476190476190474,9.56637168141593,3,75.67,3,1.3220713314559,-0.671386999505975,Trusted Steady Performers
1034,App Development,Toptal,Expert,Canada,PayPal,249,1291.0,20.11,56.03,4.63,17,Hourly,41.14,139,5.184738955823293,75.94117647058823,9.221428571428572,3,63.25666666666666,1,-0.6896819556347537,-1.1683666457347288,Balanced Mid-Tier Freelancers
1035,App Development,Freelancer,Beginner,Australia,Crypto,254,1792.0,66.93,53.85,4.09,55,Hourly,44.23,184,7.05511811023622,32.58181818181818,9.686486486486487,1,59.96,1,-1.2382136850485639,-1.2465204036687192,Balanced Mid-Tier Freelancers
1036,Customer Support,Fiverr,Expert,USA,PayPal,167,5759.0,32.61,84.81,4.93,88,Fixed,34.62,172,34.48502994011976,65.44318181818181,33.28901734104046,3,72.67666666666666,3,0.8331239944633839,-0.12281270798612637,Trusted Steady Performers
1037,App Development,Upwork,Expert,UK,Mobile Banking,52,6049.0,97.53,66.99,3.1,6,Fixed,73.67,375,116.32692307692308,1008.1666666666666,16.08776595744681,3,67.55333333333334,2,0.4667799596411986,0.3405043885834924,Premium Specialists
1038,Web Development,Toptal,Intermediate,Europe,Bank Transfer,75,4140.0,47.89,86.24,4.01,35,Hourly,49.83,10,55.2,118.28571428571429,376.3636363636364,2,72.08999999999999,0,0.8223638213802745,1.6168852323400138,Balanced Mid-Tier Freelancers
1039,Digital Marketing,Upwork,Intermediate,USA,PayPal,138,8210.0,15.6,53.27,4.44,50,Fixed,63.35,396,59.492753623188406,164.2,20.680100755667507,2,68.47333333333334,3,0.26255514371709504,-0.08388307415162007,Trusted Steady Performers
1040,Graphic Design,Fiverr,Intermediate,Middle East,Bank Transfer,243,6933.0,70.15,65.76,4.73,37,Hourly,66.83,158,28.530864197530864,187.3783783783784,43.60377358490566,2,75.73,3,1.2974706754514096,-0.45984180722985296,Trusted Steady Performers
1041,Digital Marketing,Toptal,Beginner,Australia,Crypto,72,5179.0,34.09,76.97,3.36,13,Fixed,33.93,204,71.93055555555556,398.38461538461536,25.26341463414634,1,59.36666666666667,1,-0.9936237118008845,0.5775042887748982,Balanced Mid-Tier Freelancers
1042,Content Writing,Toptal,Expert,UK,PayPal,282,4453.0,19.12,89.54,4.6,25,Fixed,40.36,229,15.790780141843971,178.12,19.360869565217392,3,73.96666666666668,3,1.005351764701722,-1.0797772131647356,Trusted Steady Performers
1043,Web Development,Upwork,Expert,UK,Mobile Banking,36,6627.0,45.17,65.94,4.11,1,Fixed,69.39,25,184.08333333333334,6627.0,254.8846153846154,3,72.50999999999999,2,1.1166056457956552,2.171683949681658,Premium Specialists
1044,App Development,PeoplePerHour,Beginner,Asia,PayPal,127,4947.0,96.6,81.29,3.79,49,Fixed,35.43,318,38.95275590551181,100.95918367346938,15.507836990595612,1,64.17333333333333,1,-0.2958694438413517,-0.2529084837856064,Balanced Mid-Tier Freelancers
1045,Customer Support,Upwork,Expert,Asia,PayPal,26,213.0,44.09,94.3,3.26,35,Fixed,65.58,158,8.192307692307692,6.085714285714285,1.3396226415094339,3,75.02666666666666,3,1.378667373485593,-0.35387614186098404,Trusted Steady Performers
1046,Customer Support,Upwork,Intermediate,USA,PayPal,159,3360.0,38.0,80.79,4.73,83,Hourly,75.87,277,21.132075471698112,40.48192771084337,12.086330935251798,2,83.75333333333334,3,2.485796141163346,-1.007473110472624,Trusted Steady Performers
1047,Customer Support,PeoplePerHour,Beginner,UK,Bank Transfer,114,3438.0,47.23,61.65,3.31,53,Fixed,53.62,389,30.157894736842106,64.86792452830188,8.815384615384616,1,60.49,1,-0.96124403729642,-0.6167433892345117,Balanced Mid-Tier Freelancers
1048,SEO,Fiverr,Expert,Australia,Bank Transfer,275,1045.0,6.2347,51.22,3.62,52,Hourly,61.91,147,3.8,20.096153846153847,7.0608108108108105,3,61.84333333333333,1,-1.0178456270893372,-1.439395631652782,Balanced Mid-Tier Freelancers
1049,Data Entry,Fiverr,Beginner,USA,Crypto,119,6211.0,17.64,93.5,3.58,54,Hourly,66.36,468,52.19327731092437,115.01851851851852,13.243070362473347,1,77.15333333333332,3,1.6354024399520235,-0.4872343609689889,Trusted Steady Performers
1050,Web Development,Toptal,Beginner,Europe,Crypto,224,1927.0,85.72,51.06,4.74,76,Hourly,69.15,265,8.602678571428571,25.355263157894736,7.2443609022556394,1,71.67,3,0.5604205220915682,-1.4987104412959007,Trusted Steady Performers
1051,Content Writing,Freelancer,Expert,USA,Crypto,234,8153.0,97.91,93.74,4.35,47,Fixed,37.65,82,34.84188034188034,173.46808510638297,98.2289156626506,3,72.79666666666667,3,0.9586088839077117,0.2690203090876356,Trusted Steady Performers
1052,App Development,Freelancer,Intermediate,USA,Crypto,256,3314.0,20.0,76.45,4.59,43,Hourly,13.59,418,12.9453125,77.06976744186046,7.909307875894988,2,60.61333333333334,1,-1.049752107285993,-1.33949678451724,Balanced Mid-Tier Freelancers
1053,Content Writing,Toptal,Expert,Europe,PayPal,253,1398.0,55.87,96.95,3.5,20,Hourly,38.13,25,5.525691699604743,69.9,53.76923076923077,3,68.36,3,0.17802271495837504,-0.7788435061679697,Trusted Steady Performers
1054,Content Writing,Freelancer,Expert,Middle East,Bank Transfer,13,2301.0,96.8,89.94,4.25,33,Hourly,57.16,70,177.0,69.72727272727273,32.40845070422535,3,77.36666666666666,2,1.9420416522151747,0.8559888334223613,Premium Specialists
1055,App Development,Upwork,Intermediate,Asia,Bank Transfer,38,7340.0,19.88,99.9,4.14,16,Hourly,41.52,36,193.1578947368421,458.75,198.3783783783784,2,74.74,2,1.4643841174642422,2.2165971661017267,Premium Specialists
1056,Content Writing,Upwork,Expert,Australia,Bank Transfer,232,9835.0,22.7,67.54,4.67,78,Hourly,62.43,391,42.39224137931034,126.08974358974359,25.089285714285715,3,74.45666666666666,3,1.0950239509457793,-0.46091600147370554,Trusted Steady Performers
1057,Customer Support,PeoplePerHour,Expert,Middle East,Bank Transfer,77,8068.0,93.05,88.36,4.81,7,Hourly,34.99,132,104.77922077922078,1152.5714285714287,60.661654135338345,3,73.18333333333334,2,1.2884253793043714,1.1506607232174206,Premium Specialists
1058,Graphic Design,PeoplePerHour,Expert,Middle East,Crypto,216,6640.0,72.04,70.1,3.02,70,Fixed,54.43,427,30.74074074074074,94.85714285714286,15.514018691588785,3,61.64333333333334,1,-0.7733070821025316,-0.7770472275065342,Balanced Mid-Tier Freelancers
1059,Data Entry,Toptal,Beginner,Middle East,PayPal,76,7708.0,19.44,73.99,4.35,21,Hourly,23.05,483,101.42105263157895,367.04761904761904,15.925619834710744,1,61.346666666666664,1,-0.639256686509168,0.41082079176240227,Balanced Mid-Tier Freelancers
1060,SEO,Toptal,Beginner,Asia,Bank Transfer,62,482.0,42.38,81.38,3.1,36,Hourly,62.46,125,7.774193548387097,13.38888888888889,3.8253968253968256,1,68.61333333333333,3,0.28827019377825736,-0.3784651974624614,Trusted Steady Performers
1061,Content Writing,Toptal,Beginner,Canada,Mobile Banking,224,5793.0,10.35,93.68,4.1,86,Fixed,48.2,114,25.861607142857142,67.36046511627907,50.37391304347826,1,74.62666666666667,3,0.9944030510960549,-0.30933691419099496,Trusted Steady Performers
1062,Content Writing,Upwork,Expert,Asia,PayPal,279,5297.0,46.1,99.2,3.58,54,Hourly,24.28,91,18.985663082437277,98.0925925925926,57.57608695652174,3,65.02666666666667,1,-0.35832074908114886,-0.39160814296235624,Balanced Mid-Tier Freelancers
1063,Digital Marketing,Freelancer,Intermediate,Middle East,Mobile Banking,253,7765.0,78.9,88.41,3.61,19,Fixed,30.43,241,30.691699604743082,408.6842105263158,32.086776859504134,2,63.68000000000001,1,-0.4168435102719437,-0.26203764102377036,Balanced Mid-Tier Freelancers
1064,Data Entry,Toptal,Beginner,Canada,PayPal,20,3867.0,57.63,70.89,3.71,25,Fixed,62.4,450,193.35,154.68,8.574279379157428,1,69.16333333333334,2,0.6654131296738856,0.32165285954739214,Premium Specialists
1065,Web Development,Toptal,Intermediate,Europe,PayPal,79,1120.0,66.51,71.07,4.24,67,Hourly,43.78,486,14.177215189873417,16.71641791044776,2.299794661190965,2,66.55,3,0.017650877941470206,-1.0863433891346075,Trusted Steady Performers
1066,Data Entry,Upwork,Expert,Asia,PayPal,110,4650.0,36.05,86.88,3.67,53,Hourly,25.12,199,42.27272727272727,87.73584905660377,23.25,3,61.800000000000004,1,-0.6850520764424964,0.17933837526615307,Balanced Mid-Tier Freelancers
1067,Data Entry,Upwork,Beginner,Australia,Mobile Banking,140,8356.0,20.33,61.94,4.47,75,Fixed,77.71,206,59.68571428571428,111.41333333333333,40.367149758454104,1,76.34999999999998,3,1.370815103674467,0.21928270381797144,Trusted Steady Performers
1068,App Development,Upwork,Expert,Middle East,Bank Transfer,78,9681.0,6.25,55.52,3.81,48,Fixed,60.06,116,124.11538461538461,201.6875,82.74358974358974,3,63.92666666666667,2,-0.34196583959562227,1.5211996039422664,Premium Specialists
1069,App Development,Freelancer,Intermediate,UK,Bank Transfer,258,1044.0,83.02,67.73,3.14,42,Fixed,77.0,218,4.046511627906977,24.857142857142858,4.767123287671233,2,69.17666666666666,3,0.2479229311952212,-1.6262656858149347,Trusted Steady Performers
1070,App Development,Toptal,Beginner,Europe,Mobile Banking,22,4368.0,65.48,64.36,4.57,47,Fixed,39.9,304,198.54545454545453,92.93617021276596,14.321311475409836,1,65.22,2,0.008037459242672792,0.7785920233179776,Premium Specialists
1071,SEO,Fiverr,Beginner,Canada,Bank Transfer,47,4781.0,26.79,64.82,3.57,42,Hourly,43.26,242,101.72340425531915,113.83333333333333,19.674897119341562,1,59.826666666666654,1,-0.9576918425669229,0.5809266833619757,Balanced Mid-Tier Freelancers
1072,Customer Support,Fiverr,Beginner,Asia,Crypto,54,6118.0,44.75,61.68,3.87,2,Fixed,72.86,291,113.29629629629629,3059.0,20.95205479452055,1,70.64666666666666,3,0.7883036615263149,0.47973996807432057,Trusted Steady Performers
1073,Data Entry,Toptal,Beginner,Australia,Bank Transfer,7,7720.0,81.14,52.1,4.37,6,Fixed,46.75,463,1102.857142857143,1286.6666666666667,16.637931034482758,1,62.083333333333336,2,0.39698248469175484,4.387525618687951,Premium Specialists
1074,SEO,Toptal,Intermediate,USA,Crypto,236,4817.0,56.18,50.89,3.66,46,Fixed,59.51,281,20.411016949152543,104.71739130434783,17.081560283687942,2,61.199999999999996,1,-0.9569092676946658,-0.9006560964938124,Balanced Mid-Tier Freelancers
1075,Content Writing,Toptal,Beginner,Australia,Crypto,223,1007.0,33.52,99.39,3.11,66,Hourly,27.65,300,4.515695067264574,15.257575757575758,3.345514950166113,1,63.080000000000005,1,-0.6937407550099512,-1.3340229359366071,Balanced Mid-Tier Freelancers
1076,App Development,Toptal,Expert,Australia,Crypto,63,8337.0,30.38,71.39,3.75,81,Fixed,41.27,316,132.33333333333334,102.92592592592592,26.29968454258675,3,62.553333333333335,2,-0.48711113104197484,0.9245186709916886,Premium Specialists
1077,Content Writing,Freelancer,Beginner,Middle East,Mobile Banking,288,2204.0,25.67,69.22,4.89,40,Fixed,18.64,171,7.652777777777778,55.1,12.813953488372093,1,61.886666666666656,1,-0.9752095068979583,-1.2171568406128115,Balanced Mid-Tier Freelancers
1078,App Development,Fiverr,Intermediate,Middle East,Bank Transfer,68,681.0,83.25,83.98,4.28,58,Hourly,24.42,387,10.014705882352942,11.741379310344827,1.7551546391752577,2,64.66666666666667,1,-0.2169628102448216,-0.7971807367571355,Balanced Mid-Tier Freelancers
1079,Graphic Design,PeoplePerHour,Beginner,Asia,Bank Transfer,74,9937.02,60.28,60.91,4.34,78,Hourly,10.07,75,134.28405405405405,127.39769230769231,130.75026315789475,1,52.59333333333333,1,-2.079206884275509,2.07285352284716,Balanced Mid-Tier Freelancers
1080,SEO,Fiverr,Intermediate,Asia,Mobile Banking,146,6095.0,72.37,97.5,4.26,74,Fixed,12.75,208,41.74657534246575,82.36486486486487,29.16267942583732,2,65.14999999999999,1,-0.19100707392724803,0.15710866039089924,Balanced Mid-Tier Freelancers
1081,SEO,Fiverr,Intermediate,Canada,Mobile Banking,206,747.0,86.71,89.32,3.4,33,Fixed,78.41,313,3.6262135922330097,22.636363636363637,2.378980891719745,2,78.57666666666667,3,1.797216557714003,-1.6659499676827998,Trusted Steady Performers
1082,Customer Support,Upwork,Expert,Asia,Bank Transfer,211,119.96000000000001,98.75,54.47,3.84,62,Fixed,26.96,104,0.5685308056872038,1.9348387096774196,1.1424761904761906,3,52.74333333333333,1,-2.238498695830307,-1.0120108009005946,Balanced Mid-Tier Freelancers
1083,Web Development,Toptal,Beginner,Canada,Mobile Banking,225,6259.0,28.7,70.88,4.5,12,Hourly,56.43,491,27.817777777777778,521.5833333333334,12.721544715447154,1,72.43666666666667,3,0.846915308565631,-1.1062140519230546,Trusted Steady Performers
1084,Digital Marketing,Toptal,Beginner,Middle East,Mobile Banking,250,4924.0,22.19,93.96,3.2,49,Hourly,68.74,25,19.696,100.48979591836735,189.3846153846154,1,75.56666666666666,3,1.13495650684371,-0.00794408616024772,Trusted Steady Performers
1085,Data Entry,Toptal,Beginner,Middle East,Crypto,85,5612.0,48.89,97.24,3.56,88,Fixed,48.55,350,66.02352941176471,63.77272727272727,15.98860398860399,1,72.33,3,0.9130292521556246,-0.023974759049327717,Trusted Steady Performers
1086,Web Development,Upwork,Expert,UK,Mobile Banking,255,8790.0,8.33,73.37,3.55,78,Fixed,20.72,78,34.470588235294116,112.6923076923077,111.26582278481013,3,55.03,1,-1.959289945120191,0.5392102232208281,Balanced Mid-Tier Freelancers
1087,SEO,Freelancer,Expert,UK,Crypto,55,2298.0,80.21,80.67,3.86,5,Fixed,60.97,495,41.78181818181818,459.6,4.633064516129032,3,72.94666666666667,3,1.213377406121479,-0.748595682748584,Trusted Steady Performers
1088,Web Development,Freelancer,Intermediate,Europe,PayPal,289,6242.0,88.96,58.35,4.96,51,Hourly,52.02,481,21.598615916955016,122.3921568627451,12.950207468879668,2,69.85666666666667,3,0.4020039835362347,-1.4981721313872476,Trusted Steady Performers
1089,Graphic Design,PeoplePerHour,Intermediate,Middle East,Crypto,208,9937.02,70.17,99.56,3.14,69,Fixed,61.19,127,47.77413461538462,144.01478260869567,77.63296875,2,74.51666666666667,3,1.1948852445832587,0.46664028028301235,Trusted Steady Performers
1090,Digital Marketing,Freelancer,Intermediate,USA,Crypto,29,6456.0,30.46,61.58,4.04,32,Fixed,63.88,412,222.6206896551724,201.75,15.631961259079903,2,68.75333333333333,2,0.5935775970250865,0.8282278307781846,Premium Specialists
1091,Customer Support,Freelancer,Expert,UK,Mobile Banking,45,1206.0,16.7,97.14,3.36,49,Hourly,78.28,136,26.8,24.612244897959183,8.802919708029197,3,80.87333333333332,3,2.208942825380453,-0.2845248279338426,Trusted Steady Performers
1092,SEO,Toptal,Expert,Canada,Bank Transfer,73,8585.0,41.3,82.48,4.94,60,Fixed,50.15,333,117.6027397260274,143.08333333333334,25.70359281437126,3,77.14333333333335,3,1.7760209900894992,0.6375213529856435,Trusted Steady Performers
1093,SEO,Fiverr,Expert,Australia,PayPal,8,5345.0,84.17,80.39,3.23,46,Hourly,33.91,35,668.125,116.19565217391305,148.47222222222223,3,59.63333333333333,2,-0.4007953781009788,3.8234247265242596,Premium Specialists
1094,Data Entry,Freelancer,Intermediate,Asia,PayPal,244,6204.0,38.04,75.63,3.81,68,Hourly,55.39,387,25.42622950819672,91.23529411764706,15.989690721649485,2,69.07333333333332,3,0.25113569367138466,-0.9975056946330434,Trusted Steady Performers
1095,Customer Support,Freelancer,Expert,Asia,PayPal,35,2298.0,8.25,61.53,4.48,41,Fixed,14.79,58,65.65714285714286,56.048780487804876,38.94915254237288,3,55.306666666666665,1,-1.6970452040292603,0.7399661925762863,Balanced Mid-Tier Freelancers
1096,Customer Support,Upwork,Intermediate,Europe,Bank Transfer,121,9186.0,31.06,58.83,4.41,81,Hourly,72.82,229,75.91735537190083,113.4074074074074,39.93913043478261,2,73.28333333333333,3,0.9738124209428509,0.4847666843723271,Trusted Steady Performers
1097,App Development,PeoplePerHour,Intermediate,UK,PayPal,199,3335.0,98.8151,61.02,3.85,67,Hourly,18.36,420,16.758793969849247,49.776119402985074,7.921615201900238,2,52.126666666666665,1,-2.2433622100685287,-1.0266727452967366,Balanced Mid-Tier Freelancers
1098,Digital Marketing,Upwork,Beginner,Australia,PayPal,94,9572.0,69.28,59.32,3.69,13,Fixed,32.95,123,101.82978723404256,736.3076923076923,77.19354838709677,1,55.35666666666666,1,-1.5691056760288806,1.5004221981150214,Balanced Mid-Tier Freelancers
1099,Graphic Design,Toptal,Beginner,Australia,Bank Transfer,182,2053.0,90.58,88.98,3.8,18,Hourly,67.1,87,11.280219780219781,114.05555555555556,23.329545454545453,1,77.36,3,1.614935124984347,-0.7551171606419455,Trusted Steady Performers
1100,Content Writing,Fiverr,Beginner,UK,PayPal,149,3665.0,78.61,67.51,3.53,87,Hourly,51.81,336,24.59731543624161,42.12643678160919,10.875370919881306,1,63.30666666666667,1,-0.585402493395505,-0.7449029969082814,Balanced Mid-Tier Freelancers
1101,Web Development,PeoplePerHour,Intermediate,USA,Mobile Banking,206,3722.0,56.27,52.89,3.41,51,Fixed,37.55,140,18.067961165048544,72.98039215686275,26.397163120567377,2,52.879999999999995,1,-2.2297134876452436,-0.4205947851271103,Balanced Mid-Tier Freelancers
1102,Customer Support,Upwork,Beginner,USA,Mobile Banking,207,7508.0,19.13,98.46,3.97,36,Fixed,43.14,403,36.270531400966185,208.55555555555554,18.584158415841586,1,73.66666666666667,3,1.0554101725957539,-0.5424261043084742,Trusted Steady Performers
1103,Data Entry,Freelancer,Beginner,Europe,Crypto,28,2205.0,38.12,94.19,3.54,81,Fixed,69.82,272,78.75,27.22222222222222,8.076923076923077,1,78.27,3,1.8216350169567224,-0.14663935847732754,Trusted Steady Performers
1104,SEO,Freelancer,Beginner,USA,Crypto,109,3529.0,60.46,96.39,3.57,34,Fixed,33.8,50,32.37614678899082,103.79411764705883,69.19607843137256,1,67.19666666666666,3,0.11044068469949775,0.3654673182840439,Trusted Steady Performers
1105,Content Writing,PeoplePerHour,Expert,Europe,Crypto,279,119.96000000000001,87.71,99.75,4.31,12,Fixed,70.88,474,0.4299641577060932,9.996666666666668,0.25254736842105263,3,85.61,3,2.8961317948649934,-2.5057501201819394,Trusted Steady Performers
1106,Graphic Design,Freelancer,Intermediate,Canada,Mobile Banking,64,2209.0,30.52,58.69,4.94,5,Hourly,16.17,54,34.515625,441.8,40.163636363636364,2,57.88666666666668,1,-1.3015346130856225,0.44796006744399736,Balanced Mid-Tier Freelancers
1107,Digital Marketing,Upwork,Beginner,UK,Mobile Banking,19,4440.0,16.52,69.81,4.21,48,Hourly,64.38,416,233.68421052631578,92.5,10.647482014388489,1,72.79666666666667,2,1.1501623157119396,0.5689796806739881,Premium Specialists
1108,Customer Support,Upwork,Expert,Australia,Mobile Banking,89,3701.0,58.09,87.91,3.15,40,Hourly,69.33,404,41.58426966292135,92.525,9.138271604938272,3,73.41333333333334,3,1.1738880316918416,-0.5669591300472583,Trusted Steady Performers
1109,Web Development,Freelancer,Expert,Europe,Crypto,201,7406.0,21.77,84.8,3.15,13,Hourly,22.73,336,36.84577114427861,569.6923076923077,21.976261127596437,3,56.843333333333334,1,-1.4279275319252969,-0.09861838848976946,Balanced Mid-Tier Freelancers
1110,Customer Support,Freelancer,Expert,Asia,Crypto,239,2162.0,62.98,57.69,4.9,26,Hourly,40.12,149,9.04602510460251,83.15384615384616,14.413333333333334,3,65.27,1,-0.31884309167705893,-1.0367422041231988,Balanced Mid-Tier Freelancers
1111,Data Entry,Toptal,Beginner,USA,Crypto,267,5815.0,30.03,90.79,3.59,14,Fixed,21.58,152,21.779026217228463,415.35714285714283,38.00653594771242,1,61.39000000000001,1,-0.8965953449098217,-0.3553754228630109,Balanced Mid-Tier Freelancers
1112,Customer Support,Fiverr,Expert,Asia,Crypto,10,1404.0,26.94,61.22,3.18,11,Fixed,59.46,450,140.4,127.63636363636364,3.1130820399113084,3,61.42666666666667,1,-0.5442179126997754,-0.05353290418004659,Balanced Mid-Tier Freelancers
1113,Customer Support,PeoplePerHour,Intermediate,Europe,Crypto,293,5670.0,42.92,61.19,4.2,38,Fixed,47.47,218,19.351535836177476,149.21052631578948,25.89041095890411,2,64.22,1,-0.5425326150754565,-0.8999653504749203,Balanced Mid-Tier Freelancers
1114,Customer Support,Upwork,Expert,Middle East,Crypto,62,3804.0,61.35,76.85,4.25,80,Fixed,54.47,218,61.354838709677416,47.55,17.36986301369863,3,72.10666666666667,3,0.8961759890760926,0.045492713054929565,Trusted Steady Performers
1115,SEO,PeoplePerHour,Expert,Europe,Mobile Banking,149,259.0,56.81,79.65,4.3,57,Hourly,23.75,365,1.738255033557047,4.543859649122807,0.7076502732240437,3,63.13333333333333,1,-0.5562034308965226,-1.238872146625512,Balanced Mid-Tier Freelancers
1116,SEO,Toptal,Expert,USA,Bank Transfer,46,6282.0,28.25,79.0,3.53,22,Fixed,24.82,395,136.56521739130434,285.54545454545456,15.863636363636363,3,58.13999999999999,1,-1.0239131626568825,0.7358291727858445,Balanced Mid-Tier Freelancers
1117,Content Writing,Upwork,Expert,Middle East,Bank Transfer,204,7896.0,89.66,54.57,3.03,16,Fixed,12.9,398,38.705882352941174,493.5,19.789473684210527,3,42.69,1,-3.5304159396998678,-0.06878185998440284,Balanced Mid-Tier Freelancers
1118,Content Writing,Toptal,Intermediate,Middle East,Crypto,178,6221.0,15.44,93.87,4.93,77,Hourly,32.54,485,34.949438202247194,80.79220779220779,12.800411522633745,2,75.00333333333333,3,1.2272537962728096,-0.8004773535337347,Trusted Steady Performers
1119,Web Development,Toptal,Beginner,USA,Bank Transfer,99,287.0,8.75,63.28,3.5,76,Hourly,49.18,467,2.898989898989899,3.776315789473684,0.6132478632478633,1,60.82,1,-1.0217353033187928,-1.254482877685226,Balanced Mid-Tier Freelancers
1120,Digital Marketing,Freelancer,Intermediate,Middle East,Bank Transfer,221,8577.0,62.26,56.48,4.35,82,Fixed,70.06,341,38.80995475113122,104.59756097560975,25.07894736842105,2,71.17999999999999,3,0.5832457880840972,-0.5198278725743428,Trusted Steady Performers
1121,Graphic Design,PeoplePerHour,Intermediate,UK,Mobile Banking,115,8125.0,16.72,94.44,4.41,29,Hourly,56.68,257,70.65217391304348,280.17241379310343,31.492248062015506,2,79.77333333333333,3,2.097268390871314,0.3720629881910442,Trusted Steady Performers
1122,App Development,PeoplePerHour,Beginner,Australia,Crypto,184,1626.0,52.96,97.78,4.22,82,Hourly,40.48,387,8.83695652173913,19.829268292682926,4.190721649484536,1,74.22,3,1.0461783174374026,-1.418738170392288,Trusted Steady Performers
1123,Digital Marketing,Freelancer,Expert,Asia,Crypto,167,8741.0,95.42,93.11,3.63,2,Fixed,76.72,44,52.34131736526946,4370.5,194.24444444444444,3,80.80999999999999,3,2.3001857295541757,0.9800137012358564,Trusted Steady Performers
1124,Digital Marketing,PeoplePerHour,Beginner,UK,Bank Transfer,123,9806.0,71.37,90.48,3.54,54,Hourly,60.35,268,79.72357723577235,181.59259259259258,36.45353159851301,1,73.87666666666667,3,1.2184842856585412,0.5954373682693631,Trusted Steady Performers
1125,Digital Marketing,Freelancer,Beginner,UK,Crypto,232,9032.0,63.66,82.76,4.2,2,Fixed,75.11,310,38.93103448275862,4516.0,29.041800643086816,1,80.62333333333333,3,2.167233621757629,-0.4332189093165808,Trusted Steady Performers
1126,App Development,Upwork,Intermediate,USA,Crypto,149,3590.0,59.61,77.54,4.73,3,Hourly,46.93,159,24.093959731543624,1196.6666666666667,22.4375,2,73.02333333333334,3,1.014900900064615,-0.357671349264888,Trusted Steady Performers
1127,Web Development,Toptal,Beginner,USA,Crypto,146,9377.0,22.06,54.35,4.89,56,Hourly,28.12,277,64.22602739726027,167.44642857142858,33.73021582733813,1,60.09,1,-1.046724478391886,0.5259862890741239,Balanced Mid-Tier Freelancers
1128,App Development,Toptal,Expert,Asia,Crypto,126,7307.0,46.1,70.42,3.21,72,Hourly,13.7,344,57.992063492063494,101.48611111111111,21.179710144927537,3,49.44,1,-2.557995418144293,0.3522176405458794,Balanced Mid-Tier Freelancers
1129,Web Development,PeoplePerHour,Intermediate,Australia,Bank Transfer,289,199.0,37.54,68.63,3.31,11,Hourly,60.83,474,0.6885813148788927,18.09090909090909,0.4189473684210526,2,65.21999999999998,3,-0.3500036023767393,-2.2999016634306204,Trusted Steady Performers
1130,App Development,Fiverr,Expert,Europe,PayPal,230,1674.0,95.54,62.99,4.89,76,Fixed,18.49,54,7.278260869565218,22.026315789473685,30.436363636363637,3,59.76,1,-1.2014513414585442,-0.7467355791216357,Balanced Mid-Tier Freelancers
1131,Graphic Design,Toptal,Intermediate,UK,Bank Transfer,261,7711.0,28.02,86.17,4.47,32,Hourly,31.19,144,29.544061302681992,240.96875,53.179310344827584,2,68.92,3,0.249749977130416,-0.12325880356730386,Trusted Steady Performers
1132,Customer Support,Freelancer,Expert,Middle East,Mobile Banking,289,2624.0,49.79,74.79,4.77,4,Fixed,47.27,453,9.079584775086506,656.0,5.779735682819383,3,72.48666666666666,3,0.8403278202837031,-1.919914604193327,Trusted Steady Performers
1133,Digital Marketing,Fiverr,Beginner,Australia,PayPal,169,4478.0,94.12,54.05,3.41,9,Fixed,49.51,234,26.497041420118343,497.55555555555554,19.05531914893617,1,57.25333333333333,1,-1.4022272953200052,-0.36999353789819633,Balanced Mid-Tier Freelancers
1134,Customer Support,Fiverr,Beginner,UK,PayPal,225,7579.0,79.97,61.01,4.18,88,Hourly,52.04,178,33.684444444444445,86.125,42.340782122905026,1,65.55,1,-0.3209268685514446,-0.1993318293313777,Balanced Mid-Tier Freelancers
1135,Web Development,Toptal,Beginner,Europe,PayPal,73,4319.0,96.63,84.16,4.4,56,Hourly,21.64,207,59.16438356164384,77.125,20.764423076923077,1,64.60000000000001,1,-0.19715927440010841,0.28638966189248827,Balanced Mid-Tier Freelancers
1136,App Development,Toptal,Expert,Middle East,Bank Transfer,228,7819.0,62.79,53.81,4.36,16,Fixed,36.58,135,34.29385964912281,488.6875,57.49264705882353,3,59.19666666666668,1,-1.1537463320494095,0.15298825482081374,Balanced Mid-Tier Freelancers
1137,Graphic Design,Toptal,Intermediate,UK,Mobile Banking,128,2158.0,36.71,92.56,3.82,81,Hourly,53.2,444,16.859375,26.641975308641975,4.849438202247191,2,74.05333333333334,3,1.0909363174594113,-1.1651126871595143,Trusted Steady Performers
1138,App Development,Freelancer,Intermediate,Canada,Bank Transfer,16,3997.0,83.53,74.76,3.03,86,Hourly,77.89,352,249.8125,46.47674418604651,11.322946175637394,2,71.08333333333333,2,0.9517451549922654,0.6516468173067624,Premium Specialists
1139,Customer Support,Fiverr,Intermediate,Asia,Mobile Banking,56,7949.0,32.69,74.03,4.17,71,Fixed,60.93,393,141.94642857142858,111.95774647887323,20.1751269035533,2,72.78666666666668,2,1.0848850436965762,0.590119095620637,Premium Specialists
1140,SEO,PeoplePerHour,Beginner,Australia,Bank Transfer,133,4964.0,20.65,79.62,3.51,10,Hourly,74.58,481,37.32330827067669,496.4,10.298755186721992,1,74.8,3,1.296522585068618,-0.8036889818890265,Trusted Steady Performers
1141,Graphic Design,Freelancer,Expert,Asia,Bank Transfer,139,6717.0,72.1,91.23,3.9,36,Fixed,63.35,274,48.32374100719424,186.58333333333334,24.425454545454546,3,77.52666666666667,3,1.7891023537829642,-0.11102753192963957,Trusted Steady Performers
1142,Digital Marketing,Upwork,Intermediate,USA,Bank Transfer,149,2313.0,65.7,67.39,4.92,24,Hourly,51.42,383,15.523489932885907,96.375,6.0234375,2,72.40333333333335,3,0.8952929605817459,-1.1259815723489326,Trusted Steady Performers
1143,Data Entry,Toptal,Expert,UK,PayPal,131,9854.0,88.5,83.9,3.8,64,Hourly,23.44,397,75.22137404580153,153.96875,24.758793969849247,3,61.11333333333334,1,-0.6530962652095369,0.48436389288769094,Balanced Mid-Tier Freelancers
1144,Digital Marketing,Fiverr,Intermediate,Middle East,Bank Transfer,230,3865.0,96.38,78.29,4.68,56,Hourly,56.67,322,16.804347826086957,69.01785714285714,11.965944272445821,2,76.18666666666667,3,1.403068776215242,-1.2718955379201633,Trusted Steady Performers
1145,Data Entry,Freelancer,Beginner,Middle East,Mobile Banking,75,627.0,86.43,63.35,3.38,78,Hourly,53.64,182,8.36,8.038461538461538,3.4262295081967213,1,61.529999999999994,1,-0.8343903467460436,-0.5349864793898035,Balanced Mid-Tier Freelancers
1146,Graphic Design,Upwork,Expert,Australia,Mobile Banking,277,472.0,10.7,93.93,4.34,78,Hourly,52.17,60,1.703971119133574,6.051282051282051,7.737704918032787,3,77.63333333333334,3,1.3940019471696254,-1.4694370854547123,Trusted Steady Performers
1147,SEO,Freelancer,Intermediate,Australia,Mobile Banking,191,2813.0,68.13,89.87,4.95,89,Hourly,44.29,439,14.727748691099476,31.60674157303371,6.3931818181818185,2,77.72,3,1.6108730320364204,-1.4572572312574958,Trusted Steady Performers
1148,Customer Support,Freelancer,Intermediate,Asia,PayPal,7,1279.0,79.55,82.92,3.2,22,Fixed,47.01,62,182.71428571428572,58.13636363636363,20.3015873015873,2,64.64333333333333,2,-0.02402001263180303,0.9440826448141362,Premium Specialists
1149,SEO,PeoplePerHour,Intermediate,Middle East,Bank Transfer,289,3226.0,98.28,92.53,3.02,52,Fixed,33.41,360,11.162629757785467,62.03846153846154,8.936288088642659,2,62.11333333333334,1,-0.7440180665588033,-1.482888337771628,Balanced Mid-Tier Freelancers
1150,Web Development,PeoplePerHour,Intermediate,Middle East,Bank Transfer,26,8995.0,40.59,93.36,3.87,50,Hourly,46.35,214,345.96153846153845,179.9,41.83720930232558,2,72.36999999999999,2,1.274618537495009,2.1891334340921516,Premium Specialists
1151,SEO,Freelancer,Beginner,Middle East,Crypto,170,737.0,21.14,85.42,3.19,47,Hourly,23.83,359,4.3352941176470585,15.680851063829786,2.047222222222222,1,57.68333333333334,1,-1.4643008578337882,-1.146061593687846,Balanced Mid-Tier Freelancers
1152,Content Writing,Upwork,Intermediate,UK,PayPal,250,772.0,86.03,91.85,4.5,23,Fixed,66.36,138,3.088,33.56521739130435,5.553956834532374,2,82.73666666666666,3,2.37397428726495,-1.5409990394762658,Trusted Steady Performers
1153,Graphic Design,Fiverr,Intermediate,Middle East,Mobile Banking,238,796.0,35.16,84.87,4.83,76,Fixed,23.0,430,3.3445378151260505,10.473684210526315,1.8468677494199537,2,68.15666666666667,3,0.05954764461797796,-1.8199358897575206,Trusted Steady Performers
1154,Customer Support,Fiverr,Beginner,USA,Mobile Banking,162,4387.0,61.83,84.01,3.87,83,Fixed,15.95,133,27.080246913580247,52.855421686746986,32.73880597014925,1,59.120000000000005,1,-1.2432237310970413,-0.022952881825574433,Balanced Mid-Tier Freelancers
1155,Customer Support,Toptal,Intermediate,Middle East,Bank Transfer,155,2762.0,42.04,80.93,3.52,19,Hourly,40.54,33,17.81935483870968,145.3684210526316,81.23529411764706,2,63.956666666666656,1,-0.4520649549037654,0.052654725850326885,Balanced Mid-Tier Freelancers
1156,Web Development,Toptal,Expert,USA,Mobile Banking,217,757.0,43.22,87.64,3.87,52,Hourly,56.08,192,3.488479262672811,14.557692307692308,3.922279792746114,3,73.70666666666666,3,0.9606057571511089,-1.3495860015233123,Trusted Steady Performers
1157,Customer Support,Fiverr,Expert,UK,Bank Transfer,222,8676.0,74.58,57.93,4.45,34,Hourly,40.64,354,39.08108108108108,255.1764705882353,24.43943661971831,3,62.52333333333333,1,-0.5947090882504292,-0.2950759678303104,Balanced Mid-Tier Freelancers
1158,SEO,Freelancer,Intermediate,Australia,Bank Transfer,250,533.0,39.34,94.04,3.02,29,Fixed,29.37,472,2.132,18.379310344827587,1.1268498942917549,2,61.27,1,-0.8822771494844445,-1.8588277882297393,Balanced Mid-Tier Freelancers
1159,Graphic Design,Freelancer,Beginner,USA,Crypto,280,1583.0,70.84,93.59,4.18,61,Fixed,49.07,319,5.6535714285714285,25.950819672131146,4.946875,1,75.42,3,1.1730977621624499,-1.8335400127901194,Trusted Steady Performers
1160,Digital Marketing,PeoplePerHour,Beginner,UK,PayPal,155,219.0,6.36,51.46,4.23,85,Hourly,34.29,476,1.4129032258064516,2.5764705882352943,0.4591194968553459,1,56.78333333333333,1,-1.7288870075205138,-1.528924378841577,Balanced Mid-Tier Freelancers
1161,SEO,PeoplePerHour,Beginner,Middle East,Bank Transfer,200,1070.0,35.84,91.29,4.28,35,Fixed,75.3,86,5.35,30.571428571428573,12.298850574712644,1,84.06333333333333,3,2.501538600253028,-1.137384707698065,Trusted Steady Performers
1162,App Development,Toptal,Intermediate,UK,Bank Transfer,25,7143.0,35.31,56.44,3.48,5,Hourly,74.59,209,285.72,1428.6,34.01428571428571,2,66.87666666666667,2,0.37411382813422434,1.6593132290869392,Premium Specialists
1163,Data Entry,Fiverr,Intermediate,Middle East,Bank Transfer,261,6516.0,76.14,66.76,4.43,76,Hourly,45.17,461,24.96551724137931,85.73684210526316,14.103896103896103,2,66.84333333333335,3,-0.06794877374418055,-1.1959761292145106,Trusted Steady Performers
1164,Graphic Design,Freelancer,Expert,Asia,Crypto,21,897.0,34.88,87.18,3.18,7,Fixed,32.95,80,42.714285714285715,128.14285714285714,11.074074074074074,3,61.24333333333334,1,-0.6605498983912494,0.368364138618804,Balanced Mid-Tier Freelancers
1165,Customer Support,Fiverr,Beginner,UK,Bank Transfer,55,8937.0,65.17,58.04,3.4,41,Hourly,61.6,321,162.4909090909091,217.97560975609755,27.75465838509317,1,62.54666666666666,2,-0.41419709024823076,1.087135155882667,Premium Specialists
1166,Web Development,Upwork,Intermediate,Australia,PayPal,274,3396.0,70.41,90.9,4.75,2,Fixed,12.57,414,12.394160583941606,1698.0,8.183132530120481,2,66.15666666666667,1,-0.06145033991151637,-1.4330312673023216,Balanced Mid-Tier Freelancers
1167,Digital Marketing,Fiverr,Intermediate,USA,PayPal,87,4063.0,67.55,91.61,4.48,89,Fixed,43.23,338,46.701149425287355,45.651685393258425,11.985250737463128,2,74.81333333333333,3,1.2917818878503158,-0.35150784924178297,Trusted Steady Performers
1168,Content Writing,Upwork,Intermediate,Asia,Mobile Banking,128,8128.0,62.31,75.37,3.03,10,Hourly,33.54,479,63.5,812.8,16.933333333333334,2,56.50333333333333,1,-1.3422128375913982,0.10863783139343257,Balanced Mid-Tier Freelancers
1169,Digital Marketing,PeoplePerHour,Beginner,Australia,PayPal,294,119.96000000000001,44.29,50.32,3.5,44,Hourly,74.44,189,0.4080272108843538,2.7263636363636365,0.6313684210526316,1,64.92,3,-0.5630408674120008,-1.8788274269329237,Trusted Steady Performers
1170,SEO,PeoplePerHour,Beginner,Canada,Mobile Banking,266,8418.0,40.46,64.35,3.43,70,Fixed,10.84,437,31.646616541353385,120.25714285714285,19.21917808219178,1,47.93,1,-2.9811779503752267,-0.510411408070002,Balanced Mid-Tier Freelancers
1171,Data Entry,Toptal,Expert,Middle East,PayPal,53,7927.0,58.64,80.85,3.54,35,Hourly,48.7,347,149.56603773584905,226.4857142857143,22.778735632183906,3,66.78333333333332,2,0.31453860520986754,0.892957186518379,Premium Specialists
1172,Digital Marketing,Fiverr,Beginner,USA,Mobile Banking,10,6220.0,11.05,99.06,3.5,62,Fixed,61.85,232,622.0,100.3225806451613,26.69527896995708,1,76.97,2,2.111265220266055,2.739638352866418,Premium Specialists
1173,Content Writing,Fiverr,Intermediate,Australia,Bank Transfer,121,7880.0,88.2,81.59,3.13,74,Hourly,43.95,391,65.12396694214875,106.48648648648648,20.102040816326532,2,62.71333333333333,1,-0.4770694664893109,0.13100489727552694,Balanced Mid-Tier Freelancers
1174,App Development,Upwork,Expert,USA,Crypto,122,9744.0,83.4,62.99,3.92,73,Fixed,15.98,425,79.8688524590164,133.4794520547945,22.87323943661972,3,52.45666666666667,1,-2.0111045783532084,0.5461646360718753,Balanced Mid-Tier Freelancers
1175,Web Development,PeoplePerHour,Beginner,Canada,Crypto,267,2365.0,37.91,81.7,4.47,20,Fixed,78.07,168,8.857677902621722,118.25,13.994082840236686,1,83.05666666666666,3,2.32395653576971,-1.460137328483828,Trusted Steady Performers
1176,Graphic Design,Upwork,Beginner,Europe,Crypto,133,119.96000000000001,58.85,77.0,4.21,35,Hourly,46.26,442,0.9019548872180452,3.4274285714285715,0.2707900677200903,1,69.15333333333332,3,0.36387327087474647,-1.466935127332092,Trusted Steady Performers
1177,Data Entry,PeoplePerHour,Beginner,Middle East,Bank Transfer,175,1978.0,93.56,88.99,4.35,37,Hourly,52.99,250,11.302857142857142,53.45945945945946,7.8804780876494025,1,76.32666666666667,3,1.467231952473425,-1.0802153309344242,Trusted Steady Performers
1178,Content Writing,Upwork,Beginner,Middle East,Crypto,31,5061.0,30.81,55.35,3.16,72,Fixed,26.56,167,163.25806451612902,70.29166666666667,30.125,1,48.370000000000005,1,-2.7038506422251336,1.2569124556795692,Balanced Mid-Tier Freelancers
1179,Customer Support,PeoplePerHour,Intermediate,UK,PayPal,203,7583.0,75.53,88.05,4.9,54,Fixed,43.84,230,37.354679802955665,140.42592592592592,32.82683982683983,2,76.63000000000001,3,1.5234555894393518,-0.22498570624103922,Trusted Steady Performers
1180,SEO,Upwork,Beginner,Middle East,Mobile Banking,101,6275.0,12.86,77.06,4.68,80,Fixed,40.04,149,62.12871287128713,78.4375,41.833333333333336,1,70.23333333333333,3,0.46709279457055736,0.47882546674119475,Trusted Steady Performers
1181,SEO,PeoplePerHour,Intermediate,Middle East,Bank Transfer,21,5497.0,54.72,98.15,4.61,28,Fixed,15.24,151,261.76190476190476,196.32142857142858,36.16447368421053,2,68.53000000000002,2,0.6540047934966403,1.6859038778753588,Premium Specialists
1182,SEO,Upwork,Intermediate,Australia,Crypto,177,634.0,88.98,67.09,4.65,70,Hourly,17.43,37,3.5819209039548023,9.057142857142857,16.68421052631579,2,59.17333333333334,1,-1.2689000858542263,-0.6085208739389674,Balanced Mid-Tier Freelancers
1183,Customer Support,Fiverr,Intermediate,Asia,PayPal,105,6520.0,57.41,81.63,4.87,32,Hourly,68.62,385,62.095238095238095,203.75,16.89119170984456,2,82.55,3,2.5517431683896956,-0.2594158995017599,Trusted Steady Performers
1184,Customer Support,Toptal,Expert,Middle East,PayPal,190,6735.0,63.54,96.6,4.09,11,Hourly,26.79,380,35.44736842105263,612.2727272727273,17.677165354330707,3,68.39666666666666,3,0.4130919982751047,-0.39908463692760643,Trusted Steady Performers
1185,Data Entry,Upwork,Intermediate,Middle East,Bank Transfer,188,5294.0,91.23,55.13,3.4,42,Fixed,23.65,296,28.159574468085108,126.04761904761905,17.824915824915823,2,48.92666666666667,1,-2.6913030747879665,-0.3273619366209208,Balanced Mid-Tier Freelancers
1186,Digital Marketing,Toptal,Beginner,Canada,Bank Transfer,219,8204.0,72.96,96.86,4.23,23,Hourly,45.34,488,37.461187214611876,356.69565217391306,16.777096114519427,1,75.60000000000001,3,1.4498887353678227,-0.7315492393188311,Trusted Steady Performers
1187,Data Entry,Fiverr,Expert,Asia,Crypto,255,8001.0,71.11,84.39,4.49,30,Fixed,63.81,274,31.376470588235293,266.7,29.094545454545454,3,79.33333333333333,3,1.9449111199122395,-0.6258826983968103,Trusted Steady Performers
1188,SEO,Fiverr,Beginner,Canada,Mobile Banking,220,1798.0,60.71,53.39,4.48,9,Fixed,14.34,104,8.172727272727272,199.77777777777777,17.123809523809523,1,52.443333333333335,1,-2.287122253263099,-0.6521099140242461,Balanced Mid-Tier Freelancers
1189,App Development,PeoplePerHour,Intermediate,USA,Crypto,33,7720.0,65.13,65.05,4.04,88,Hourly,50.38,385,233.93939393939394,87.72727272727273,20.0,2,65.41000000000001,2,0.05664113996635441,1.1057217152579208,Premium Specialists
1190,Content Writing,Toptal,Beginner,USA,Crypto,106,2254.0,81.35,85.41,3.14,59,Hourly,18.34,347,21.264150943396228,38.20338983050848,6.477011494252873,1,55.51666666666666,1,-1.6466885287147799,-0.4989361238602717,Balanced Mid-Tier Freelancers
1191,Graphic Design,Freelancer,Expert,Middle East,Bank Transfer,127,1942.0,98.03,53.37,3.74,28,Fixed,12.55,351,15.291338582677165,69.35714285714286,5.517045454545454,3,46.906666666666666,1,-2.914164355909171,-0.6046130618039816,Balanced Mid-Tier Freelancers
1192,Graphic Design,PeoplePerHour,Expert,Middle East,Crypto,58,7068.0,80.56,79.11,4.84,88,Fixed,13.69,61,121.86206896551724,80.31818181818181,114.0,3,63.199999999999996,2,-0.3980278164303126,1.5703087261534585,Premium Specialists
1193,Data Entry,Toptal,Beginner,UK,Crypto,287,3143.0,72.22,67.29,4.17,79,Hourly,68.39,466,10.951219512195122,39.78481012658228,6.730192719486081,1,73.02666666666666,3,0.7656619926460357,-2.0303431500069755,Trusted Steady Performers
1194,SEO,Upwork,Beginner,USA,Mobile Banking,106,1023.0,17.88,81.05,4.08,33,Fixed,18.26,15,9.650943396226415,31.0,63.9375,1,60.303333333333335,1,-1.063372625770564,0.11832811552784782,Balanced Mid-Tier Freelancers
1195,Customer Support,Upwork,Beginner,Australia,PayPal,121,4074.0,82.62,52.29,3.54,47,Hourly,13.16,349,33.66942148760331,86.68085106382979,11.64,1,45.416666666666664,1,-3.207471263204014,-0.19121945478857766,Balanced Mid-Tier Freelancers
1196,Web Development,Fiverr,Expert,Middle East,PayPal,108,9684.0,74.92,93.58,3.74,22,Hourly,40.65,149,89.66666666666667,440.1818181818182,64.56,3,69.67666666666666,2,0.6960880219769549,1.1765126236475645,Premium Specialists
1197,App Development,Freelancer,Intermediate,Australia,Mobile Banking,49,6665.0,78.19,98.67,4.79,29,Fixed,69.08,141,136.0204081632653,229.82758620689654,46.936619718309856,2,87.85000000000001,3,3.485752365525826,0.8792256959092256,Trusted Steady Performers
1198,Data Entry,Upwork,Beginner,Middle East,PayPal,118,4379.0,26.95,98.44,4.33,34,Fixed,28.37,115,37.110169491525426,128.7941176470588,37.75,1,71.13666666666667,3,0.6867185208454218,0.20487947858952482,Trusted Steady Performers
1199,SEO,Toptal,Intermediate,Australia,Crypto,35,6765.0,90.83,87.48,4.57,42,Fixed,39.52,311,193.28571428571428,161.07142857142858,21.682692307692307,2,72.8,2,1.2766946765414249,0.9865184362148974,Premium Specialists
1200,Digital Marketing,Toptal,Expert,Europe,Mobile Banking,168,1527.0,14.24,56.5,3.91,52,Fixed,12.79,64,9.089285714285714,29.365384615384617,23.49230769230769,3,49.16333333333333,1,-2.8212558239801866,-0.26940134260271076,Balanced Mid-Tier Freelancers
1201,Graphic Design,Upwork,Beginner,Australia,Mobile Banking,193,5739.0,29.09,87.91,4.26,47,Fixed,41.44,428,29.735751295336787,122.1063829787234,13.377622377622378,1,71.51666666666667,3,0.698955845203448,-0.8161005053490342,Trusted Steady Performers
1202,Graphic Design,Toptal,Beginner,Asia,Bank Transfer,297,9012.0,67.99,51.23,3.5,74,Hourly,50.43,309,30.343434343434343,121.78378378378379,29.070967741935483,1,57.22,1,-1.6232060759655274,-0.5822775282475567,Balanced Mid-Tier Freelancers
1203,App Development,Toptal,Expert,USA,PayPal,199,7379.0,69.0,51.11,4.41,51,Hourly,49.96,193,37.08040201005025,144.68627450980392,38.0360824742268,3,63.09,1,-0.5832931982693795,-0.05698803952906714,Balanced Mid-Tier Freelancers
1204,Graphic Design,Fiverr,Beginner,Middle East,Bank Transfer,296,6494.0,34.77,66.18,3.86,45,Hourly,33.27,341,21.93918918918919,144.3111111111111,18.98830409356725,1,58.88333333333333,1,-1.3576027422191776,-0.9485190543574605,Balanced Mid-Tier Freelancers
1205,Web Development,Freelancer,Intermediate,USA,Crypto,265,8547.0,71.64,74.43,3.89,75,Hourly,32.09,429,32.25283018867925,113.96,19.876744186046512,2,61.440000000000005,1,-0.8580171884043369,-0.6950659554965898,Balanced Mid-Tier Freelancers
1206,SEO,Fiverr,Expert,Asia,Mobile Banking,211,119.96000000000001,41.85,88.52,4.3,34,Fixed,17.46,160,0.5685308056872038,3.528235294117647,0.7450931677018634,3,63.99333333333333,1,-0.48488992541007253,-1.1122377486839314,Balanced Mid-Tier Freelancers
1207,SEO,Freelancer,Expert,Asia,Crypto,56,8512.0,6.2347,84.16,4.87,21,Hourly,35.68,462,152.0,405.3333333333333,18.384449244060477,3,72.41333333333334,2,1.152057181869503,0.722415113849697,Premium Specialists
1208,App Development,Toptal,Beginner,Australia,PayPal,53,6893.0,20.45,72.3,3.13,13,Fixed,16.96,305,130.0566037735849,530.2307692307693,22.526143790849673,1,50.620000000000005,1,-2.244400880319274,1.0731880105567653,Balanced Mid-Tier Freelancers
1209,SEO,Freelancer,Expert,Canada,Bank Transfer,10,9105.0,88.85,63.68,4.65,54,Fixed,63.66,360,910.5,168.61111111111111,25.221606648199447,3,73.44666666666667,2,1.9552472353494665,3.873274333230199,Premium Specialists
1210,Customer Support,Toptal,Beginner,Canada,PayPal,228,6022.0,26.16,99.86,3.58,25,Fixed,77.64,277,26.412280701754387,240.88,21.66187050359712,1,83.03333333333332,3,2.4381544732792735,-0.8311372981425514,Trusted Steady Performers
1211,App Development,Toptal,Beginner,Asia,Crypto,27,7953.0,15.73,71.31,3.89,21,Fixed,77.91,295,294.55555555555554,378.7142857142857,26.868243243243242,1,75.67333333333333,2,1.6844868120714453,1.495308203245418,Premium Specialists
1212,SEO,Fiverr,Expert,Canada,Bank Transfer,149,5155.0,69.81,72.57,3.04,1,Fixed,70.55,38,34.59731543624161,5155.0,132.17948717948718,3,67.97333333333334,3,0.2648102049152935,0.48393658324122035,Trusted Steady Performers
1213,Web Development,Fiverr,Beginner,Middle East,PayPal,114,7752.0,46.87,58.18,3.6,58,Hourly,52.06,360,68.0,133.6551724137931,21.473684210526315,1,60.74666666666667,1,-0.8745682816338796,0.20519326055960552,Balanced Mid-Tier Freelancers
1214,Content Writing,PeoplePerHour,Intermediate,UK,Crypto,216,2964.0,80.68,89.74,4.01,69,Fixed,59.06,168,13.722222222222221,42.95652173913044,17.53846153846154,2,76.33333333333333,3,1.3799625235662192,-0.9882316614370922,Trusted Steady Performers
1215,Data Entry,Upwork,Intermediate,Europe,PayPal,45,5206.0,86.84,84.68,3.11,86,Fixed,29.96,458,115.68888888888888,60.53488372093023,11.342047930283224,2,58.946666666666665,1,-0.9626603997380816,0.26471227729880775,Balanced Mid-Tier Freelancers
1216,Data Entry,PeoplePerHour,Beginner,Australia,Mobile Banking,176,8348.0,85.37,61.04,3.98,71,Hourly,54.15,67,47.43181818181818,117.5774647887324,122.76470588235294,1,64.93,1,-0.3492116392303998,0.7065675739311227,Balanced Mid-Tier Freelancers
1217,SEO,PeoplePerHour,Intermediate,UK,Bank Transfer,190,3218.0,34.74,54.12,4.85,13,Hourly,41.9,6,16.936842105263157,247.53846153846155,459.7142857142857,2,64.34,0,-0.5621626647067285,1.0813353967223873,Balanced Mid-Tier Freelancers
1218,Digital Marketing,Freelancer,Beginner,Canada,Bank Transfer,218,2649.0,53.03,84.02,3.21,52,Hourly,43.74,84,12.15137614678899,50.94230769230769,31.16470588235294,1,63.98666666666667,1,-0.5552637303275615,-0.615332834073721,Balanced Mid-Tier Freelancers
1219,Graphic Design,Toptal,Intermediate,Australia,Bank Transfer,56,5766.0,66.76,82.73,4.53,23,Fixed,63.04,198,102.96428571428571,250.69565217391303,28.974874371859297,2,78.79,3,2.0502254170816947,0.5341023045603438,Trusted Steady Performers
1220,Web Development,Toptal,Expert,UK,Mobile Banking,74,2285.0,35.59,63.66,3.82,21,Fixed,29.73,131,30.87837837837838,108.80952380952381,17.310606060606062,3,56.596666666666664,1,-1.4739036560840102,0.14980727349513595,Balanced Mid-Tier Freelancers
1221,Digital Marketing,Toptal,Beginner,USA,Bank Transfer,200,2849.0,8.9,97.54,4.31,6,Fixed,32.26,75,14.245,474.8333333333333,37.48684210526316,1,72.0,3,0.722047038609121,-0.42609121241040554,Trusted Steady Performers
1222,Customer Support,Upwork,Beginner,Canada,Mobile Banking,155,7063.0,52.09,57.55,3.52,20,Fixed,74.72,249,45.56774193548387,353.15,28.252,1,67.55666666666666,3,0.14204550749535855,-0.05556018485954591,Trusted Steady Performers
1223,Digital Marketing,Freelancer,Beginner,UK,Bank Transfer,113,9753.0,6.2347,71.62,3.32,76,Hourly,13.94,346,86.30973451327434,128.32894736842104,28.10662824207493,1,50.65333333333333,1,-2.4265548122938716,0.8738922644975565,Balanced Mid-Tier Freelancers
1224,SEO,Freelancer,Beginner,Middle East,PayPal,122,5523.0,95.31,97.18,3.32,40,Hourly,43.99,442,45.27049180327869,138.075,12.46726862302483,1,69.19,3,0.5472863603313053,-0.4222556693131132,Trusted Steady Performers
1225,Web Development,Toptal,Beginner,USA,PayPal,99,119.96000000000001,80.68,70.99,3.14,9,Hourly,73.9,208,1.2117171717171717,13.32888888888889,0.5739712918660288,1,69.23,3,0.4289551406934629,-0.879405178083852,Trusted Steady Performers
1226,Data Entry,PeoplePerHour,Beginner,Canada,PayPal,260,908.0,23.24,81.93,3.37,50,Hourly,52.73,83,3.4923076923076923,18.16,10.80952380952381,1,67.35333333333334,3,-0.1463701183870582,-1.2266249151038395,Trusted Steady Performers
1227,Graphic Design,Upwork,Expert,Europe,PayPal,48,9658.0,32.32,69.88,4.33,28,Hourly,48.25,222,201.20833333333334,344.92857142857144,43.309417040358746,3,68.24333333333333,2,0.5258011208433501,1.6388775608780093,Premium Specialists
1228,Data Entry,PeoplePerHour,Expert,Asia,Mobile Banking,71,5430.0,98.37,63.71,4.76,11,Hourly,27.48,252,76.47887323943662,493.6363636363636,21.462450592885375,3,62.129999999999995,1,-0.4469159526067661,0.4460075272393889,Balanced Mid-Tier Freelancers
1229,Digital Marketing,Fiverr,Intermediate,Canada,Crypto,160,3082.0,40.49,99.2,4.63,75,Fixed,34.03,409,19.2625,41.093333333333334,7.517073170731707,2,75.27666666666667,3,1.2784511598528032,-1.0648669696546171,Trusted Steady Performers
1230,Customer Support,Freelancer,Beginner,Middle East,Crypto,210,4555.0,79.45,70.47,4.37,88,Fixed,69.64,30,21.69047619047619,51.76136363636363,146.93548387096774,1,75.83666666666666,3,1.1808568167495404,-0.12135372661904752,Trusted Steady Performers
1231,Graphic Design,Freelancer,Intermediate,Europe,PayPal,278,9668.0,47.45,94.7,3.22,56,Hourly,49.15,354,34.776978417266186,172.64285714285714,27.23380281690141,2,69.41666666666667,3,0.3768472752663999,-0.4894173632619259,Trusted Steady Performers
1232,Content Writing,PeoplePerHour,Intermediate,Europe,Crypto,159,5839.0,87.09,61.5,3.58,79,Hourly,46.03,200,36.723270440251575,73.9113924050633,29.049751243781095,2,59.71,1,-1.0968350886824503,-0.06247817319254601,Balanced Mid-Tier Freelancers
1233,Digital Marketing,Upwork,Expert,Europe,Crypto,183,2581.0,71.86,60.66,3.62,35,Hourly,16.97,452,14.103825136612022,73.74285714285715,5.69757174392936,3,50.01,1,-2.506827082173751,-1.04645304593446,Balanced Mid-Tier Freelancers
1234,Data Entry,Freelancer,Intermediate,Australia,Bank Transfer,64,7521.0,7.18,51.56,3.5,81,Hourly,11.12,51,117.515625,92.85185185185185,144.6346153846154,2,44.22666666666667,1,-3.447237724839513,1.935596195746588,Balanced Mid-Tier Freelancers
1235,Data Entry,PeoplePerHour,Expert,Australia,Mobile Banking,78,4769.0,32.97,82.58,4.03,25,Fixed,77.46,367,61.14102564102564,190.76,12.959239130434783,3,80.21333333333332,3,2.2119984425206183,-0.3027113110622022,Trusted Steady Performers
1236,SEO,Upwork,Intermediate,Asia,PayPal,53,4913.0,58.01,68.43,4.07,19,Fixed,36.39,71,92.69811320754717,258.57894736842104,68.23611111111111,2,62.073333333333345,1,-0.5551939789347091,1.039273387267207,Balanced Mid-Tier Freelancers
1237,Data Entry,PeoplePerHour,Beginner,Europe,Crypto,275,4088.0,92.99,93.22,3.71,31,Fixed,52.22,20,14.865454545454545,131.8709677419355,194.66666666666666,1,73.21333333333334,3,0.8650050887952406,-0.19122363645451215,Trusted Steady Performers
1238,Web Development,Upwork,Intermediate,Asia,Crypto,77,2502.0,14.69,73.66,3.71,81,Hourly,15.58,15,32.493506493506494,30.88888888888889,156.375,2,54.48000000000001,1,-1.9790327069706077,0.8682885369899148,Balanced Mid-Tier Freelancers
1239,Digital Marketing,Toptal,Expert,USA,PayPal,200,2896.0,62.11,98.41,4.66,50,Hourly,57.82,434,14.48,57.92,6.657471264367816,3,83.14333333333333,3,2.5251385314144867,-1.5199238376306021,Trusted Steady Performers
1240,App Development,Upwork,Expert,Europe,Bank Transfer,183,8114.0,33.71,59.28,4.58,87,Hourly,75.28,15,44.33879781420765,93.26436781609195,507.125,3,75.38666666666667,0,1.0834476873770362,1.7334727394699303,Balanced Mid-Tier Freelancers
1241,App Development,Fiverr,Expert,UK,PayPal,52,6672.0,89.49,93.43,3.62,63,Fixed,50.3,401,128.30769230769232,105.9047619047619,16.597014925373134,3,72.04333333333334,2,1.1110415698235196,0.4292080413821774,Premium Specialists
1242,Customer Support,Toptal,Intermediate,Europe,Bank Transfer,76,8946.0,77.69,88.83,4.83,47,Fixed,18.83,174,117.71052631578948,190.3404255319149,51.12,2,68.08666666666666,2,0.4324623447227823,1.2833721718881963,Premium Specialists
1243,Graphic Design,PeoplePerHour,Intermediate,Australia,Crypto,117,9583.0,40.12,88.55,4.91,1,Fixed,50.72,311,81.90598290598291,9583.0,30.71474358974359,2,79.15666666666667,3,2.1018441161272503,0.5183361815897194,Trusted Steady Performers
1244,Data Entry,Toptal,Expert,Australia,Mobile Banking,249,3512.0,20.87,92.24,3.65,58,Hourly,63.64,411,14.10441767068273,60.55172413793103,8.524271844660195,3,76.29333333333334,3,1.3635177842458714,-1.5631159258471667,Trusted Steady Performers
1245,SEO,Toptal,Beginner,UK,Bank Transfer,163,1209.0,6.2347,88.05,3.71,10,Fixed,38.45,337,7.41717791411043,120.9,3.576923076923077,1,66.89999999999999,3,-0.01219319290065976,-1.0938044166974712,Trusted Steady Performers
1246,SEO,PeoplePerHour,Beginner,UK,Bank Transfer,278,4676.0,64.01,81.31,4.01,8,Fixed,71.59,77,16.820143884892087,584.5,59.94871794871795,1,77.7,3,1.5618908512702965,-0.752424123038342,Trusted Steady Performers
1247,Data Entry,PeoplePerHour,Intermediate,Canada,PayPal,272,7106.0,43.58,56.56,4.88,26,Hourly,55.41,439,26.125,273.3076923076923,16.15,2,69.85666666666667,3,0.4011755691768637,-1.1423815308689576,Trusted Steady Performers
1248,Web Development,Fiverr,Intermediate,USA,Crypto,34,3772.0,34.9,51.63,4.75,34,Fixed,72.95,239,110.94117647058823,110.94117647058823,15.716666666666667,2,73.19333333333333,3,1.0959846639899344,0.25280552632405967,Trusted Steady Performers
1249,SEO,PeoplePerHour,Expert,USA,Mobile Banking,101,3610.0,98.62,96.04,3.21,19,Hourly,53.65,36,35.742574257425744,190.0,97.56756756756756,3,71.29666666666667,3,0.8612098623773562,0.4468518293861647,Trusted Steady Performers
1250,App Development,Freelancer,Intermediate,USA,PayPal,255,6167.0,49.28,80.83,3.79,78,Hourly,19.19,231,24.184313725490195,79.06410256410257,26.58189655172414,2,58.60666666666666,1,-1.364090660570897,-0.4846294697027275,Balanced Mid-Tier Freelancers
1251,Graphic Design,Freelancer,Intermediate,Middle East,PayPal,11,6639.0,76.23,89.83,4.11,72,Hourly,31.68,399,603.5454545454545,92.20833333333333,16.5975,2,67.90333333333334,2,0.8361896409005892,2.490129227462508,Premium Specialists
1252,Digital Marketing,Fiverr,Expert,Australia,Mobile Banking,96,9937.02,21.85,74.08,4.01,1,Fixed,24.13,212,103.510625,9937.02,46.65267605633803,3,59.46999999999999,1,-0.8823276657908972,1.319814425622967,Balanced Mid-Tier Freelancers
1253,Content Writing,Upwork,Expert,USA,Crypto,117,6899.0,6.28,55.87,3.39,48,Fixed,73.62,192,58.965811965811966,143.72916666666666,35.74611398963731,3,65.76333333333334,3,-0.15617917044444365,0.33369426829123494,Trusted Steady Performers
1254,Web Development,Upwork,Intermediate,Canada,Mobile Banking,263,2293.0,44.67,56.26,4.72,25,Hourly,63.23,59,8.718631178707223,91.72,38.21666666666667,2,71.29666666666667,3,0.49842350015709036,-1.0268845759217444,Trusted Steady Performers
1255,Customer Support,Freelancer,Beginner,Canada,PayPal,111,8227.0,68.24,84.28,4.35,24,Fixed,57.35,188,74.11711711711712,342.7916666666667,43.52910052910053,1,76.21,3,1.5816678610480523,0.5936162135278806,Trusted Steady Performers
1256,Customer Support,PeoplePerHour,Intermediate,USA,PayPal,67,1810.0,53.13,71.52,4.68,47,Hourly,31.07,266,27.01492537313433,38.51063829787234,6.7790262172284645,2,65.39666666666666,1,-0.1504755283909223,-0.3448675948563022,Balanced Mid-Tier Freelancers
1257,SEO,Fiverr,Beginner,UK,Bank Transfer,275,5492.0,89.59,60.03,4.72,84,Fixed,22.88,125,19.970909090909092,65.38095238095238,43.58730158730159,1,59.10333333333333,1,-1.366263825998393,-0.5327154402205433,Balanced Mid-Tier Freelancers
1258,Digital Marketing,Upwork,Beginner,Canada,Mobile Banking,203,7729.0,46.23,74.58,4.5,69,Hourly,62.95,202,38.073891625615765,112.01449275362319,38.073891625615765,1,75.84333333333332,3,1.2819817638047133,-0.2059455902901669,Trusted Steady Performers
1259,Content Writing,Upwork,Beginner,Asia,Mobile Banking,150,2725.0,34.55,53.21,3.88,67,Hourly,43.19,321,18.166666666666668,40.67164179104478,8.462732919254659,1,58.0,1,-1.4589419437167785,-0.7826918817527595,Balanced Mid-Tier Freelancers
1260,Customer Support,Toptal,Expert,UK,Mobile Banking,65,7174.0,92.02,79.1,4.22,32,Fixed,25.81,381,110.36923076923077,224.1875,18.780104712041886,3,63.10333333333333,2,-0.23946688187045997,0.5876615185398499,Premium Specialists
1261,Data Entry,Freelancer,Expert,Asia,PayPal,124,5831.0,43.65,63.45,3.32,17,Hourly,53.16,31,47.024193548387096,343.0,182.21875,3,61.00333333333333,1,-0.841867033915396,1.0334466271776896,Balanced Mid-Tier Freelancers
1262,Data Entry,PeoplePerHour,Expert,Australia,Crypto,65,3286.0,30.62,89.88,4.35,61,Hourly,12.82,402,50.55384615384615,53.868852459016395,8.153846153846153,3,63.23333333333333,1,-0.408900801196134,-0.19029805274520978,Balanced Mid-Tier Freelancers
1263,Graphic Design,Fiverr,Intermediate,Middle East,PayPal,30,5948.0,14.28,65.52,3.36,69,Hourly,32.83,311,198.26666666666668,86.20289855072464,19.064102564102566,2,55.183333333333316,1,-1.57859710632617,1.121369308816297,Balanced Mid-Tier Freelancers
1264,Content Writing,Upwork,Expert,Canada,Bank Transfer,119,8285.0,80.36,72.76,4.39,11,Hourly,42.8,260,69.6218487394958,753.1818181818181,31.743295019157088,3,67.78666666666668,3,0.3793127596112051,0.49831349282865506,Trusted Steady Performers
1265,Data Entry,Toptal,Expert,UK,PayPal,44,8730.0,83.38,50.58,3.46,38,Hourly,20.36,386,198.4090909090909,229.73684210526315,22.558139534883722,3,46.71333333333333,1,-2.6924845741811674,1.4036568217074568,Balanced Mid-Tier Freelancers
1266,Customer Support,Freelancer,Intermediate,Asia,PayPal,120,4326.0,8.16,53.62,3.24,68,Fixed,78.93,411,36.05,63.61764705882353,10.5,2,65.78333333333333,3,-0.2182644795337777,-0.6910871669809621,Trusted Steady Performers
1267,Data Entry,Freelancer,Intermediate,USA,PayPal,140,4773.0,39.07,69.62,3.33,19,Fixed,24.64,345,34.09285714285714,251.21052631578948,13.794797687861271,2,53.620000000000005,1,-1.9268443243894806,-0.21784483716362618,Balanced Mid-Tier Freelancers
1268,App Development,Fiverr,Beginner,Asia,Bank Transfer,281,9198.0,76.24,74.0,3.0,87,Hourly,19.12,470,32.73309608540925,105.72413793103448,19.528662420382165,1,51.04,1,-2.47254612437554,-0.6151987327316184,Balanced Mid-Tier Freelancers
1269,SEO,Upwork,Intermediate,Asia,Mobile Banking,25,5694.0,94.91,80.0,4.44,17,Fixed,24.25,93,227.76,334.94117647058823,60.57446808510638,2,64.35000000000001,2,0.01275402749578603,1.7389380188381736,Premium Specialists
1270,Customer Support,Fiverr,Intermediate,Australia,Crypto,35,1165.0,40.89,64.58,4.46,13,Hourly,63.83,327,33.285714285714285,89.61538461538461,3.551829268292683,2,72.53666666666668,3,0.9975605372969994,-0.5328575883531321,Trusted Steady Performers
1271,Customer Support,Fiverr,Expert,Europe,Crypto,251,1831.0,87.85,84.75,4.03,1,Hourly,39.79,99,7.294820717131474,1831.0,18.31,3,68.38000000000001,3,0.2586043026523624,-0.9942049602384446,Trusted Steady Performers
1272,Customer Support,Toptal,Beginner,Europe,Bank Transfer,31,8892.0,42.4,93.01,3.32,2,Hourly,49.58,284,286.83870967741933,4446.0,31.2,1,69.66333333333334,2,0.885708872282115,1.8285887880887977,Premium Specialists
1273,Graphic Design,Freelancer,Beginner,USA,Mobile Banking,77,1926.0,22.05,88.99,3.17,82,Hourly,11.47,460,25.01298701298701,23.48780487804878,4.1778741865509765,1,54.62,1,-1.8459207919456186,-0.571744486375852,Balanced Mid-Tier Freelancers
1274,Digital Marketing,PeoplePerHour,Intermediate,Australia,Mobile Banking,101,5413.0,6.2347,51.98,3.04,66,Hourly,12.41,314,53.59405940594059,82.01515151515152,17.184126984126983,2,41.73,1,-3.833057421260785,0.33497805833738725,Balanced Mid-Tier Freelancers
1275,Customer Support,Freelancer,Expert,Australia,Bank Transfer,165,8582.0,36.37,74.03,3.33,68,Fixed,41.21,24,52.012121212121215,126.20588235294117,343.28,3,60.61333333333334,0,-1.0193380339935538,1.7429354275129538,Balanced Mid-Tier Freelancers
1276,Data Entry,Freelancer,Expert,Australia,PayPal,291,3425.0,40.96,55.25,4.78,16,Fixed,67.17,405,11.769759450171822,214.0625,8.435960591133005,3,72.67333333333335,3,0.7946857608157011,-1.8149495558785291,Trusted Steady Performers
1277,App Development,Toptal,Expert,Australia,Mobile Banking,216,2800.0,94.79,62.1,3.48,4,Fixed,71.97,493,12.962962962962964,700.0,5.668016194331984,3,67.89,3,0.2606460985110108,-1.6323803259523146,Trusted Steady Performers
1278,Customer Support,PeoplePerHour,Expert,Europe,Crypto,80,9596.0,24.58,99.33,3.71,57,Fixed,16.07,352,119.95,168.35087719298247,27.18413597733711,3,63.199999999999996,2,-0.3054345505659137,1.0484606166335673,Premium Specialists
1279,Web Development,Upwork,Intermediate,UK,Bank Transfer,147,3326.0,41.31,57.12,3.21,73,Fixed,47.69,356,22.625850340136054,45.56164383561644,9.316526610644258,2,56.336666666666666,1,-1.6591013713427245,-0.7179639115009397,Balanced Mid-Tier Freelancers
1280,Web Development,PeoplePerHour,Expert,Australia,Crypto,38,498.0,7.39,74.94,3.44,85,Fixed,73.93,116,13.105263157894736,5.858823529411764,4.256410256410256,3,72.55666666666667,3,0.817290062399613,-0.3366701743948744,Trusted Steady Performers
1281,Digital Marketing,Upwork,Beginner,UK,PayPal,8,5587.0,77.54,80.91,4.04,23,Hourly,37.16,198,698.375,242.91304347826087,28.07537688442211,1,66.29,2,0.6650225233962982,3.1863295980133035,Premium Specialists
1282,Content Writing,PeoplePerHour,Beginner,Asia,Bank Transfer,102,4222.0,91.94,85.12,4.22,2,Fixed,68.07,278,41.3921568627451,2111.0,15.132616487455197,1,79.19666666666666,3,2.0697347530856365,-0.3597134384780584,Trusted Steady Performers
1283,Graphic Design,Fiverr,Intermediate,Asia,Crypto,221,9039.0,27.59,77.98,3.49,67,Hourly,19.36,69,40.90045248868778,134.91044776119404,129.12857142857143,2,55.713333333333345,1,-1.7933387088280943,0.8526255667283749,Balanced Mid-Tier Freelancers
1284,App Development,PeoplePerHour,Expert,Australia,Crypto,32,3546.0,45.75,50.49,3.12,87,Hourly,75.48,334,110.8125,40.758620689655174,10.585074626865671,3,62.79,1,-0.5120056156587954,0.10227382039319632,Balanced Mid-Tier Freelancers
1285,SEO,Toptal,Expert,Canada,PayPal,205,2232.0,16.6,66.32,3.78,26,Fixed,62.6,78,10.887804878048781,85.84615384615384,28.253164556962027,3,68.17333333333333,3,0.09596112893515196,-0.7043390201638228,Trusted Steady Performers
1286,App Development,Upwork,Expert,Middle East,Bank Transfer,277,3376.0,48.4,75.89,3.47,7,Fixed,75.89,423,12.187725631768952,482.2857142857143,7.962264150943396,3,73.72666666666667,3,1.0392342074103178,-1.7593922910580777,Trusted Steady Performers
1287,Web Development,Freelancer,Expert,Canada,Mobile Banking,131,8887.0,17.67,54.39,3.44,44,Hourly,57.36,353,67.83969465648855,201.97727272727272,25.1045197740113,3,60.18333333333334,1,-0.9373553714971478,0.3208364586184083,Balanced Mid-Tier Freelancers
1288,Web Development,Toptal,Intermediate,Asia,Mobile Banking,206,769.0,54.72,67.53,4.92,33,Hourly,35.44,13,3.733009708737864,23.303030303030305,54.92857142857143,2,67.12333333333333,3,-0.08605734941511156,-0.6716837928769939,Trusted Steady Performers
1289,Digital Marketing,Upwork,Expert,Middle East,Crypto,13,1572.0,74.79,51.66,4.23,64,Hourly,75.67,28,120.92307692307692,24.5625,54.206896551724135,3,70.64333333333333,3,0.699772110558168,0.6242124931392591,Trusted Steady Performers
1290,Content Writing,Upwork,Intermediate,Canada,PayPal,291,6806.0,57.57,53.93,4.11,36,Hourly,29.29,143,23.388316151202748,189.05555555555554,47.263888888888886,2,55.13999999999999,1,-1.908785354279469,-0.35333575886776847,Balanced Mid-Tier Freelancers
1291,Content Writing,Freelancer,Expert,Australia,Crypto,92,6677.0,28.3,69.85,3.83,4,Hourly,33.25,476,72.57608695652173,1669.25,13.9979035639413,3,59.9,1,-0.8221020993639696,0.09214265799559963,Balanced Mid-Tier Freelancers
1292,Digital Marketing,Fiverr,Expert,UK,PayPal,23,1119.0,38.61,56.64,3.86,23,Fixed,59.06,342,48.65217391304348,48.65217391304348,3.262390670553936,3,64.3,1,-0.23221160670264593,-0.351035930798749,Balanced Mid-Tier Freelancers
1293,Customer Support,Toptal,Beginner,Middle East,Mobile Banking,85,5612.0,65.66,78.38,4.08,25,Fixed,63.57,9,66.02352941176471,224.48,561.2,1,74.51666666666667,0,1.16286764100652,2.2905875186273414,Balanced Mid-Tier Freelancers
1294,App Development,Freelancer,Intermediate,Europe,Crypto,111,7799.0,61.03,84.47,4.39,85,Hourly,75.06,46,70.26126126126127,91.75294117647059,165.93617021276594,2,82.44333333333333,3,2.3781804744910624,1.0011148532524574,Trusted Steady Performers
1295,Web Development,Freelancer,Beginner,USA,Crypto,234,4937.0,17.99,90.03,4.4,74,Hourly,24.34,259,21.0982905982906,66.71621621621621,18.98846153846154,1,67.45666666666668,3,-0.056155394591454154,-0.7327962743579653,Trusted Steady Performers
1296,App Development,Fiverr,Intermediate,Middle East,PayPal,116,4724.0,85.27,60.01,3.34,27,Hourly,65.86,11,40.724137931034484,174.96296296296296,393.6666666666667,2,64.22333333333334,0,-0.4054838694202879,1.471810362326109,Balanced Mid-Tier Freelancers
1297,App Development,Toptal,Expert,Middle East,Bank Transfer,224,2206.0,50.14,58.37,4.0,51,Hourly,61.7,297,9.848214285714286,43.254901960784316,7.402684563758389,3,66.69,3,-0.11982230461146279,-1.360888025541489,Trusted Steady Performers
1298,Graphic Design,Freelancer,Expert,Europe,PayPal,127,7994.0,20.43,55.23,3.82,79,Hourly,14.47,225,62.94488188976378,101.18987341772151,35.3716814159292,3,48.699999999999996,1,-2.7620245222477844,0.7186988967129745,Balanced Mid-Tier Freelancers
1299,Web Development,Fiverr,Intermediate,Australia,Bank Transfer,248,4189.0,16.67,81.82,4.74,81,Hourly,37.11,259,16.891129032258064,51.71604938271605,16.111538461538462,2,71.24333333333334,3,0.48805519727842606,-1.0420000997648409,Trusted Steady Performers
1300,Content Writing,Toptal,Beginner,Canada,Mobile Banking,182,5679.0,96.73,85.32,4.26,69,Hourly,29.79,83,31.203296703296704,82.30434782608695,67.60714285714286,1,66.77,1,-0.03264260270427064,0.1371854002233099,Balanced Mid-Tier Freelancers
1301,SEO,PeoplePerHour,Intermediate,Canada,Crypto,69,7137.0,31.75,51.58,4.07,80,Hourly,31.31,347,103.43478260869566,89.2125,20.50862068965517,2,54.76333333333334,1,-1.7623096105598124,0.6141949787810709,Balanced Mid-Tier Freelancers
1302,App Development,Upwork,Intermediate,Asia,Crypto,7,5128.0,91.32,96.81,3.23,23,Fixed,78.81,347,732.5714285714286,222.95652173913044,14.735632183908047,2,80.07333333333334,2,2.8793216215042885,2.6593711786313414,Premium Specialists
1303,Web Development,Fiverr,Expert,UK,PayPal,211,6455.0,44.01,52.6,4.21,9,Hourly,54.99,5,30.592417061611375,717.2222222222222,1075.8333333333333,3,63.93000000000001,0,-0.6868546634217951,3.3479782421650954,Balanced Mid-Tier Freelancers
1304,App Development,Upwork,Beginner,Australia,PayPal,25,6921.0,41.66,77.06,3.23,33,Hourly,60.24,397,276.84,209.72727272727272,17.389447236180903,1,67.30000000000001,2,0.44217960317386296,1.210199991261448,Premium Specialists
1305,Graphic Design,PeoplePerHour,Intermediate,Europe,Mobile Banking,297,682.0,71.59,85.45,3.67,35,Fixed,78.36,246,2.2962962962962963,19.485714285714284,2.7611336032388665,2,79.07000000000001,3,1.740430138987658,-2.03040891215467,Trusted Steady Performers
1306,Customer Support,Freelancer,Beginner,Australia,Mobile Banking,19,2249.0,6.2347,93.55,3.29,50,Hourly,36.4,34,118.36842105263158,44.98,64.25714285714285,1,65.25,1,-0.14960805855497739,1.0175668303882868,Balanced Mid-Tier Freelancers
1307,Data Entry,Freelancer,Beginner,Australia,Bank Transfer,210,5403.0,37.12,85.7,4.38,24,Hourly,66.13,174,25.728571428571428,225.125,30.874285714285715,1,79.81,3,1.9278988499018896,-0.5576923159009327,Trusted Steady Performers
1308,Web Development,Toptal,Intermediate,Canada,Mobile Banking,206,2960.0,33.75,90.09,3.41,88,Hourly,40.42,441,14.368932038834952,33.63636363636363,6.6968325791855206,2,66.23666666666668,3,-0.1806975893764243,-1.3321316094982003,Trusted Steady Performers
1309,Digital Marketing,Fiverr,Beginner,Europe,Mobile Banking,124,672.0,87.47,66.97,3.78,24,Hourly,70.87,64,5.419354838709677,28.0,10.338461538461539,1,71.14666666666666,3,0.6509927529836935,-0.6448332126680519,Trusted Steady Performers
1310,Data Entry,Fiverr,Expert,USA,Mobile Banking,141,6123.0,55.27,90.74,4.79,19,Fixed,22.65,146,43.42553191489362,322.2631578947368,41.6530612244898,3,69.73,3,0.5782172181615721,0.3220219454903549,Trusted Steady Performers
1311,App Development,Toptal,Expert,Middle East,Mobile Banking,299,410.0,39.63,54.01,3.41,39,Hourly,76.34,56,1.37123745819398,10.512820512820513,7.192982456140351,3,66.18333333333334,3,-0.33569094171332664,-1.5671832694235306,Trusted Steady Performers
1312,Digital Marketing,Upwork,Expert,Canada,Bank Transfer,29,6415.0,30.28,94.74,4.02,61,Hourly,25.31,192,221.20689655172413,105.1639344262295,33.23834196891192,3,66.81666666666666,2,0.3014838310122092,1.5010297118140299,Premium Specialists
1313,Digital Marketing,Freelancer,Expert,Europe,Mobile Banking,238,8451.0,61.1,77.38,3.84,25,Hourly,32.84,12,35.50840336134454,338.04,650.0769230769231,3,62.34,0,-0.7936252402586467,2.290785807447841,Balanced Mid-Tier Freelancers
1314,Digital Marketing,Freelancer,Beginner,UK,Bank Transfer,125,9172.0,19.41,90.86,3.04,25,Fixed,62.93,391,73.376,366.88,23.397959183673468,1,71.53,3,0.8568265895702871,0.2667948947289563,Trusted Steady Performers
1315,Web Development,Fiverr,Expert,Middle East,PayPal,94,3993.0,28.39,72.62,4.59,27,Hourly,37.56,17,42.47872340425532,147.88888888888889,221.83333333333334,3,67.32666666666667,3,0.0911428652165132,1.0404288361269711,Trusted Steady Performers
1316,Content Writing,Fiverr,Intermediate,Middle East,Crypto,204,4919.0,32.89,82.18,3.14,32,Hourly,52.57,245,24.112745098039216,153.71875,19.995934959349594,2,65.85000000000001,3,-0.16828691307630061,-0.561454995365662,Trusted Steady Performers
1317,App Development,Toptal,Expert,Canada,PayPal,184,8178.0,62.75,76.32,3.95,11,Fixed,41.12,162,44.44565217391305,743.4545454545455,50.171779141104295,3,65.48,1,-0.0888782651693131,0.3603570213809119,Balanced Mid-Tier Freelancers
1318,Data Entry,PeoplePerHour,Intermediate,Asia,Mobile Banking,80,927.0,40.46,86.58,4.12,69,Fixed,61.97,342,11.5875,13.434782608695652,2.7026239067055395,2,76.98333333333333,3,1.5589362750648919,-0.9712052031014158,Trusted Steady Performers
1319,Graphic Design,Upwork,Intermediate,UK,Crypto,141,4845.0,53.05,54.08,4.26,33,Fixed,25.98,113,34.361702127659576,146.8181818181818,42.5,2,55.086666666666666,1,-1.7899806852792726,0.26043876827707807,Balanced Mid-Tier Freelancers
1320,Content Writing,PeoplePerHour,Expert,Canada,Mobile Banking,142,7841.0,66.79,53.02,4.38,19,Fixed,14.09,495,55.21830985915493,412.6842105263158,15.808467741935484,3,51.57,1,-2.1383185973073853,-0.02282766018450502,Balanced Mid-Tier Freelancers
1321,App Development,PeoplePerHour,Expert,Australia,Mobile Banking,14,2573.0,95.85,62.36,3.51,16,Hourly,31.0,281,183.78571428571428,160.8125,9.124113475177305,3,54.52,1,-1.4918226174095441,0.7387644534464519,Balanced Mid-Tier Freelancers
1322,Customer Support,Fiverr,Beginner,Asia,PayPal,205,6320.0,77.66,57.98,3.02,11,Fixed,43.2,232,30.829268292682926,574.5454545454545,27.124463519313306,1,53.85999999999999,1,-1.9470317159370318,-0.17896324843182368,Balanced Mid-Tier Freelancers
1323,Customer Support,Fiverr,Intermediate,Europe,Mobile Banking,223,8633.0,43.5,93.59,4.45,75,Fixed,21.76,165,38.71300448430493,115.10666666666667,52.006024096385545,2,68.11666666666666,3,0.14619831458308144,0.1923401919037529,Trusted Steady Performers
1324,Web Development,Fiverr,Expert,UK,PayPal,64,6673.0,76.09,60.96,4.07,74,Fixed,34.84,467,104.265625,90.17567567567568,14.258547008547009,3,59.06666666666667,1,-0.9737079016648548,0.262037469084266,Balanced Mid-Tier Freelancers
1325,Digital Marketing,PeoplePerHour,Beginner,Middle East,Mobile Banking,151,5138.0,95.22,98.79,4.67,69,Hourly,38.0,321,34.026490066225165,74.46376811594203,15.956521739130435,1,76.73,3,1.5775422582811858,-0.529115688989566,Trusted Steady Performers
1326,Graphic Design,Upwork,Expert,Canada,Bank Transfer,111,7614.0,52.44,66.84,4.64,87,Fixed,14.02,25,68.5945945945946,87.51724137931035,292.84615384615387,3,57.88666666666666,1,-1.393051644237783,1.8512972217643073,Balanced Mid-Tier Freelancers
1327,App Development,Fiverr,Expert,Middle East,Crypto,42,7116.0,44.0,59.11,4.69,55,Hourly,50.83,125,169.42857142857142,129.38181818181818,56.476190476190474,3,67.91333333333334,2,0.35828792310209656,1.3731542628925697,Premium Specialists
1328,Data Entry,Freelancer,Expert,UK,PayPal,138,6595.0,12.41,89.48,3.97,25,Hourly,71.9,312,47.789855072463766,263.8,21.070287539936103,3,80.26,3,2.144939804788653,-0.23489063210908712,Trusted Steady Performers
1329,App Development,Upwork,Intermediate,Middle East,PayPal,225,2371.0,89.78,82.94,3.67,77,Fixed,20.62,483,10.537777777777778,30.792207792207794,4.898760330578512,2,58.98666666666667,1,-1.2172603081351483,-1.5045698576062514,Balanced Mid-Tier Freelancers
1330,Content Writing,Freelancer,Expert,Canada,Crypto,137,8199.0,28.41,74.91,4.58,34,Hourly,51.85,280,59.846715328467155,241.14705882352942,29.177935943060497,3,72.78666666666666,3,1.0091293801930232,0.22325258158119676,Trusted Steady Performers
1331,Customer Support,Upwork,Beginner,Asia,PayPal,57,8175.0,11.08,77.77,3.9,12,Fixed,56.53,285,143.42105263157896,681.25,28.583916083916083,1,70.76666666666667,2,0.8162232257473867,0.983369072935835,Premium Specialists
1332,SEO,Fiverr,Expert,Canada,Crypto,66,8380.0,56.03,85.96,3.37,88,Fixed,39.35,465,126.96969696969697,95.22727272727273,17.98283261802575,3,64.23666666666666,2,-0.15907490295615914,0.5673892963049048,Premium Specialists
1333,Content Writing,Toptal,Expert,USA,Bank Transfer,27,8344.0,85.36,61.42,4.71,21,Hourly,59.08,390,309.037037037037,397.3333333333333,21.34015345268542,3,71.56666666666666,2,1.2204541443089478,1.4439031892538279,Premium Specialists
1334,App Development,Fiverr,Beginner,Middle East,Mobile Banking,48,5383.0,43.63,99.82,4.77,29,Hourly,38.75,282,112.14583333333333,185.6206896551724,19.021201413427562,1,77.99,3,1.925348354681753,0.47187881815024035,Trusted Steady Performers
1335,Graphic Design,PeoplePerHour,Beginner,USA,Bank Transfer,50,8725.0,79.39,98.74,3.93,51,Hourly,45.32,138,174.5,171.07843137254903,62.76978417266187,1,74.22,2,1.4092883665661067,1.5763792907688963,Premium Specialists
1336,App Development,PeoplePerHour,Intermediate,Asia,Mobile Banking,151,7908.0,84.46,82.52,3.15,23,Hourly,10.51,100,52.370860927152314,343.82608695652175,78.29702970297029,2,52.00999999999999,1,-2.111629135335156,0.9878804934063844,Balanced Mid-Tier Freelancers
1337,App Development,Upwork,Intermediate,USA,Crypto,220,4369.0,48.17,59.98,3.78,33,Fixed,58.42,391,19.85909090909091,132.3939393939394,11.145408163265307,2,64.66666666666667,1,-0.37140800687615505,-1.1264383143314736,Balanced Mid-Tier Freelancers
1338,Web Development,PeoplePerHour,Intermediate,Middle East,Bank Transfer,51,5439.0,61.14,84.01,4.61,8,Hourly,56.29,10,106.6470588235294,679.875,494.45454545454544,2,77.5,0,1.7515488397759713,2.4023369453566565,Balanced Mid-Tier Freelancers
1339,Data Entry,Fiverr,Intermediate,UK,Mobile Banking,28,1898.0,55.72,53.61,4.8,42,Hourly,12.69,381,67.78571428571429,45.19047619047619,4.968586387434555,2,54.1,1,-1.7926104775037641,-0.059238032308512344,Balanced Mid-Tier Freelancers
1340,Graphic Design,Freelancer,Beginner,Australia,Crypto,149,3255.0,94.22,51.53,3.41,77,Hourly,35.78,215,21.845637583892618,42.27272727272727,15.069444444444445,1,51.836666666666666,1,-2.342743139818379,-0.39527156456466583,Balanced Mid-Tier Freelancers
1341,App Development,Fiverr,Expert,Asia,Mobile Banking,93,2211.0,73.92,62.88,3.13,69,Hourly,78.53,29,23.774193548387096,32.04347826086956,73.7,3,68.00333333333333,3,0.16369045818666328,0.04775636734708363,Trusted Steady Performers
1342,Digital Marketing,Upwork,Expert,Canada,PayPal,178,1514.0,92.91,73.13,4.75,41,Fixed,39.45,93,8.50561797752809,36.926829268292686,16.106382978723403,3,69.19333333333333,3,0.36117940253637504,-0.732546893242802,Trusted Steady Performers
1343,Data Entry,PeoplePerHour,Expert,Europe,PayPal,68,693.0,25.9,93.41,3.78,74,Fixed,45.14,115,10.191176470588236,9.364864864864865,5.974137931034483,3,71.38333333333333,3,0.6921884648958552,-0.3323155965155099,Trusted Steady Performers
1344,Content Writing,Freelancer,Intermediate,Asia,Crypto,123,5401.0,34.47,86.36,4.08,63,Hourly,73.7,495,43.91056910569106,85.73015873015873,10.889112903225806,2,80.55333333333334,3,2.1541979015757873,-0.8106526743140113,Trusted Steady Performers
1345,Graphic Design,Toptal,Beginner,USA,Mobile Banking,227,4603.0,11.74,87.14,4.94,14,Hourly,60.21,270,20.277533039647576,328.7857142857143,16.985239852398525,1,82.05,3,2.244191292542991,-1.0056133367550781,Trusted Steady Performers
1346,Content Writing,Freelancer,Beginner,UK,PayPal,160,6568.0,52.49,71.27,3.13,88,Fixed,50.74,439,41.05,74.63636363636364,14.927272727272728,1,61.53666666666667,1,-0.8334090258429299,-0.4865532480902935,Balanced Mid-Tier Freelancers
1347,Customer Support,Freelancer,Beginner,Middle East,Bank Transfer,182,5773.0,88.02,67.3,4.3,62,Fixed,65.85,290,31.71978021978022,93.11290322580645,19.83848797250859,1,73.05,3,0.9274198956549651,-0.62636633130758,Trusted Steady Performers
1348,App Development,Fiverr,Expert,UK,Mobile Banking,60,7996.0,36.05,68.55,3.15,75,Fixed,70.51,38,133.26666666666668,106.61333333333333,205.02564102564102,3,67.35333333333334,2,0.16560933808828715,1.870709734633101,Premium Specialists
1349,Content Writing,Toptal,Intermediate,UK,Mobile Banking,63,660.0,17.19,99.38,3.75,46,Fixed,41.98,23,10.476190476190476,14.347826086956522,27.5,2,72.11999999999999,3,0.8107472777498742,-0.014030953245735838,Trusted Steady Performers
1350,Content Writing,Upwork,Beginner,Middle East,PayPal,224,4352.0,11.5,52.01,4.61,67,Hourly,43.26,263,19.428571428571427,64.95522388059702,16.484848484848484,1,62.49,1,-0.8787752221746988,-0.8516442066887602,Balanced Mid-Tier Freelancers
1351,Web Development,Upwork,Intermediate,Europe,PayPal,189,1593.0,47.51,93.35,3.87,53,Hourly,37.02,42,8.428571428571429,30.056603773584907,37.04651162790697,2,69.25666666666667,3,0.2830450389223044,-0.5466958361499379,Trusted Steady Performers
1352,Content Writing,Freelancer,Beginner,Middle East,Crypto,51,1516.0,20.58,78.93,4.99,52,Fixed,77.67,169,29.725490196078432,29.153846153846153,8.91764705882353,1,85.46666666666668,3,2.8181136037339356,-0.45378018784557805,Trusted Steady Performers
1353,Digital Marketing,Freelancer,Intermediate,Europe,Mobile Banking,106,9158.0,37.88,71.93,4.12,7,Fixed,58.8,339,86.39622641509433,1308.2857142857142,26.935294117647057,2,71.04333333333334,3,0.8434882557124617,0.5088354640954639,Trusted Steady Performers
1354,Digital Marketing,PeoplePerHour,Beginner,Middle East,Bank Transfer,48,6286.0,82.9,86.26,3.64,81,Hourly,15.83,168,130.95833333333334,77.60493827160494,37.19526627218935,1,58.296666666666674,1,-1.1168958696363842,1.1736986166548362,Balanced Mid-Tier Freelancers
1355,Data Entry,Toptal,Intermediate,USA,PayPal,19,1231.0,41.48,74.33,3.44,84,Hourly,70.41,302,64.78947368421052,14.654761904761905,4.0627062706270625,2,71.17999999999999,3,0.7279630438419454,-0.31610024459300295,Trusted Steady Performers
1356,App Development,Freelancer,Beginner,Europe,Mobile Banking,240,2196.0,62.94,93.67,3.7,54,Fixed,43.64,25,9.15,40.666666666666664,84.46153846153847,1,70.43666666666667,3,0.4003653668587001,-0.5906769583984937,Trusted Steady Performers
1357,SEO,PeoplePerHour,Beginner,USA,PayPal,55,2322.0,52.71,95.04,3.75,11,Hourly,14.81,179,42.21818181818182,211.0909090909091,12.9,1,61.616666666666674,1,-0.625189147758905,0.2290455899063319,Balanced Mid-Tier Freelancers
1358,Customer Support,Toptal,Intermediate,Asia,Crypto,38,9093.0,73.26,71.09,3.14,25,Fixed,48.48,471,239.28947368421052,363.72,19.264830508474578,2,60.78999999999999,2,-0.4812124247130942,1.2598644717078407,Premium Specialists
1359,Content Writing,Upwork,Intermediate,Europe,Mobile Banking,128,4586.0,19.84,63.84,3.74,59,Hourly,39.2,149,35.828125,77.72881355932203,30.573333333333334,2,59.279999999999994,1,-1.2048056278281956,0.11318470538060967,Balanced Mid-Tier Freelancers
1360,Content Writing,PeoplePerHour,Expert,Europe,Mobile Banking,81,769.0,92.44,79.62,3.93,88,Hourly,71.44,132,9.493827160493828,8.738636363636363,5.7819548872180455,3,76.55333333333334,3,1.5004448537728121,-0.6467907356230658,Trusted Steady Performers
1361,Graphic Design,Toptal,Intermediate,Middle East,Crypto,127,4730.0,66.15,95.62,4.45,66,Fixed,24.28,142,37.24409448818898,71.66666666666667,33.07692307692308,2,69.63333333333334,3,0.4771436279705801,0.11274546829312738,Trusted Steady Performers
1362,Web Development,PeoplePerHour,Beginner,Europe,Bank Transfer,209,3522.0,30.74,60.53,4.31,27,Hourly,67.85,163,16.851674641148325,130.44444444444446,21.475609756097562,1,71.52666666666666,3,0.5854667580781845,-0.8091955556408671,Trusted Steady Performers
1363,SEO,Freelancer,Beginner,USA,PayPal,232,3692.0,16.71,81.15,4.42,83,Fixed,49.04,100,15.913793103448276,44.48192771084337,36.554455445544555,1,72.86333333333333,3,0.679849341558522,-0.7045834016286139,Trusted Steady Performers
1364,Data Entry,Fiverr,Intermediate,Asia,Crypto,74,119.96000000000001,19.22,81.58,3.02,58,Hourly,13.82,62,1.6210810810810812,2.068275862068966,1.9041269841269843,2,51.93333333333333,1,-2.3062690187260335,-0.049840261351815504,Balanced Mid-Tier Freelancers
1365,Customer Support,Upwork,Expert,Middle East,Mobile Banking,234,609.0,79.35,86.66,3.44,11,Fixed,78.03,92,2.6025641025641026,55.36363636363637,6.548387096774194,3,77.83,3,1.664772612169044,-1.3388957176586,Trusted Steady Performers
1366,SEO,Freelancer,Intermediate,Canada,Crypto,25,7496.0,60.87,56.58,4.32,55,Fixed,45.88,206,299.84,136.29090909090908,36.21256038647343,2,62.95333333333334,2,-0.25781141814871733,1.832845219879819,Premium Specialists
1367,Content Writing,Freelancer,Beginner,Asia,Mobile Banking,112,1783.0,41.17,85.79,3.97,19,Fixed,30.36,474,15.919642857142858,93.84210526315789,3.7536842105263157,1,65.18333333333334,1,-0.1610394258591215,-0.9826863249615478,Balanced Mid-Tier Freelancers
1368,Graphic Design,Toptal,Beginner,Asia,Crypto,245,8911.0,36.63,95.45,3.01,39,Hourly,42.86,432,36.371428571428574,228.48717948717947,20.579676674364897,1,66.17,3,-0.08319104755278425,-0.5136431893378568,Trusted Steady Performers
1369,App Development,PeoplePerHour,Expert,USA,Bank Transfer,255,3944.0,86.3,58.98,4.61,85,Fixed,70.05,310,15.466666666666667,46.4,12.681672025723472,3,73.74333333333334,3,0.9300587949366158,-1.4411355571330566,Trusted Steady Performers
1370,Web Development,Upwork,Intermediate,Asia,Mobile Banking,139,1592.0,88.1,61.88,4.55,86,Fixed,31.34,71,11.453237410071942,18.511627906976745,22.11111111111111,2,61.406666666666666,1,-0.9143943592855726,-0.3949485591231413,Balanced Mid-Tier Freelancers
1371,App Development,Freelancer,Beginner,Canada,Crypto,94,9513.0,60.22,98.57,4.1,70,Hourly,23.49,59,101.20212765957447,135.9,158.55,1,68.02,2,0.286937455137815,1.767593637244159,Premium Specialists
1372,Data Entry,Toptal,Beginner,UK,Bank Transfer,83,2465.0,54.83,59.05,3.13,11,Hourly,19.03,440,29.698795180722893,224.0909090909091,5.5895691609977325,1,46.89333333333334,1,-2.9104270022471774,-0.3989920734179861,Balanced Mid-Tier Freelancers
1373,SEO,Upwork,Beginner,Middle East,Bank Transfer,181,6140.0,82.56,92.72,4.53,14,Fixed,30.85,28,33.92265193370166,438.57142857142856,211.72413793103448,1,71.39,3,0.7252359330851567,0.7899882464212232,Trusted Steady Performers
1374,Data Entry,PeoplePerHour,Intermediate,UK,PayPal,106,5267.0,76.19,74.61,4.17,60,Fixed,64.6,18,49.68867924528302,87.78333333333333,277.2105263157895,2,74.20333333333333,3,1.1112760217072852,1.1323176711778706,Trusted Steady Performers
1375,Content Writing,Freelancer,Intermediate,Middle East,Mobile Banking,116,5437.0,43.03,62.36,4.56,36,Hourly,43.01,478,46.87068965517241,151.02777777777777,11.350730688935283,2,65.52333333333333,1,-0.10387654655656538,-0.47953244918851634,Balanced Mid-Tier Freelancers
1376,Data Entry,Freelancer,Expert,Asia,PayPal,185,5229.0,12.86,93.54,4.5,41,Hourly,25.92,72,28.264864864864865,127.53658536585365,71.63013698630137,3,69.82000000000001,3,0.4218200504126291,0.15064193130371367,Trusted Steady Performers
1377,App Development,Freelancer,Beginner,Middle East,Bank Transfer,108,8237.0,78.01,72.27,4.61,2,Hourly,21.63,393,76.26851851851852,4118.5,20.906091370558375,1,62.03333333333333,1,-0.4904950010126926,0.402103573639945,Balanced Mid-Tier Freelancers
1378,Graphic Design,Upwork,Beginner,USA,PayPal,20,6693.0,21.03,75.74,4.04,57,Fixed,33.29,356,334.65,117.42105263157895,18.747899159663866,1,63.27666666666667,2,-0.19690426207952802,1.6087146673021968,Premium Specialists
1379,Data Entry,Upwork,Expert,Canada,PayPal,100,7710.0,6.56,67.96,3.28,60,Hourly,75.79,393,77.1,128.5,19.568527918781726,3,69.78333333333335,3,0.5333363364816155,0.1030192318387238,Trusted Steady Performers
1380,Digital Marketing,Upwork,Beginner,Middle East,Crypto,297,2508.0,85.11,79.65,4.34,20,Fixed,34.01,245,8.444444444444445,125.4,10.195121951219512,1,66.82,3,-0.08527221221297657,-1.4631421246839085,Trusted Steady Performers
1381,Graphic Design,Upwork,Expert,Canada,PayPal,150,9405.0,59.93,58.18,4.24,22,Fixed,79.17,480,62.7,427.5,19.553014553014552,3,74.05000000000001,3,1.2670013956464916,-0.23363359238858308,Trusted Steady Performers
1382,SEO,Toptal,Expert,Middle East,Bank Transfer,6,6078.0,89.71,69.55,4.48,4,Fixed,43.97,472,1013.0,1519.5,12.849894291754756,3,67.70666666666666,2,1.26568849881353,3.783932226012857,Premium Specialists
1383,Web Development,Fiverr,Beginner,Canada,PayPal,123,5497.0,51.04,98.47,3.34,56,Hourly,22.54,312,44.6910569105691,98.16071428571429,17.562300319488816,1,62.603333333333325,1,-0.5578699244901242,-0.0020391447129467282,Balanced Mid-Tier Freelancers
1384,Web Development,Toptal,Intermediate,UK,Mobile Banking,98,4609.0,93.02,62.91,3.39,58,Hourly,72.38,437,47.03061224489796,79.46551724137932,10.52283105022831,2,67.69666666666667,3,0.2572065492060651,-0.565702159028738,Trusted Steady Performers
1385,Content Writing,Freelancer,Intermediate,USA,Crypto,195,2799.0,38.63,82.84,4.78,88,Hourly,42.22,439,14.353846153846154,31.806818181818183,6.361363636363636,2,73.55333333333333,3,0.9247301817180266,-1.4220507143234036,Trusted Steady Performers
1386,Content Writing,Toptal,Intermediate,Middle East,Bank Transfer,7,1998.0,73.83,66.26,4.5,65,Fixed,59.68,323,285.42857142857144,30.73846153846154,6.166666666666667,2,71.98,2,1.1058002976206673,0.6316982539930175,Premium Specialists
1387,Digital Marketing,PeoplePerHour,Intermediate,Australia,PayPal,115,6356.0,33.59,88.67,4.82,88,Fixed,78.86,452,55.2695652173913,72.22727272727273,14.030905077262693,2,87.97666666666667,3,3.2542687821444005,-0.6326445694792947,Trusted Steady Performers
1388,SEO,Upwork,Beginner,Canada,Mobile Banking,181,8301.0,6.2347,56.54,4.52,58,Hourly,13.51,86,45.86187845303867,143.1206896551724,95.41379310344827,1,53.48333333333333,1,-2.169752671983173,0.8423526860170212,Balanced Mid-Tier Freelancers
1389,App Development,PeoplePerHour,Expert,Canada,Bank Transfer,261,8142.0,41.08,98.49,4.19,30,Hourly,16.77,358,31.195402298850574,271.4,22.67966573816156,3,66.35333333333334,1,-0.016511920852076596,-0.48222360854913526,Balanced Mid-Tier Freelancers
1390,Web Development,PeoplePerHour,Expert,Australia,PayPal,26,8574.0,75.09,72.69,4.31,76,Fixed,60.43,182,329.7692307692308,112.8157894736842,46.85245901639344,3,73.10666666666667,2,1.3463153890336965,2.0118622159109725,Premium Specialists
1391,Web Development,Freelancer,Beginner,USA,Crypto,224,239.0,19.25,61.8,4.78,19,Fixed,29.73,196,1.0669642857142858,12.578947368421053,1.2131979695431472,1,62.376666666666665,1,-0.8456701769966616,-1.2942073553630862,Balanced Mid-Tier Freelancers
1392,Web Development,Upwork,Intermediate,Canada,PayPal,177,6058.0,52.96,53.67,4.16,62,Fixed,22.9,243,34.22598870056497,97.70967741935483,24.827868852459016,2,53.25666666666667,1,-2.1136313535606464,-0.0769387498394735,Balanced Mid-Tier Freelancers
1393,App Development,PeoplePerHour,Expert,USA,Bank Transfer,228,7532.0,25.17,58.49,4.26,68,Fixed,12.76,327,33.03508771929825,110.76470588235294,22.963414634146343,3,52.15,1,-2.3121922804203776,-0.25557040464328706,Balanced Mid-Tier Freelancers
1394,Web Development,Freelancer,Beginner,Canada,Bank Transfer,69,345.0,12.09,75.99,3.31,79,Hourly,11.53,464,5.0,4.367088607594937,0.7419354838709677,1,51.24,1,-2.4143361010481166,-0.8219696994164717,Balanced Mid-Tier Freelancers
1395,Data Entry,Upwork,Beginner,Asia,Bank Transfer,281,8418.0,63.66,66.85,3.95,84,Fixed,64.21,384,29.95729537366548,100.21428571428571,21.864935064935064,1,70.02,3,0.34476283521699375,-0.9345689138586772,Trusted Steady Performers
1396,SEO,Fiverr,Intermediate,Europe,Mobile Banking,253,8218.0,95.44,91.44,4.43,44,Fixed,19.41,117,32.48221343873518,186.77272727272728,69.64406779661017,2,66.48333333333333,1,-0.03202117286664378,0.13634398578474707,Balanced Mid-Tier Freelancers
1397,Graphic Design,Freelancer,Beginner,Asia,PayPal,264,849.0,34.52,71.54,3.54,84,Hourly,42.74,495,3.215909090909091,10.107142857142858,1.7116935483870968,1,61.693333333333335,1,-0.9979350349975766,-2.086958249788698,Balanced Mid-Tier Freelancers
1398,Graphic Design,Toptal,Expert,Canada,PayPal,135,9047.0,60.16,62.44,3.4,61,Hourly,52.41,395,67.01481481481481,148.31147540983608,22.845959595959595,3,60.949999999999996,1,-0.7726357234598543,0.2112311681850103,Balanced Mid-Tier Freelancers
1399,Digital Marketing,Upwork,Expert,Europe,PayPal,117,7053.0,95.59,80.86,3.63,21,Hourly,39.98,418,60.282051282051285,335.85714285714283,16.832935560859188,3,64.47999999999999,1,-0.08714911536676873,-0.006521115536571226,Balanced Mid-Tier Freelancers
1400,Data Entry,PeoplePerHour,Beginner,Middle East,Crypto,290,9937.02,66.8,85.34,3.48,10,Hourly,11.9,371,34.26558620689655,993.702,26.712419354838712,1,55.61333333333334,1,-1.6565360402479885,-0.2619512968314315,Balanced Mid-Tier Freelancers
1401,Web Development,PeoplePerHour,Expert,USA,Mobile Banking,291,8456.0,68.95,58.35,3.43,30,Fixed,64.85,461,29.058419243986254,281.8666666666667,18.303030303030305,3,63.93333333333334,1,-0.436097826254724,-1.0293673368602354,Balanced Mid-Tier Freelancers
1402,Web Development,Toptal,Beginner,Canada,Mobile Banking,215,2750.0,22.0,58.38,3.85,24,Fixed,10.74,495,12.790697674418604,114.58333333333333,5.544354838709677,1,48.70666666666667,1,-2.830246877581084,-1.228765235253139,Balanced Mid-Tier Freelancers
1403,Content Writing,Toptal,Expert,UK,Crypto,24,8838.0,51.8,51.83,4.82,48,Fixed,63.33,81,368.25,184.125,107.78048780487805,3,70.52,2,0.9340129386110473,2.608083619884386,Premium Specialists
1404,Content Writing,PeoplePerHour,Intermediate,UK,Mobile Banking,219,9937.02,39.87,86.82,4.01,55,Fixed,72.53,457,45.37452054794521,180.67309090909092,21.69655021834061,2,79.85,3,2.015200361132054,-0.5484217031986988,Trusted Steady Performers
1405,Digital Marketing,Upwork,Expert,Australia,Crypto,255,9597.0,49.74,83.19,3.38,52,Fixed,40.3,246,37.63529411764706,184.55769230769232,38.85425101214575,3,63.69666666666666,1,-0.4738591141500565,-0.03600055988131193,Balanced Mid-Tier Freelancers
1406,Web Development,Freelancer,Intermediate,UK,Bank Transfer,275,9534.0,81.08,73.73,3.15,38,Hourly,47.49,462,34.66909090909091,250.89473684210526,20.591792656587472,2,61.40666666666667,1,-0.7799987654498519,-0.670781138087002,Balanced Mid-Tier Freelancers
1407,Digital Marketing,Toptal,Intermediate,Europe,Bank Transfer,184,5923.0,48.77,92.21,4.39,67,Hourly,43.39,233,32.19021739130435,88.40298507462687,25.311965811965813,2,74.46666666666665,3,1.1471155547166174,-0.3622804830046112,Trusted Steady Performers
1408,Data Entry,Toptal,Beginner,UK,Mobile Banking,198,4764.0,10.97,90.28,3.77,8,Fixed,37.24,416,24.060606060606062,595.5,11.424460431654676,1,67.64,3,0.14083819929175412,-0.860092610315644,Trusted Steady Performers
1409,Graphic Design,Toptal,Intermediate,UK,Bank Transfer,83,6541.0,91.03,79.27,4.64,29,Hourly,72.12,466,78.80722891566265,225.55172413793105,14.006423982869379,2,81.39666666666666,3,2.4716924070255764,-0.26476692937370755,Trusted Steady Performers
1410,Web Development,Fiverr,Expert,UK,Bank Transfer,184,8383.0,56.76,93.41,4.32,10,Fixed,72.58,481,45.55978260869565,838.3,17.392116182572614,3,84.13,3,2.825213187836977,-0.6410879264899024,Trusted Steady Performers
1411,SEO,Upwork,Expert,Canada,Bank Transfer,167,2889.0,92.83,60.29,4.59,69,Fixed,33.51,364,17.29940119760479,41.869565217391305,7.9150684931506845,3,61.86666666666667,1,-0.7415447079633429,-0.9744444460235678,Balanced Mid-Tier Freelancers
1412,App Development,Upwork,Intermediate,Australia,PayPal,206,3563.0,59.37,55.6,3.54,75,Fixed,53.05,152,17.296116504854368,47.50666666666667,23.287581699346404,2,59.81666666666666,1,-1.212148157306501,-0.6325991031739564,Balanced Mid-Tier Freelancers
1413,Data Entry,Upwork,Beginner,USA,Bank Transfer,18,9937.02,11.62,63.49,4.38,68,Fixed,74.88,271,552.0566666666667,146.13264705882352,36.53316176470588,1,75.32333333333334,2,1.7558611748381872,2.7944509597703657,Premium Specialists
1414,Web Development,Upwork,Intermediate,Australia,PayPal,250,1185.0,57.52,52.85,3.53,49,Fixed,77.34,391,4.74,24.183673469387756,3.0229591836734695,2,66.92999999999999,3,-0.12864861731461513,-1.9231613646168646,Trusted Steady Performers
1415,App Development,Upwork,Expert,Europe,Crypto,18,6407.0,59.7,76.56,4.88,58,Hourly,45.63,34,355.94444444444446,110.46551724137932,183.05714285714285,3,73.26333333333334,2,1.341698338577396,2.6410458507543075,Premium Specialists
1416,SEO,PeoplePerHour,Expert,Canada,Crypto,103,2297.0,25.36,96.83,4.27,35,Hourly,41.7,212,22.300970873786408,65.62857142857143,10.784037558685446,3,74.64333333333333,3,1.2665248186749192,-0.41707179508469394,Trusted Steady Performers
1417,Content Writing,Toptal,Intermediate,Middle East,Crypto,37,6598.0,49.75,51.97,3.65,50,Fixed,29.51,210,178.32432432432432,131.96,31.270142180094787,2,51.49333333333333,1,-2.1212030526224543,1.3690656721783467,Balanced Mid-Tier Freelancers
1418,Digital Marketing,PeoplePerHour,Intermediate,Canada,Crypto,261,4566.0,48.65,56.11,3.54,40,Fixed,77.12,429,17.49425287356322,114.15,10.61860465116279,2,68.01,3,0.08272306687843275,-1.510478029358075,Trusted Steady Performers
1419,Content Writing,Fiverr,Intermediate,Asia,Crypto,38,4152.0,64.17,72.61,3.38,12,Hourly,20.0,138,109.26315789473684,346.0,29.8705035971223,2,53.40333333333333,1,-1.7969242650118358,0.994972872617707,Balanced Mid-Tier Freelancers
1420,Graphic Design,Freelancer,Expert,UK,Bank Transfer,23,1598.0,29.66,96.69,4.39,85,Fixed,50.59,188,69.47826086956522,18.8,8.455026455026456,3,78.36,3,1.850441971679923,-0.00708739509762423,Trusted Steady Performers
1421,Content Writing,Toptal,Expert,UK,Bank Transfer,156,6582.0,60.27,65.81,3.44,16,Fixed,29.78,299,42.19230769230769,411.375,21.94,3,54.796666666666674,1,-1.6983921930246295,0.05586197848971915,Balanced Mid-Tier Freelancers
1422,Web Development,Fiverr,Expert,Europe,Bank Transfer,264,4561.0,27.89,75.36,4.19,78,Fixed,29.53,394,17.276515151515152,58.47435897435897,11.546835443037974,3,62.896666666666675,1,-0.7274456855789787,-1.2416285891658396,Balanced Mid-Tier Freelancers
1423,SEO,PeoplePerHour,Beginner,Middle East,Crypto,168,2881.0,47.41,52.08,3.53,85,Hourly,38.35,251,17.148809523809526,33.89411764705882,11.432539682539682,1,53.67666666666667,1,-2.157878771589784,-0.6639899680982199,Balanced Mid-Tier Freelancers
1424,Content Writing,Freelancer,Expert,Asia,Crypto,81,9248.0,16.66,57.42,4.32,48,Fixed,79.92,394,114.17283950617283,192.66666666666666,23.4126582278481,3,74.58,3,1.332140017589588,0.46533547186445096,Trusted Steady Performers
1425,Web Development,Fiverr,Expert,Canada,PayPal,141,3112.0,8.54,99.33,4.63,1,Fixed,13.85,149,22.070921985815602,3112.0,20.746666666666666,3,68.59333333333333,3,0.35175819873584374,-0.14342199363721356,Trusted Steady Performers
1426,Graphic Design,Freelancer,Beginner,Middle East,Mobile Banking,212,8025.0,35.46,98.26,4.56,65,Hourly,50.5,340,37.85377358490566,123.46153846153847,23.533724340175954,1,79.98666666666666,3,1.9713187636023912,-0.4924082193287327,Trusted Steady Performers
1427,App Development,Fiverr,Beginner,USA,Bank Transfer,246,3102.0,31.08,50.25,4.52,22,Fixed,15.78,218,12.609756097560975,141.0,14.164383561643836,1,52.143333333333324,1,-2.3887206987670115,-0.8381787269932706,Balanced Mid-Tier Freelancers
1428,SEO,PeoplePerHour,Beginner,Australia,Mobile Banking,71,7260.0,43.66,97.59,3.38,15,Fixed,20.82,81,102.25352112676056,484.0,88.53658536585365,1,62.00333333333333,1,-0.5323078320769915,1.4718632742491602,Balanced Mid-Tier Freelancers
1429,Content Writing,Freelancer,Beginner,Canada,Crypto,120,3589.0,96.39,81.96,3.18,84,Hourly,40.77,189,29.908333333333335,42.726190476190474,18.889473684210525,1,62.11000000000001,1,-0.703804932004453,-0.18458283902252043,Balanced Mid-Tier Freelancers
1430,Digital Marketing,Fiverr,Beginner,Middle East,Crypto,206,576.0,54.61,93.4,4.4,67,Hourly,45.73,233,2.796116504854369,8.597014925373134,2.4615384615384617,1,75.71000000000001,3,1.2279284402048152,-1.4248065315676819,Trusted Steady Performers
1431,Digital Marketing,PeoplePerHour,Beginner,USA,Crypto,254,2857.0,57.55,72.74,3.74,14,Fixed,28.12,175,11.248031496062993,204.07142857142858,16.232954545454547,1,58.553333333333335,1,-1.342546542048926,-0.8884392437206762,Balanced Mid-Tier Freelancers
1432,SEO,Toptal,Intermediate,USA,Mobile Banking,282,9437.0,94.45,75.78,3.86,73,Hourly,32.15,231,33.4645390070922,129.27397260273972,40.67672413793103,2,61.71000000000001,1,-0.8260564439231004,-0.19942910495155625,Balanced Mid-Tier Freelancers
1433,Digital Marketing,PeoplePerHour,Intermediate,Asia,PayPal,116,1803.0,92.51,74.44,3.06,19,Fixed,16.09,357,15.543103448275861,94.89473684210526,5.0363128491620115,2,50.57666666666666,1,-2.3226853971723758,-0.5743237319826439,Balanced Mid-Tier Freelancers
1434,Content Writing,PeoplePerHour,Intermediate,Asia,Crypto,238,9914.0,88.99,83.34,3.52,40,Fixed,31.23,477,41.65546218487395,247.85,20.740585774058577,2,61.656666666666666,1,-0.6685675791568648,-0.37324211509843946,Balanced Mid-Tier Freelancers
1435,Content Writing,Toptal,Intermediate,Australia,PayPal,180,6932.0,14.31,56.98,3.07,4,Hourly,77.66,62,38.51111111111111,1733.0,110.03174603174604,2,65.34666666666666,3,-0.26985912717210236,0.4628379873651637,Trusted Steady Performers
1436,SEO,PeoplePerHour,Expert,USA,PayPal,147,1704.0,65.26,51.5,4.76,33,Fixed,76.13,434,11.591836734693878,51.63636363636363,3.9172413793103447,3,74.27666666666666,3,1.1578210692699478,-1.4575768932852278,Trusted Steady Performers
1437,Content Writing,Toptal,Beginner,Europe,Bank Transfer,36,4891.0,81.77,65.4,3.49,43,Hourly,33.44,428,135.86111111111111,113.74418604651163,11.400932400932401,1,56.21333333333334,1,-1.3582706519866,0.4248782989965688,Balanced Mid-Tier Freelancers
1438,App Development,Toptal,Expert,USA,Mobile Banking,185,4091.0,84.38,85.23,4.11,37,Hourly,49.96,494,22.113513513513514,110.56756756756756,8.264646464646464,3,72.46333333333334,3,0.9775956788465823,-1.2294347227649873,Trusted Steady Performers
1439,Web Development,Toptal,Beginner,Middle East,Crypto,71,5074.0,59.9,60.09,3.08,66,Hourly,73.67,236,71.46478873239437,76.87878787878788,21.40928270042194,1,65.12,3,-0.20975367809898537,0.2006687542468815,Trusted Steady Performers
1440,Graphic Design,Fiverr,Beginner,Asia,PayPal,8,9089.0,6.66,83.67,4.33,27,Fixed,10.43,32,1136.125,336.6296296296296,275.42424242424244,1,60.23333333333333,2,-0.04273249748693743,6.580809997308654,Premium Specialists
1441,App Development,Freelancer,Expert,Europe,Mobile Banking,290,9109.0,97.5,98.5,3.65,45,Hourly,66.75,212,31.410344827586208,202.42222222222222,42.76525821596244,3,79.41666666666667,3,1.9603904187375543,-0.4860254171777379,Trusted Steady Performers
1442,App Development,Fiverr,Intermediate,Asia,Mobile Banking,273,9015.0,49.86,54.7,4.8,81,Fixed,76.39,59,33.02197802197802,111.29629629629629,150.25,2,75.69666666666666,3,1.1225282525128883,0.13020677746710405,Trusted Steady Performers
1443,Digital Marketing,Toptal,Expert,Asia,Crypto,240,8784.0,42.39,83.63,4.78,50,Hourly,16.39,378,36.6,175.68,23.176781002638524,3,65.20666666666666,1,-0.2199513158366466,-0.34701962361834754,Balanced Mid-Tier Freelancers
1444,Web Development,Freelancer,Expert,Asia,Bank Transfer,281,4467.0,42.52,72.19,3.65,63,Hourly,21.3,5,15.896797153024911,70.9047619047619,744.5,3,55.49666666666667,0,-2.044903242175252,1.8250976422502432,Balanced Mid-Tier Freelancers
1445,SEO,Freelancer,Beginner,USA,Bank Transfer,45,9027.0,45.29,93.41,4.8,6,Fixed,77.25,396,200.6,1504.5,22.738035264483628,1,88.88666666666666,3,3.7294327545499315,0.8622876210119007,Trusted Steady Performers
1446,Customer Support,Toptal,Beginner,UK,PayPal,125,4685.0,28.01,58.86,4.99,67,Fixed,47.63,449,37.48,69.92537313432835,10.411111111111111,1,68.76333333333334,3,0.25078306285145363,-0.7046623470405441,Trusted Steady Performers
1447,Digital Marketing,Freelancer,Beginner,USA,Bank Transfer,279,2933.0,36.1,84.63,4.65,67,Hourly,10.99,56,10.512544802867383,43.776119402985074,51.45614035087719,1,62.873333333333335,1,-0.8369726326033252,-0.6930615842639004,Balanced Mid-Tier Freelancers
1448,Web Development,Freelancer,Intermediate,Asia,Bank Transfer,235,5934.0,98.61,91.91,4.69,59,Fixed,28.03,426,25.251063829787235,100.57627118644068,13.896955503512881,2,71.24666666666667,3,0.7220556712131037,-1.0149971589073987,Trusted Steady Performers
1449,Content Writing,Fiverr,Expert,Europe,Bank Transfer,90,498.0,39.98,97.23,3.5,13,Fixed,41.5,300,5.533333333333333,38.30769230769231,1.654485049833887,3,69.57666666666667,3,0.557981252132896,-0.7794047956697274,Trusted Steady Performers
1450,SEO,Freelancer,Expert,USA,Mobile Banking,67,3360.0,55.04,84.16,4.15,21,Hourly,58.5,286,50.149253731343286,160.0,11.707317073170731,3,75.22,3,1.47058984008327,-0.20793495704869416,Trusted Steady Performers
1451,Customer Support,Toptal,Intermediate,Asia,Crypto,196,4635.0,85.59,74.86,3.13,64,Hourly,61.32,137,23.647959183673468,72.421875,33.58695652173913,2,66.26,3,-0.12383587450164928,-0.40513583872765146,Trusted Steady Performers
1452,SEO,Upwork,Expert,Asia,Mobile Banking,297,8158.0,55.11,80.89,3.19,37,Fixed,79.68,278,27.468013468013467,220.48648648648648,29.240143369175627,3,74.79,3,1.177475136940952,-0.8296747524285359,Trusted Steady Performers
1453,Customer Support,Upwork,Expert,USA,Mobile Banking,35,4459.0,35.82,93.45,5.0,80,Hourly,30.13,213,127.4,55.7375,20.83644859813084,3,74.52666666666666,2,1.3451136910441712,0.6249847085219731,Premium Specialists
1454,Customer Support,Upwork,Beginner,USA,Crypto,150,7923.0,54.76,78.53,3.65,85,Hourly,47.68,238,52.82,93.21176470588236,33.15062761506276,1,66.40333333333334,3,-0.0816694501731176,0.22240976005692714,Trusted Steady Performers
1455,Digital Marketing,Toptal,Intermediate,Europe,Mobile Banking,111,6101.0,15.84,51.52,4.5,48,Hourly,47.33,284,54.96396396396396,127.10416666666667,21.40701754385965,2,62.95000000000001,1,-0.5906463853428832,0.09041804508562676,Balanced Mid-Tier Freelancers
1456,Content Writing,Upwork,Beginner,USA,PayPal,114,8626.0,17.35,96.55,4.61,56,Fixed,38.4,480,75.66666666666667,154.03571428571428,17.933471933471935,1,75.71666666666667,3,1.4680863470502112,0.04426491581924232,Trusted Steady Performers
1457,Digital Marketing,Fiverr,Intermediate,Australia,PayPal,280,344.0,70.94,84.48,4.72,44,Fixed,21.84,30,1.2285714285714286,7.818181818181818,11.096774193548388,2,66.90666666666667,1,-0.14512193098354878,-1.2346559659819498,Balanced Mid-Tier Freelancers
1458,Customer Support,Toptal,Beginner,Middle East,Mobile Banking,214,1288.0,92.16,83.83,5.0,13,Fixed,78.42,205,6.018691588785047,99.07692307692308,6.252427184466019,1,87.41666666666667,3,3.117036520817601,-1.5167853347711466,Trusted Steady Performers
1459,Customer Support,Toptal,Expert,Australia,Bank Transfer,143,8091.0,73.94,60.78,3.48,4,Hourly,69.73,457,56.58041958041958,2022.75,17.66593886462882,3,66.70333333333333,3,0.19717976628136982,-0.21703801668658043,Trusted Steady Performers
1460,Data Entry,Toptal,Intermediate,Europe,Mobile Banking,90,2866.0,12.09,82.94,3.08,73,Fixed,44.88,273,31.844444444444445,39.26027397260274,10.459854014598541,2,63.13999999999999,1,-0.5737634008755265,-0.28192258384196556,Balanced Mid-Tier Freelancers
1461,Web Development,Freelancer,Intermediate,UK,Bank Transfer,48,1148.0,43.28,69.69,3.82,33,Hourly,52.23,10,23.916666666666668,34.78787878787879,104.36363636363636,2,66.10666666666667,3,-0.09126901946623352,0.42556344579896493,Trusted Steady Performers
1462,Data Entry,Freelancer,Beginner,Australia,Mobile Banking,86,1787.0,6.2347,82.56,3.26,37,Hourly,25.91,358,20.77906976744186,48.2972972972973,4.977715877437326,1,57.88999999999999,1,-1.339554561019089,-0.48715752036208865,Balanced Mid-Tier Freelancers
1463,Web Development,Freelancer,Intermediate,Asia,PayPal,68,2239.0,53.56,55.33,3.04,53,Hourly,48.07,46,32.9264705882353,42.24528301886792,47.638297872340424,2,54.73333333333333,1,-1.8440251910814067,0.36144789594322096,Balanced Mid-Tier Freelancers
1464,Graphic Design,PeoplePerHour,Expert,Middle East,Bank Transfer,59,2815.0,23.35,82.89,3.72,24,Hourly,58.65,5,47.71186440677966,117.29166666666667,469.1666666666667,3,71.98,0,0.7875746999345227,1.784701756743141,Balanced Mid-Tier Freelancers
1465,App Development,Fiverr,Expert,Canada,PayPal,78,1272.0,87.47,99.97,4.57,89,Fixed,46.06,129,16.307692307692307,14.292134831460674,9.784615384615385,3,79.14333333333333,3,1.9372502985569406,-0.4366689015719312,Trusted Steady Performers
1466,SEO,Toptal,Expert,Middle East,Mobile Banking,133,6599.0,14.91,52.41,4.13,51,Hourly,79.32,437,49.61654135338346,129.3921568627451,15.0662100456621,3,71.44333333333333,3,0.7229276765883405,-0.49663840110409774,Trusted Steady Performers
1467,Digital Marketing,Toptal,Beginner,Australia,Crypto,260,460.0,6.2347,98.86,3.63,41,Hourly,52.79,71,1.7692307692307692,11.21951219512195,6.388888888888889,1,74.74999999999999,3,0.9928243856196992,-1.3243705035584121,Trusted Steady Performers
1468,Graphic Design,Freelancer,Intermediate,Canada,Bank Transfer,235,2995.0,47.86,70.35,4.31,29,Fixed,35.97,158,12.74468085106383,103.27586206896552,18.836477987421382,2,64.17333333333333,1,-0.49392093462483566,-0.8320747691012226,Balanced Mid-Tier Freelancers
1469,Graphic Design,Toptal,Beginner,Europe,Bank Transfer,141,8152.0,19.77,93.54,3.46,59,Hourly,64.05,391,57.815602836879435,138.16949152542372,20.79591836734694,1,75.59666666666668,3,1.3818371064511326,-0.11174067979258788,Trusted Steady Performers
1470,SEO,Toptal,Expert,Middle East,Mobile Banking,116,4836.0,75.11,89.12,3.03,40,Fixed,21.93,426,41.689655172413794,120.9,11.325526932084308,3,57.21666666666667,1,-1.2607086178732347,-0.25382162033453454,Balanced Mid-Tier Freelancers
1471,SEO,Upwork,Intermediate,UK,Mobile Banking,150,9119.0,92.39,78.35,4.53,51,Fixed,36.92,431,60.79333333333334,178.80392156862746,21.108796296296298,2,68.62333333333333,3,0.44207828126287924,0.004849713367557618,Trusted Steady Performers
1472,Web Development,Toptal,Expert,Canada,Bank Transfer,37,836.0,8.98,86.92,4.25,50,Fixed,34.29,129,22.594594594594593,16.72,6.430769230769231,3,68.73666666666666,3,0.34023748427002315,-0.052620590778830176,Trusted Steady Performers
1473,Data Entry,PeoplePerHour,Intermediate,Canada,Crypto,264,2159.0,42.58,93.93,4.52,36,Hourly,40.23,21,8.178030303030303,59.97222222222222,98.13636363636364,2,74.85333333333332,3,1.0707812379913193,-0.6941632559122978,Trusted Steady Performers
1474,Content Writing,Freelancer,Intermediate,Middle East,Mobile Banking,91,5496.0,98.8151,70.21,3.08,79,Fixed,64.72,379,60.395604395604394,69.56962025316456,14.463157894736842,2,65.51,3,-0.07169877667998914,-0.1830182916579152,Trusted Steady Performers
1475,Web Development,Fiverr,Beginner,Australia,Mobile Banking,269,5885.0,74.6,66.35,4.67,60,Hourly,43.89,388,21.87732342007435,98.08333333333333,15.12853470437018,1,67.88,3,0.05820003829138169,-1.1847314455729174,Trusted Steady Performers
1476,Content Writing,Fiverr,Intermediate,Canada,Mobile Banking,34,2036.0,95.55,83.38,4.24,18,Fixed,65.58,134,59.88235294117647,113.11111111111111,15.08148148148148,2,77.92,3,1.9090683062734894,0.058378146991037244,Trusted Steady Performers
1477,Graphic Design,Upwork,Expert,Europe,Crypto,236,8176.0,20.59,90.39,4.13,20,Fixed,50.35,19,34.644067796610166,408.8,408.8,3,74.44666666666667,0,1.067911303631355,1.3504911549661096,Balanced Mid-Tier Freelancers
1478,Content Writing,Fiverr,Intermediate,Middle East,Bank Transfer,80,9120.0,26.03,88.11,4.25,5,Fixed,33.94,219,114.0,1824.0,41.45454545454545,2,69.01666666666667,2,0.5804833788565299,1.1694944303318247,Premium Specialists
1479,Data Entry,Fiverr,Expert,Europe,PayPal,133,7350.0,19.71,89.89,4.73,18,Fixed,66.7,332,55.26315789473684,408.3333333333333,22.07207207207207,3,83.73,3,2.7130719454742502,-0.1448659913510528,Trusted Steady Performers
1480,Web Development,Freelancer,Beginner,Middle East,Mobile Banking,275,9849.0,33.73,71.78,4.17,40,Hourly,26.68,129,35.81454545454545,246.225,75.76153846153846,1,60.620000000000005,1,-1.0617799710344875,0.2955636794840931,Balanced Mid-Tier Freelancers
1481,Customer Support,Freelancer,Expert,Europe,Crypto,93,5759.0,73.82,90.89,4.16,1,Hourly,25.71,31,61.924731182795696,5759.0,179.96875,3,66.60000000000001,1,0.169380170624231,1.2976283337534626,Balanced Mid-Tier Freelancers
1482,SEO,PeoplePerHour,Intermediate,Australia,Bank Transfer,174,2453.0,20.67,56.01,4.98,19,Fixed,45.32,89,14.097701149425287,129.10526315789474,27.255555555555556,2,66.97666666666667,3,-0.07934884532484307,-0.49359932765965303,Trusted Steady Performers
1483,Customer Support,Upwork,Expert,Middle East,Bank Transfer,132,8312.0,54.8,77.22,4.51,87,Fixed,28.26,258,62.96969696969697,95.54022988505747,32.092664092664094,3,65.22666666666666,1,-0.1815196563546996,0.4302961751278768,Balanced Mid-Tier Freelancers
1484,Data Entry,Fiverr,Expert,Asia,Crypto,178,4451.0,30.57,50.29,3.88,26,Fixed,10.64,424,25.00561797752809,171.19230769230768,10.472941176470588,3,46.17666666666668,1,-3.121739671994365,-0.5788766853666383,Balanced Mid-Tier Freelancers
1485,App Development,PeoplePerHour,Intermediate,UK,Mobile Banking,30,6751.0,83.77,66.23,4.41,29,Hourly,55.38,297,225.03333333333333,232.79310344827587,22.654362416107382,2,69.93666666666667,2,0.8402498997579109,1.1214589478332277,Premium Specialists
1486,Data Entry,Upwork,Expert,Australia,PayPal,65,3345.0,6.2347,68.32,3.78,59,Fixed,45.78,332,51.46153846153846,56.69491525423729,10.045045045045045,3,63.23333333333333,1,-0.4935530482108211,-0.15407805543861813,Balanced Mid-Tier Freelancers
1487,App Development,Fiverr,Intermediate,Europe,Mobile Banking,71,9003.0,26.2,69.81,3.46,63,Fixed,41.19,248,126.80281690140845,142.9047619047619,36.1566265060241,2,60.06666666666666,1,-0.8861613471594761,1.1700030679866886,Balanced Mid-Tier Freelancers
1488,Web Development,Fiverr,Beginner,Middle East,Bank Transfer,30,2171.0,62.5,84.77,4.19,83,Hourly,77.69,468,72.36666666666666,26.156626506024097,4.628997867803838,1,82.08666666666666,3,2.4354753738599038,-0.7052233365792834,Trusted Steady Performers
1489,SEO,Freelancer,Expert,Australia,PayPal,87,3632.0,14.19,69.43,4.86,62,Fixed,49.98,172,41.747126436781606,58.58064516129032,20.99421965317919,3,72.20333333333333,3,0.8135863961817129,-0.0459085689826699,Trusted Steady Performers
1490,Data Entry,Toptal,Beginner,Europe,Mobile Banking,64,4247.0,49.3,72.43,4.86,48,Fixed,70.44,356,66.359375,88.47916666666667,11.896358543417367,1,80.02333333333333,3,2.1024350438414676,-0.3118225443567313,Trusted Steady Performers
1491,Customer Support,Upwork,Expert,USA,PayPal,43,9871.0,46.44,61.88,3.68,62,Fixed,19.76,470,229.5581395348837,159.20967741935485,20.957537154989385,3,51.74666666666666,2,-1.9468705229768617,1.461765618605805,Premium Specialists
1492,App Development,Fiverr,Expert,USA,Crypto,127,5750.0,85.99,68.66,4.06,18,Fixed,49.84,454,45.275590551181104,319.44444444444446,12.637362637362637,3,66.56666666666666,3,0.16831269217343606,-0.4587760383902874,Trusted Steady Performers
1493,SEO,Upwork,Beginner,Canada,Mobile Banking,296,7282.0,64.41,61.36,3.42,66,Hourly,70.76,400,24.60135135135135,110.33333333333333,18.159600997506235,1,66.83999999999999,3,-0.14092082181200144,-1.2020026592259974,Trusted Steady Performers
1494,Digital Marketing,PeoplePerHour,Expert,UK,Bank Transfer,281,4338.0,65.77,53.66,4.99,27,Hourly,50.82,475,15.437722419928825,160.66666666666666,9.11344537815126,3,68.09333333333332,3,0.14621022642688525,-1.6872360288327988,Trusted Steady Performers
1495,Digital Marketing,PeoplePerHour,Expert,USA,Bank Transfer,286,1135.0,95.42,80.17,4.96,6,Hourly,60.26,383,3.9685314685314683,189.16666666666666,2.9557291666666665,3,79.87666666666667,3,1.9985514537864666,-2.1402589070806792,Trusted Steady Performers
1496,Digital Marketing,Toptal,Beginner,Asia,PayPal,195,8695.0,98.32,83.41,4.3,70,Fixed,36.04,46,44.58974358974359,124.21428571428571,185.0,1,68.48333333333333,3,0.21965777493100566,0.9283272511975336,Trusted Steady Performers
1497,Content Writing,Fiverr,Expert,Europe,Crypto,296,2671.0,67.07,80.97,4.61,59,Fixed,16.47,477,9.02364864864865,45.271186440677965,5.587866108786611,3,63.21333333333334,1,-0.6227033481628876,-1.8455271213836337,Balanced Mid-Tier Freelancers
1498,Data Entry,Freelancer,Intermediate,Australia,Mobile Banking,156,8860.0,54.59,73.17,4.43,6,Hourly,42.05,196,56.794871794871796,1476.6666666666667,44.974619289340104,2,67.94,3,0.2980059620693188,0.5219557078299223,Trusted Steady Performers
1499,Web Development,Fiverr,Expert,Middle East,Crypto,237,8878.0,62.75,68.99,4.19,31,Fixed,37.61,407,37.459915611814345,286.38709677419354,21.75980392156863,3,63.466666666666676,1,-0.44329858937918004,-0.4345689114042586,Balanced Mid-Tier Freelancers
1500,Customer Support,Upwork,Expert,Australia,Crypto,150,2398.0,41.33,93.17,3.11,56,Fixed,70.69,454,15.986666666666666,42.82142857142857,5.27032967032967,3,75.35333333333334,3,1.3469344816912172,-1.2994724172477967,Trusted Steady Performers
1501,Web Development,PeoplePerHour,Expert,Canada,PayPal,275,4924.0,98.81,75.95,3.91,54,Hourly,27.08,378,17.905454545454546,91.18518518518519,12.992084432717679,3,60.410000000000004,1,-0.9757293244205433,-1.1769952199095837,Balanced Mid-Tier Freelancers
1502,Content Writing,Upwork,Beginner,Australia,PayPal,138,3086.0,71.98,73.96,4.35,85,Hourly,77.67,33,22.36231884057971,36.305882352941175,90.76470588235294,1,79.54333333333334,3,1.8103325345580052,-0.18019871385826117,Trusted Steady Performers
1503,Web Development,Toptal,Intermediate,USA,Mobile Banking,175,2399.0,32.65,51.28,4.36,41,Fixed,77.07,253,13.708571428571428,58.51219512195122,9.44488188976378,2,71.85000000000001,3,0.6565971929934232,-1.0812520546124327,Trusted Steady Performers
1504,App Development,PeoplePerHour,Intermediate,Australia,Bank Transfer,32,5793.0,10.49,67.06,3.75,18,Hourly,27.33,247,181.03125,321.8333333333333,23.358870967741936,2,56.46333333333333,1,-1.3284034837473082,1.2232926036984122,Balanced Mid-Tier Freelancers
1505,Digital Marketing,Freelancer,Expert,USA,Mobile Banking,140,4482.0,9.25,69.01,4.88,87,Fixed,34.36,433,32.01428571428571,51.51724137931034,10.327188940092165,3,66.99000000000001,3,-0.027010408768087565,-0.7185011175654051,Trusted Steady Performers
1506,Customer Support,PeoplePerHour,Beginner,USA,Crypto,245,6225.0,24.47,69.94,3.33,23,Hourly,72.69,41,25.408163265306122,270.6521739130435,148.21428571428572,1,69.74333333333334,3,0.28584599143908423,0.09328750447090108,Trusted Steady Performers
1507,Data Entry,Fiverr,Beginner,UK,PayPal,232,7315.0,27.13,79.01,4.0,36,Hourly,77.66,288,31.530172413793103,203.19444444444446,25.311418685121108,1,78.89,3,1.764618946517732,-0.6752500400562108,Trusted Steady Performers
1508,Web Development,Fiverr,Intermediate,Canada,Crypto,291,6153.0,44.43,76.68,4.38,25,Fixed,41.04,122,21.144329896907216,246.12,50.02439024390244,2,68.44,3,0.13809846386129118,-0.5354879487578159,Trusted Steady Performers
1509,Web Development,PeoplePerHour,Beginner,Asia,PayPal,38,7408.0,25.41,80.4,4.39,7,Fixed,32.47,26,194.94736842105263,1058.2857142857142,274.3703703703704,1,66.89,2,0.21853822546402515,2.568492264480392,Premium Specialists
1510,Graphic Design,Toptal,Expert,Asia,Bank Transfer,6,9313.0,64.94,88.24,4.3,82,Hourly,46.83,461,1552.1666666666667,113.57317073170732,20.158008658008658,3,73.69,2,2.5003790555002676,6.166384155364938,Premium Specialists
1511,Graphic Design,Fiverr,Expert,Europe,Crypto,199,2081.0,25.07,90.65,3.55,20,Fixed,58.14,58,10.457286432160805,104.05,35.271186440677965,3,73.26333333333334,3,0.9365642832086868,-0.625905773870568,Trusted Steady Performers
1512,Graphic Design,Fiverr,Beginner,Asia,PayPal,98,1299.0,22.85,85.91,3.31,5,Fixed,29.14,146,13.255102040816327,259.8,8.83673469387755,1,60.416666666666664,1,-0.9333288557612144,-0.2119588435046995,Balanced Mid-Tier Freelancers
1513,Data Entry,Freelancer,Expert,USA,Mobile Banking,139,9537.0,49.77,97.78,4.27,18,Fixed,61.55,495,68.61151079136691,529.8333333333334,19.22782258064516,3,81.57666666666667,3,2.4994165497224627,-0.11426736433139022,Trusted Steady Performers
1514,Digital Marketing,PeoplePerHour,Intermediate,Middle East,Mobile Banking,208,6858.0,89.42,50.91,4.2,33,Hourly,13.62,114,32.97115384615385,207.8181818181818,59.63478260869565,2,49.51000000000001,1,-2.639641490446317,0.31595615222764944,Balanced Mid-Tier Freelancers
1515,SEO,Fiverr,Expert,Canada,Mobile Banking,254,3606.0,49.49,59.79,3.36,79,Fixed,13.45,485,14.196850393700787,45.64556962025316,7.419753086419753,3,46.813333333333325,1,-3.1492504998646216,-1.3212935477143655,Balanced Mid-Tier Freelancers
1516,Digital Marketing,Toptal,Beginner,Europe,Crypto,151,8569.0,44.32,50.38,4.41,35,Fixed,37.04,459,56.74834437086093,244.82857142857142,18.628260869565217,1,58.54,1,-1.2066891085447442,-0.055268302268557105,Balanced Mid-Tier Freelancers
1517,Customer Support,Upwork,Intermediate,Asia,PayPal,258,9038.0,59.92,82.37,3.91,65,Hourly,34.74,386,35.031007751937985,139.04615384615386,23.354005167958658,2,65.10333333333334,1,-0.28071755156705747,-0.5020225850169113,Balanced Mid-Tier Freelancers
1518,Digital Marketing,PeoplePerHour,Expert,Asia,PayPal,180,5349.0,29.44,94.9,4.34,63,Hourly,32.09,198,29.716666666666665,84.9047619047619,26.87939698492462,3,71.26333333333334,3,0.6654048346579275,-0.25730592753429526,Trusted Steady Performers
1519,Data Entry,Freelancer,Intermediate,Middle East,PayPal,129,3144.0,38.58,62.17,4.67,85,Hourly,44.37,127,24.372093023255815,36.98823529411764,24.5625,2,66.64666666666666,3,-0.14167722180145834,-0.26407148240455297,Trusted Steady Performers
1520,App Development,Fiverr,Beginner,Australia,Crypto,255,3027.0,25.31,96.35,3.34,72,Hourly,32.45,375,11.870588235294118,42.041666666666664,8.050531914893616,1,65.19999999999999,1,-0.393614856844611,-1.3832651317588422,Balanced Mid-Tier Freelancers
1521,App Development,Toptal,Expert,Canada,PayPal,135,1012.0,59.32,53.01,3.04,71,Fixed,23.46,482,7.496296296296296,14.253521126760564,2.0952380952380953,3,45.75666666666667,1,-3.2132449618739485,-1.117833748131032,Balanced Mid-Tier Freelancers
1522,Data Entry,PeoplePerHour,Expert,Middle East,Bank Transfer,54,5775.0,71.25,96.72,4.56,41,Fixed,31.66,152,106.94444444444444,140.85365853658536,37.745098039215684,3,73.19333333333333,2,1.2292418374355056,0.8552948841740361,Premium Specialists
1523,Graphic Design,Toptal,Intermediate,Asia,Crypto,97,5539.0,69.0,67.58,4.22,50,Hourly,78.24,368,57.103092783505154,110.78,15.010840108401084,2,76.74,3,1.6204764601827335,-0.3477826765937405,Trusted Steady Performers
1524,Web Development,Toptal,Expert,Canada,Bank Transfer,224,1318.0,29.21,55.07,4.4,30,Hourly,38.78,270,5.883928571428571,43.93333333333333,4.863468634686347,3,60.616666666666674,1,-1.0526787279144776,-1.2887524479710855,Balanced Mid-Tier Freelancers
1525,Content Writing,Freelancer,Expert,Canada,Bank Transfer,24,5329.0,79.07,74.29,4.68,38,Fixed,41.13,338,222.04166666666666,140.23684210526315,15.71976401179941,3,69.67333333333333,2,0.8193227491619193,0.8968439597057115,Premium Specialists
1526,Content Writing,PeoplePerHour,Expert,Asia,Mobile Banking,209,422.0,29.32,62.84,4.61,35,Fixed,50.36,443,2.0191387559808613,12.057142857142857,0.9504504504504504,3,68.46666666666668,3,0.17516014922377604,-1.8335522022393445,Trusted Steady Performers
1527,SEO,Fiverr,Expert,Australia,Crypto,95,4430.0,19.28,64.24,4.92,66,Hourly,78.83,82,46.63157894736842,67.12121212121212,53.373493975903614,3,80.49,3,2.0371232819077796,0.11813815190495719,Trusted Steady Performers
1528,Web Development,Freelancer,Beginner,Australia,PayPal,177,7667.0,38.23,65.36,4.07,46,Fixed,26.91,22,43.31638418079096,166.67391304347825,333.3478260869565,1,57.88999999999999,1,-1.48650647185988,1.5569971271348444,Balanced Mid-Tier Freelancers
1529,SEO,Fiverr,Expert,Asia,Bank Transfer,193,9846.0,61.79,90.15,3.98,8,Fixed,57.69,10,51.015544041450774,1230.75,895.0909090909091,3,75.81333333333333,0,1.3174818211546069,3.341277649419556,Balanced Mid-Tier Freelancers
1530,Graphic Design,Upwork,Intermediate,Canada,Crypto,6,6329.0,18.49,76.96,3.8,68,Hourly,60.12,186,1054.8333333333333,93.07352941176471,33.844919786096256,2,71.02666666666666,2,1.5335977486842898,4.517404657018508,Premium Specialists
1531,SEO,Toptal,Beginner,Middle East,PayPal,172,145.0,66.57,65.57,3.31,37,Hourly,52.51,468,0.8430232558139535,3.918918918918919,0.3091684434968017,1,61.426666666666655,1,-0.8527979689509193,-1.6642303456012062,Balanced Mid-Tier Freelancers
1532,Web Development,Upwork,Intermediate,UK,Mobile Banking,28,4419.0,86.99,80.52,4.15,85,Hourly,16.2,115,157.82142857142858,51.98823529411764,38.0948275862069,2,59.90666666666666,1,-0.8482648682110986,1.1887996253219553,Balanced Mid-Tier Freelancers
1533,Customer Support,Toptal,Intermediate,USA,Crypto,72,3991.0,32.85,85.81,3.55,13,Hourly,57.38,161,55.43055555555556,307.0,24.635802469135804,2,71.39666666666666,3,0.8356277089481023,0.24174818400440065,Trusted Steady Performers
1534,Web Development,Freelancer,Intermediate,Australia,Crypto,198,7071.0,47.77,63.63,4.84,73,Fixed,14.49,102,35.71212121212121,96.86301369863014,68.6504854368932,2,58.30666666666667,1,-1.398424874549711,0.34823254187291164,Balanced Mid-Tier Freelancers
1535,Content Writing,Fiverr,Beginner,Asia,Crypto,88,9442.0,26.69,70.68,4.17,45,Hourly,51.73,242,107.29545454545455,209.82222222222222,38.8559670781893,1,68.60333333333332,2,0.3825305273738479,0.9625074935398324,Premium Specialists
1536,App Development,Fiverr,Beginner,UK,PayPal,211,3994.0,39.32,56.09,4.19,29,Fixed,61.77,6,18.928909952606634,137.72413793103448,570.5714285714286,1,67.22000000000001,0,-0.20349919914805753,1.3226803815927666,Balanced Mid-Tier Freelancers
1537,Graphic Design,Freelancer,Beginner,Australia,Bank Transfer,53,5918.0,7.09,59.06,3.71,41,Fixed,24.77,361,111.66037735849056,144.34146341463415,16.34806629834254,1,52.67666666666667,1,-2.040377142570948,0.6314411207313817,Balanced Mid-Tier Freelancers
1538,Customer Support,PeoplePerHour,Expert,Canada,Bank Transfer,36,5446.0,95.61,84.06,3.1,56,Fixed,68.91,171,151.27777777777777,97.25,31.662790697674417,3,71.65666666666667,2,1.031949665340603,0.8810835877078014,Premium Specialists
1539,Data Entry,Upwork,Intermediate,Asia,Crypto,174,8091.0,44.51,59.07,3.06,88,Hourly,12.12,255,46.5,91.94318181818181,31.60546875,2,44.129999999999995,1,-3.5047218159877565,0.40710779421339965,Balanced Mid-Tier Freelancers
1540,Customer Support,Upwork,Beginner,UK,Crypto,133,181.0,79.94,76.26,3.85,16,Fixed,69.07,246,1.3609022556390977,11.3125,0.7327935222672065,1,74.11,3,1.139333666502107,-1.1739200656149806,Trusted Steady Performers
1541,Customer Support,Fiverr,Intermediate,Asia,PayPal,106,7340.0,18.55,85.45,3.17,12,Hourly,42.22,474,69.24528301886792,611.6666666666666,15.452631578947368,2,63.69,1,-0.2793455330588102,0.0666984807358647,Balanced Mid-Tier Freelancers
1542,SEO,Fiverr,Beginner,Middle East,Mobile Banking,39,9632.0,82.17,55.34,4.21,66,Hourly,25.23,191,246.97435897435898,145.93939393939394,50.166666666666664,1,54.92333333333334,2,-1.531341739042182,2.0652222825091453,Premium Specialists
1543,Content Writing,Fiverr,Beginner,Middle East,Crypto,203,6566.0,86.71,78.37,4.76,62,Hourly,19.36,113,32.3448275862069,105.90322580645162,57.59649122807018,1,64.31,1,-0.4235483449880233,0.11565252630240189,Balanced Mid-Tier Freelancers
1544,SEO,Freelancer,Beginner,Europe,Crypto,81,9391.0,72.97,62.83,4.77,19,Fixed,76.73,22,115.93827160493827,494.2631578947368,408.30434782608694,1,78.32,0,1.8395382822758684,2.398484207014005,Balanced Mid-Tier Freelancers
1545,SEO,PeoplePerHour,Intermediate,USA,Mobile Banking,18,5956.0,90.8,98.15,4.32,30,Hourly,15.09,357,330.8888888888889,198.53333333333333,16.636871508379887,2,66.54666666666667,2,0.5015170329615826,1.5514467075653815,Premium Specialists
1546,Data Entry,Upwork,Expert,USA,Crypto,135,857.0,20.88,74.18,3.42,16,Hourly,23.94,313,6.348148148148148,53.5625,2.729299363057325,3,55.50666666666666,1,-1.6839116545040447,-0.8025564162006157,Balanced Mid-Tier Freelancers
1547,Graphic Design,Toptal,Beginner,Australia,Bank Transfer,242,119.96000000000001,50.27,90.3,4.73,88,Fixed,34.35,275,0.495702479338843,1.3631818181818183,0.4346376811594203,1,73.08333333333333,3,0.7496228195259939,-1.7404471502867325,Trusted Steady Performers
1548,Web Development,Freelancer,Beginner,USA,Crypto,284,5327.0,63.91,77.51,4.77,13,Hourly,53.42,410,18.757042253521128,409.7692307692308,12.961070559610706,1,75.44333333333333,3,1.2738329184434862,-1.4473875686318092,Trusted Steady Performers
1549,Digital Marketing,Upwork,Beginner,Asia,Bank Transfer,69,119.96000000000001,61.64,52.17,3.39,69,Fixed,48.14,372,1.7385507246376812,1.7385507246376812,0.32160857908847185,1,56.03666666666667,1,-1.6761337619835246,-0.9124171617804546,Balanced Mid-Tier Freelancers
1550,SEO,PeoplePerHour,Expert,Asia,PayPal,142,3714.0,86.8,81.66,4.47,23,Fixed,18.8,443,26.154929577464788,161.47826086956522,8.364864864864865,3,63.28666666666667,1,-0.35869926049897705,-0.7315063536191199,Balanced Mid-Tier Freelancers
1551,Digital Marketing,Freelancer,Intermediate,Europe,PayPal,273,793.0,25.49,97.57,3.57,62,Hourly,30.28,135,2.9047619047619047,12.790322580645162,5.830882352941177,2,66.41666666666666,1,-0.2511725604709269,-1.333856959981996,Balanced Mid-Tier Freelancers
1552,Graphic Design,Upwork,Intermediate,Middle East,Bank Transfer,232,6080.0,21.69,80.08,4.61,31,Hourly,26.71,356,26.20689655172414,196.1290322580645,17.030812324929972,2,66.33,1,-0.10763514545379507,-0.7172107827253774,Balanced Mid-Tier Freelancers
1553,Digital Marketing,Freelancer,Intermediate,UK,Bank Transfer,205,8181.0,29.07,90.96,4.99,53,Hourly,24.95,194,39.90731707317073,154.35849056603774,41.95384615384615,2,71.90333333333332,3,0.7524749418377217,0.10089388200998237,Trusted Steady Performers
1554,SEO,Upwork,Intermediate,UK,Mobile Banking,146,129.0,89.7,94.21,3.06,17,Hourly,38.78,257,0.8835616438356164,7.588235294117647,0.5,2,64.73,1,-0.21512052189255718,-1.023699870320326,Balanced Mid-Tier Freelancers
1555,Data Entry,Upwork,Beginner,Middle East,Bank Transfer,104,3016.0,94.4,61.4,4.79,49,Fixed,59.28,277,29.0,61.55102040816327,10.848920863309353,1,72.16,3,0.8558148680947633,-0.5893165625483909,Trusted Steady Performers
1556,Digital Marketing,PeoplePerHour,Expert,Canada,Bank Transfer,142,3778.0,59.11,60.6,4.25,49,Hourly,25.22,69,26.6056338028169,77.10204081632654,53.97142857142857,3,56.94,1,-1.5173684825384006,0.18144385586603465,Balanced Mid-Tier Freelancers
1557,Graphic Design,Toptal,Beginner,Middle East,Crypto,172,4586.0,52.63,80.55,4.95,67,Hourly,35.67,358,26.662790697674417,68.44776119402985,12.774373259052926,1,71.74000000000001,3,0.707998383656562,-0.778682747165569,Trusted Steady Performers
1558,Graphic Design,PeoplePerHour,Expert,UK,Mobile Banking,103,175.0,62.51,70.55,3.93,26,Fixed,37.36,359,1.6990291262135921,6.730769230769231,0.4861111111111111,3,62.169999999999995,1,-0.6176995450988263,-1.0128375478906535,Balanced Mid-Tier Freelancers
1559,App Development,Upwork,Intermediate,Australia,Bank Transfer,70,5863.0,63.55,91.99,4.69,13,Hourly,78.35,35,83.75714285714285,451.0,162.86111111111111,2,88.04666666666667,3,3.3979003440269975,1.0181902913110341,Trusted Steady Performers
1560,App Development,Freelancer,Expert,Europe,Bank Transfer,51,8460.0,21.18,95.0,3.12,38,Hourly,76.83,107,165.88235294117646,222.6315789473684,78.33333333333333,3,78.07666666666667,2,1.9630677731373785,1.524459180950322,Premium Specialists
1561,Data Entry,PeoplePerHour,Beginner,Middle East,Bank Transfer,235,997.0,70.21,67.67,3.67,22,Hourly,66.01,23,4.242553191489361,45.31818181818182,41.541666666666664,1,69.02666666666666,3,0.19599380255439885,-0.951444731584019,Trusted Steady Performers
1562,Digital Marketing,Toptal,Beginner,Canada,Crypto,150,644.0,47.97,61.84,3.13,85,Hourly,26.92,139,4.293333333333333,7.576470588235294,4.6,1,50.45333333333334,1,-2.6571220527035684,-0.6230607063094113,Balanced Mid-Tier Freelancers
1563,Digital Marketing,Upwork,Intermediate,Australia,Crypto,211,5080.0,54.15,89.03,4.95,29,Hourly,14.76,464,24.075829383886255,175.17241379310346,10.924731182795698,2,67.59666666666666,1,0.17750182905314843,-0.9705224082043706,Balanced Mid-Tier Freelancers
1564,App Development,PeoplePerHour,Beginner,Middle East,Crypto,150,190.0,7.88,63.74,4.63,45,Fixed,32.18,21,1.2666666666666666,4.222222222222222,8.636363636363637,1,62.84,1,-0.7939687731506083,-0.5640344532203855,Balanced Mid-Tier Freelancers
1565,Web Development,PeoplePerHour,Beginner,Australia,PayPal,156,3105.0,77.63,91.13,4.71,46,Hourly,28.68,338,19.903846153846153,67.5,9.15929203539823,1,71.33666666666666,3,0.7312152365723829,-0.8353405104481417,Trusted Steady Performers
1566,Content Writing,PeoplePerHour,Expert,Middle East,Crypto,283,9872.0,84.37,71.19,4.88,39,Fixed,45.41,328,34.88339222614841,253.12820512820514,30.00607902735562,3,71.39999999999999,3,0.7237254002571919,-0.5033211344281052,Trusted Steady Performers
1567,Graphic Design,PeoplePerHour,Beginner,Australia,Bank Transfer,144,9118.0,63.85,83.38,3.17,69,Fixed,64.44,203,63.31944444444444,132.14492753623188,44.69607843137255,1,70.40666666666667,3,0.5907470520774565,0.4942305076606546,Trusted Steady Performers
1568,Web Development,Freelancer,Intermediate,Asia,Crypto,155,4255.0,76.13,54.78,3.77,78,Fixed,70.08,379,27.451612903225808,54.55128205128205,11.197368421052632,2,66.75333333333333,3,-0.04278275718681452,-0.881406562185725,Trusted Steady Performers
1569,Graphic Design,Toptal,Intermediate,USA,Crypto,25,5221.0,54.66,81.19,3.14,82,Fixed,69.14,223,208.84,63.670731707317074,23.308035714285715,2,71.04333333333334,2,0.8729614854553593,0.9782666491981984,Premium Specialists
1570,Customer Support,Toptal,Beginner,Australia,Mobile Banking,258,7832.0,63.74,72.59,3.42,68,Hourly,35.18,222,30.356589147286822,115.17647058823529,35.12107623318386,1,58.723333333333336,1,-1.3379340036413694,-0.2651863657034731,Balanced Mid-Tier Freelancers
1571,Customer Support,Upwork,Intermediate,Asia,Bank Transfer,68,2710.0,42.48,79.33,3.46,39,Hourly,58.11,80,39.85294117647059,69.48717948717949,33.45679012345679,2,68.88,3,0.3726331317418432,0.20300208299614683,Trusted Steady Performers
1572,Web Development,Fiverr,Expert,USA,Crypto,222,6906.0,80.23,58.4,3.94,20,Fixed,31.9,406,31.10810810810811,345.3,16.96805896805897,3,56.36666666666667,1,-1.5054363266781439,-0.5786625633286003,Balanced Mid-Tier Freelancers
1573,Customer Support,Freelancer,Expert,UK,PayPal,76,6139.0,49.49,86.84,3.54,77,Hourly,14.26,329,80.77631578947368,79.72727272727273,18.6030303030303,3,57.29999999999999,1,-1.2878424103771624,0.4851358659369784,Balanced Mid-Tier Freelancers
1574,App Development,Upwork,Beginner,USA,Mobile Banking,166,5368.0,69.62,93.14,3.2,68,Hourly,59.11,190,32.33734939759036,78.94117647058823,28.104712041884817,1,72.08333333333333,3,0.7930812217404417,-0.26630498006993486,Trusted Steady Performers
1575,App Development,Upwork,Beginner,Australia,Crypto,134,2602.0,64.04,60.84,3.33,35,Fixed,10.69,285,19.417910447761194,74.34285714285714,9.097902097902098,1,46.043333333333344,1,-3.1475421070823644,-0.3522396418147487,Balanced Mid-Tier Freelancers
1576,Content Writing,PeoplePerHour,Expert,Europe,Mobile Banking,73,3661.0,71.72,54.79,3.29,8,Hourly,38.64,146,50.15068493150685,457.625,24.904761904761905,3,53.076666666666675,1,-1.9229007767994992,0.4098991999938739,Balanced Mid-Tier Freelancers
1577,Web Development,Fiverr,Intermediate,Europe,Mobile Banking,229,8112.0,79.6,51.18,4.95,52,Fixed,33.06,281,35.4235807860262,156.0,28.76595744680851,2,61.080000000000005,1,-0.906281177379822,-0.26727718878948437,Balanced Mid-Tier Freelancers
1578,Graphic Design,Fiverr,Beginner,UK,PayPal,250,1090.0,53.71,82.1,4.52,40,Fixed,58.54,473,4.36,27.25,2.29957805907173,1,77.01333333333334,3,1.4535506773668707,-2.1160563106919383,Trusted Steady Performers
1579,Digital Marketing,Freelancer,Beginner,Australia,PayPal,72,8556.0,82.24,80.35,4.94,36,Hourly,63.64,383,118.83333333333333,237.66666666666666,22.28125,1,80.93,3,2.3990858591870894,0.4368303448662414,Trusted Steady Performers
1580,Graphic Design,Fiverr,Intermediate,USA,PayPal,111,7653.0,52.24,77.33,3.88,6,Hourly,31.29,10,68.94594594594595,1275.5,695.7272727272727,2,62.07333333333333,0,-0.7096668260882375,3.1402075078556995,Balanced Mid-Tier Freelancers
1581,SEO,Upwork,Beginner,Europe,Bank Transfer,113,4222.0,95.88,61.6,3.56,86,Hourly,66.81,275,37.36283185840708,49.093023255813954,15.297101449275363,1,66.53666666666668,3,-0.04654209245494687,-0.3990318735749924,Trusted Steady Performers
1582,App Development,Fiverr,Intermediate,Middle East,Mobile Banking,107,2996.0,76.5,69.55,4.6,70,Fixed,30.57,373,28.0,42.8,8.010695187165775,2,64.04,1,-0.3753256264008477,-0.6199117121552135,Balanced Mid-Tier Freelancers
1583,Data Entry,Fiverr,Intermediate,Canada,Crypto,145,3286.0,21.26,79.72,3.65,73,Fixed,41.24,55,22.662068965517243,45.013698630136986,58.67857142857143,2,64.65333333333334,1,-0.4432370611308058,0.020407544079456948,Balanced Mid-Tier Freelancers
1584,Data Entry,Toptal,Intermediate,Australia,PayPal,69,3730.0,83.81,74.84,3.6,16,Hourly,60.89,172,54.05797101449275,233.125,21.560693641618496,2,69.24333333333334,3,0.5517245911605265,0.14844641700545472,Trusted Steady Performers
1585,App Development,Upwork,Intermediate,Asia,PayPal,138,4857.0,57.4,99.39,3.47,46,Fixed,58.5,451,35.19565217391305,105.58695652173913,10.745575221238939,2,75.76333333333334,3,1.483087120976709,-0.763105479098557,Trusted Steady Performers
1586,SEO,Fiverr,Intermediate,Asia,Mobile Banking,203,1587.0,98.52,56.82,3.26,59,Hourly,79.12,302,7.817733990147783,26.89830508474576,5.237623762376238,2,67.04666666666667,3,-0.03054549024234765,-1.4485174443513356,Trusted Steady Performers
1587,Data Entry,Fiverr,Expert,Middle East,Mobile Banking,159,3922.0,73.29,84.76,3.51,38,Hourly,25.76,203,24.666666666666668,103.21052631578948,19.225490196078432,3,60.23999999999999,1,-0.915734596588396,-0.2515763808470076,Balanced Mid-Tier Freelancers
1588,Customer Support,PeoplePerHour,Intermediate,Middle East,Mobile Banking,83,1917.0,13.02,70.22,3.71,18,Hourly,56.36,344,23.096385542168676,106.5,5.556521739130435,2,66.92666666666668,3,0.07207568713195907,-0.6260600209268855,Trusted Steady Performers
1589,App Development,Fiverr,Expert,Australia,Crypto,254,1211.0,42.52,71.41,4.35,12,Hourly,52.68,247,4.767716535433071,100.91666666666667,4.883064516129032,3,70.36333333333333,3,0.4691827620170671,-1.530800914380177,Trusted Steady Performers
1590,Data Entry,Fiverr,Intermediate,Canada,Bank Transfer,91,3970.0,54.14,85.88,3.13,54,Fixed,74.06,313,43.62637362637363,73.51851851851852,12.643312101910828,2,74.17999999999999,3,1.2158625124742335,-0.3815839572936844,Trusted Steady Performers
1591,App Development,Toptal,Beginner,Europe,Bank Transfer,245,5743.0,84.71,84.62,3.42,47,Hourly,20.95,265,23.440816326530612,122.19148936170212,21.590225563909776,1,57.98999999999999,1,-1.3628808309611515,-0.5529596473783822,Balanced Mid-Tier Freelancers
1592,Content Writing,Upwork,Expert,Canada,PayPal,92,3932.0,74.29,99.56,4.62,1,Fixed,62.63,21,42.73913043478261,3932.0,178.72727272727272,3,84.86333333333333,3,2.9153044523957927,0.6749114640977981,Trusted Steady Performers
1593,Digital Marketing,Freelancer,Beginner,UK,Bank Transfer,176,7788.0,40.09,56.42,3.29,15,Fixed,49.78,326,44.25,519.2,23.81651376146789,1,57.333333333333336,1,-1.412646819387008,-0.02931491355230009,Balanced Mid-Tier Freelancers
1594,Digital Marketing,Upwork,Intermediate,USA,Crypto,21,8506.0,67.08,55.21,3.69,80,Fixed,29.23,23,405.04761904761904,106.325,354.4166666666667,2,52.74666666666666,2,-1.8384669174945922,3.8862693884998447,Premium Specialists
1595,Graphic Design,PeoplePerHour,Intermediate,USA,Bank Transfer,227,6381.0,59.81,86.22,4.73,21,Fixed,43.21,193,28.110132158590307,303.85714285714283,32.891752577319586,2,74.67666666666666,3,1.2122467022507115,-0.41014465620716656,Trusted Steady Performers
1596,SEO,Upwork,Beginner,Middle East,Crypto,298,5232.0,16.97,78.92,3.31,1,Fixed,33.36,95,17.55704697986577,5232.0,54.5,1,59.49333333333334,1,-1.254455102923317,-0.46122651963044164,Balanced Mid-Tier Freelancers
1597,App Development,Fiverr,Intermediate,Europe,PayPal,223,9544.0,27.31,63.71,3.17,67,Fixed,50.55,468,42.7982062780269,142.44776119402985,20.34968017057569,2,59.22,1,-1.1960336184573117,-0.3881787601200539,Balanced Mid-Tier Freelancers
1598,Web Development,PeoplePerHour,Beginner,Canada,Mobile Banking,238,9436.0,37.41,53.97,3.97,12,Hourly,72.23,444,39.64705882352941,786.3333333333334,21.20449438202247,1,68.53333333333335,3,0.25160037240420785,-0.6017497672361981,Trusted Steady Performers
1599,Graphic Design,Upwork,Intermediate,Middle East,Crypto,252,1576.0,23.57,54.28,3.6,28,Fixed,49.85,262,6.253968253968254,56.285714285714285,5.992395437262357,2,58.71,1,-1.39751602919259,-1.3799657279082729,Balanced Mid-Tier Freelancers
1600,Graphic Design,PeoplePerHour,Intermediate,Australia,Mobile Banking,56,8181.0,19.26,94.71,4.13,39,Hourly,54.22,71,146.08928571428572,209.76923076923077,113.625,2,77.17666666666666,2,1.758657370613724,1.629929265451954,Premium Specialists
1601,App Development,Freelancer,Expert,Middle East,PayPal,19,4444.0,10.53,59.59,4.61,37,Fixed,46.31,242,233.89473684210526,120.10810810810811,18.2880658436214,3,66.03333333333335,2,0.13743196638611418,1.0802006747977624,Premium Specialists
1602,App Development,Upwork,Beginner,Australia,Crypto,116,1208.0,87.94,66.17,3.27,60,Hourly,13.58,382,10.413793103448276,20.133333333333333,3.154046997389034,1,48.38333333333333,1,-2.7794880358081606,-0.7628707794286613,Balanced Mid-Tier Freelancers
1603,Graphic Design,Fiverr,Intermediate,Australia,Crypto,188,4417.0,32.45,61.33,4.16,31,Hourly,26.3,37,23.49468085106383,142.48387096774192,116.23684210526316,2,56.943333333333335,1,-1.6040303163218816,0.30182033521891166,Balanced Mid-Tier Freelancers
1604,Graphic Design,PeoplePerHour,Beginner,UK,Bank Transfer,11,4680.0,32.58,67.75,4.01,58,Fixed,44.44,404,425.45454545454544,80.6896551724138,11.555555555555555,1,64.13,2,0.000717545476771269,1.5268956374516558,Premium Specialists
1605,Digital Marketing,Toptal,Expert,UK,Crypto,55,3563.0,24.59,53.47,3.29,11,Hourly,31.72,391,64.78181818181818,323.90909090909093,9.089285714285714,3,50.330000000000005,1,-2.334826853050244,0.06987785114496757,Balanced Mid-Tier Freelancers
1606,Web Development,PeoplePerHour,Beginner,Australia,PayPal,245,1194.0,50.16,75.95,4.25,29,Hourly,22.72,376,4.873469387755102,41.172413793103445,3.1671087533156497,1,61.22333333333333,1,-0.9430341031300058,-1.5713502428432096,Balanced Mid-Tier Freelancers
1607,Customer Support,Toptal,Expert,Europe,Mobile Banking,249,119.96000000000001,53.85,53.38,3.55,89,Fixed,45.29,88,0.4817670682730924,1.347865168539326,1.347865168539326,3,56.556666666666665,1,-1.8092722696158765,-1.2843154401115875,Balanced Mid-Tier Freelancers
1608,Graphic Design,Fiverr,Beginner,UK,Crypto,190,3767.0,24.79,90.02,3.98,13,Fixed,32.6,27,19.826315789473686,289.7692307692308,134.53571428571428,1,67.40666666666667,3,0.015617774340424346,0.19886100396273335,Trusted Steady Performers
1609,Customer Support,Freelancer,Beginner,UK,PayPal,291,9068.0,62.81,61.69,3.16,51,Fixed,28.07,91,31.16151202749141,177.80392156862746,98.56521739130434,1,50.98666666666667,1,-2.5566149169802483,0.31192112664642385,Balanced Mid-Tier Freelancers
1610,Digital Marketing,Toptal,Expert,USA,PayPal,96,9411.0,73.68,77.0,3.92,54,Fixed,42.48,53,98.03125,174.27777777777777,174.27777777777777,3,65.96,2,0.018761193857660875,1.7357753292980305,Premium Specialists
1611,Graphic Design,Freelancer,Intermediate,Middle East,Crypto,110,9225.0,40.51,94.0,3.61,19,Fixed,19.33,158,83.86363636363636,485.5263157894737,58.0188679245283,2,61.84333333333333,1,-0.5619352632324816,1.2195659035387112,Balanced Mid-Tier Freelancers
1612,Data Entry,PeoplePerHour,Intermediate,USA,Bank Transfer,17,9694.0,60.62,82.54,4.64,58,Fixed,74.94,371,570.2352941176471,167.13793103448276,26.059139784946236,2,83.42666666666666,2,3.1615428867882596,2.5271745294851233,Premium Specialists
1613,Graphic Design,Fiverr,Intermediate,Europe,Crypto,150,9281.0,52.72,76.65,3.11,36,Fixed,70.74,227,61.873333333333335,257.80555555555554,40.70614035087719,2,69.86333333333334,3,0.5626315397065249,0.4375981305470009,Trusted Steady Performers
1614,App Development,Toptal,Beginner,UK,Crypto,123,4773.0,23.58,66.22,3.84,28,Fixed,59.53,472,38.80487804878049,170.46428571428572,10.090909090909092,1,67.51666666666667,3,0.14752949256195103,-0.6733657124764891,Trusted Steady Performers
1615,SEO,PeoplePerHour,Beginner,Asia,Bank Transfer,207,4263.0,74.35,66.65,3.92,68,Hourly,17.43,371,20.594202898550726,62.69117647058823,11.459677419354838,1,54.160000000000004,1,-1.98944809833146,-0.819681611008038,Balanced Mid-Tier Freelancers
1616,SEO,Upwork,Intermediate,UK,PayPal,145,6463.0,81.14,83.47,4.45,3,Fixed,64.31,375,44.57241379310345,2154.3333333333335,17.18882978723404,2,78.92666666666666,3,2.0353882777500063,-0.43573156810515107,Trusted Steady Performers
1617,Graphic Design,PeoplePerHour,Beginner,Canada,Crypto,119,3516.0,66.64,99.71,4.15,89,Hourly,66.56,40,29.54621848739496,39.50561797752809,85.7560975609756,1,83.08999999999999,3,2.4161247121443057,0.020657928743030796,Trusted Steady Performers
1618,Content Writing,Freelancer,Beginner,Europe,Bank Transfer,156,3076.0,35.77,83.09,4.33,41,Fixed,63.74,36,19.71794871794872,75.02439024390245,83.13513513513513,1,77.81,3,1.577809344577238,-0.16937237314782788,Trusted Steady Performers
1619,Data Entry,Fiverr,Intermediate,Asia,Mobile Banking,61,7048.0,93.05,77.89,4.55,35,Fixed,17.98,124,115.54098360655738,201.37142857142857,56.384,2,62.28999999999999,2,-0.4410286758048818,1.2668009323952236,Premium Specialists
1620,Web Development,Fiverr,Expert,Middle East,Mobile Banking,161,2797.0,48.26,86.53,4.72,76,Fixed,55.07,421,17.372670807453417,36.80263157894737,6.627962085308057,3,78.66666666666667,3,1.796382076025747,-1.276069511356758,Trusted Steady Performers
1621,Graphic Design,PeoplePerHour,Beginner,Middle East,Bank Transfer,137,7321.0,30.26,73.26,3.63,84,Fixed,68.4,178,53.43795620437956,87.1547619047619,40.899441340782126,1,71.42,3,0.6298778138390012,0.23404022890641646,Trusted Steady Performers
1622,Customer Support,Upwork,Beginner,Asia,PayPal,167,6221.0,43.78,53.01,4.08,81,Hourly,50.41,331,37.25149700598802,76.80246913580247,18.737951807228917,1,61.67333333333334,1,-0.8833415482087494,-0.39302564731948564,Balanced Mid-Tier Freelancers
1623,Web Development,Freelancer,Beginner,Middle East,Bank Transfer,279,3905.0,70.75,78.11,4.68,76,Hourly,55.25,36,13.99641577060932,51.38157894736842,105.54054054054055,1,75.65333333333332,3,1.109770767268383,-0.6661838755391127,Trusted Steady Performers
1624,Data Entry,PeoplePerHour,Beginner,Asia,PayPal,187,8803.0,85.36,97.88,4.98,50,Fixed,42.09,100,47.07486631016043,176.06,87.15841584158416,1,79.85666666666667,3,2.0262970364662154,0.47600679427792864,Trusted Steady Performers
1625,Graphic Design,PeoplePerHour,Expert,Europe,Mobile Banking,81,2253.0,38.87,58.77,4.78,74,Hourly,47.01,30,27.814814814814813,30.445945945945947,72.6774193548387,3,67.12666666666667,3,-0.018209397456540863,0.21494758066404313,Trusted Steady Performers
1626,Content Writing,Fiverr,Intermediate,Asia,Crypto,48,3469.0,27.1,84.5,3.74,82,Fixed,12.41,189,72.27083333333333,42.30487804878049,18.257894736842104,2,57.23666666666667,1,-1.3974107447159705,0.5133983639523725,Balanced Mid-Tier Freelancers
1627,Digital Marketing,Freelancer,Beginner,Asia,Bank Transfer,210,1194.0,64.52,60.05,3.39,30,Hourly,54.73,145,5.685714285714286,39.8,8.178082191780822,1,60.86000000000001,1,-1.0207142077456597,-1.023788019861064,Balanced Mid-Tier Freelancers
1628,Content Writing,Upwork,Intermediate,Canada,Mobile Banking,42,2749.0,92.52,76.79,3.98,72,Fixed,15.7,89,65.45238095238095,38.18055555555556,30.544444444444444,2,57.36333333333334,1,-1.3168632051394304,0.6086828351931404,Balanced Mid-Tier Freelancers
1629,App Development,Fiverr,Beginner,Canada,Crypto,26,9793.0,22.41,54.83,4.48,77,Hourly,40.45,5,376.65384615384613,127.18181818181819,1632.1666666666667,1,61.626666666666665,0,-0.8597544772124701,7.781173972287079,Balanced Mid-Tier Freelancers
1630,Content Writing,PeoplePerHour,Expert,USA,Mobile Banking,77,610.0,81.29,72.52,3.99,70,Hourly,30.49,392,7.922077922077922,8.714285714285714,1.5521628498727735,3,60.93666666666667,1,-0.8117201679574166,-0.8733104335292562,Balanced Mid-Tier Freelancers
1631,Customer Support,Fiverr,Intermediate,Europe,Bank Transfer,245,1237.0,50.28,87.81,3.97,54,Hourly,48.18,138,5.048979591836734,22.90740740740741,8.899280575539569,2,71.79666666666667,3,0.620969628932564,-1.2625203446119775,Trusted Steady Performers
1632,Digital Marketing,Fiverr,Expert,Europe,Bank Transfer,158,3183.0,80.95,67.38,4.68,71,Fixed,19.34,94,20.145569620253166,44.83098591549296,33.50526315789474,3,60.10666666666666,1,-1.0511927425580472,-0.1678696014009663,Balanced Mid-Tier Freelancers
1633,App Development,Toptal,Beginner,Canada,Crypto,241,3461.0,53.03,83.25,3.72,85,Hourly,58.42,118,14.360995850622407,40.71764705882353,29.084033613445378,1,72.02333333333333,3,0.5951803773881404,-0.8740070359630872,Trusted Steady Performers
1634,Digital Marketing,Fiverr,Expert,Australia,Bank Transfer,9,1739.0,40.85,89.77,4.72,51,Fixed,65.65,365,193.22222222222223,34.09803921568628,4.751366120218579,3,83.27333333333333,3,2.79760796270969,0.08051487617979106,Trusted Steady Performers
1635,SEO,Fiverr,Expert,Australia,Mobile Banking,225,4457.0,71.19,96.36,3.81,28,Hourly,21.43,119,19.808888888888887,159.17857142857142,37.141666666666666,3,64.66333333333334,1,-0.2882532842637322,-0.3233281025624832,Balanced Mid-Tier Freelancers
1636,Digital Marketing,Freelancer,Beginner,USA,Crypto,90,2473.0,90.56,61.73,3.66,64,Fixed,17.3,385,27.477777777777778,38.640625,6.4067357512953365,1,50.74333333333334,1,-2.3851724082532777,-0.44358637936772655,Balanced Mid-Tier Freelancers
1637,Graphic Design,Fiverr,Beginner,Australia,Crypto,181,1419.0,35.42,69.97,3.91,85,Fixed,20.19,122,7.8397790055248615,16.694117647058825,11.536585365853659,1,56.120000000000005,1,-1.8241218054853694,-0.6434470441058481,Balanced Mid-Tier Freelancers
1638,Web Development,Upwork,Intermediate,Australia,Mobile Banking,263,6057.0,48.77,57.62,4.52,21,Fixed,71.4,284,23.03041825095057,288.42857142857144,21.25263157894737,2,73.14,3,0.8832051434737862,-1.000544235958043,Trusted Steady Performers
1639,SEO,PeoplePerHour,Beginner,Australia,PayPal,224,6778.0,26.79,99.62,3.25,88,Hourly,46.97,365,30.258928571428573,77.02272727272727,18.51912568306011,1,70.53,3,0.46984741156604154,-0.6982904120273501,Trusted Steady Performers
1640,SEO,Freelancer,Intermediate,UK,Crypto,42,8822.0,22.42,96.35,3.39,27,Hourly,42.71,376,210.04761904761904,326.74074074074076,23.40053050397878,2,68.95333333333333,2,0.6867765588635922,1.289312921355731,Premium Specialists
1641,Web Development,Fiverr,Expert,USA,PayPal,146,1026.0,78.9,77.0,4.9,27,Fixed,17.47,178,7.027397260273973,38.0,5.731843575418995,3,64.15666666666667,1,-0.3454471827492785,-0.6880119177512031,Balanced Mid-Tier Freelancers
1642,Customer Support,Upwork,Expert,Canada,Mobile Banking,239,4322.0,24.06,92.1,3.35,77,Fixed,55.47,489,18.0836820083682,56.12987012987013,8.820408163265306,3,71.52333333333333,3,0.6477770535998596,-1.4768712806627564,Trusted Steady Performers
1643,SEO,PeoplePerHour,Intermediate,Australia,Mobile Banking,207,6547.0,80.37,76.05,4.14,50,Fixed,70.76,324,31.6280193236715,130.94,20.144615384615385,2,76.53666666666668,3,1.4989698770230562,-0.7344743775725022,Trusted Steady Performers
1644,Digital Marketing,Freelancer,Beginner,Middle East,Crypto,298,168.0,45.78,81.18,4.16,29,Hourly,67.97,406,0.5637583892617449,5.793103448275862,0.41277641277641275,1,77.45,3,1.4575729608436123,-2.3946320676403556,Trusted Steady Performers
1645,Content Writing,Upwork,Beginner,Asia,Bank Transfer,176,1592.0,98.8151,54.46,3.98,39,Hourly,53.82,483,9.045454545454545,40.82051282051282,3.2892561983471076,1,62.626666666666665,1,-0.6365257044504821,-1.542949090622934,Balanced Mid-Tier Freelancers
1646,Data Entry,Fiverr,Expert,UK,Crypto,129,4912.0,23.75,87.76,4.29,57,Hourly,15.27,6,38.07751937984496,86.17543859649123,701.7142857142857,3,62.943333333333335,0,-0.7268849962991853,2.597743693123845,Balanced Mid-Tier Freelancers
1647,Customer Support,Toptal,Intermediate,Australia,Bank Transfer,69,3093.0,13.83,56.39,3.46,37,Hourly,17.87,383,44.82608695652174,83.5945945945946,8.0546875,2,47.81999999999999,1,-2.828503259261386,-0.079493275888462,Balanced Mid-Tier Freelancers
1648,Digital Marketing,Toptal,Expert,Asia,PayPal,285,1022.0,12.17,91.3,4.11,64,Hourly,13.45,311,3.585964912280702,15.96875,3.2756410256410255,3,62.31666666666666,1,-0.8567522643528814,-1.6379371078890421,Balanced Mid-Tier Freelancers
1649,App Development,Freelancer,Expert,Asia,Bank Transfer,276,965.0,84.36,89.1,3.74,48,Fixed,28.02,126,3.496376811594203,20.104166666666668,7.5984251968503935,3,63.97333333333333,1,-0.512355806518878,-1.2928727324269285,Balanced Mid-Tier Freelancers
1650,App Development,Upwork,Beginner,UK,Crypto,248,6671.0,46.59,85.44,4.32,22,Fixed,19.5,76,26.899193548387096,303.22727272727275,86.63636363636364,1,63.78,1,-0.5315336305374201,0.1267830369112658,Balanced Mid-Tier Freelancers
1651,Content Writing,PeoplePerHour,Intermediate,USA,Bank Transfer,19,9679.0,6.2347,51.81,3.28,30,Fixed,28.2,233,509.42105263157896,322.6333333333333,41.363247863247864,2,48.53666666666666,2,-2.278243314217942,3.18795613303495,Premium Specialists
1652,Customer Support,Upwork,Expert,Middle East,Mobile Banking,230,636.0,88.1,65.16,4.14,28,Fixed,36.95,317,2.765217391304348,22.714285714285715,2.0,3,61.636666666666656,1,-0.8015745463906934,-1.539751725624929,Balanced Mid-Tier Freelancers
1653,Customer Support,Toptal,Beginner,Middle East,PayPal,135,8592.0,88.31,63.16,3.37,23,Hourly,76.01,73,63.644444444444446,373.5652173913044,116.10810810810811,1,68.85666666666667,3,0.39250849737025156,0.9292565153370558,Trusted Steady Performers
1654,Content Writing,Freelancer,Expert,Middle East,Mobile Banking,199,5675.0,81.61,68.01,3.56,4,Hourly,52.73,483,28.517587939698494,1418.75,11.725206611570249,3,63.98,1,-0.2824785062790281,-0.9253332484600482,Balanced Mid-Tier Freelancers
1655,Customer Support,Fiverr,Expert,Australia,Mobile Banking,297,7404.0,28.59,54.38,3.44,3,Fixed,68.45,463,24.92929292929293,2468.0,15.956896551724139,3,63.876666666666665,1,-0.47832272224512834,-1.2038251150572543,Balanced Mid-Tier Freelancers
1656,SEO,Upwork,Beginner,UK,Mobile Banking,213,4641.0,40.41,96.85,3.37,61,Hourly,59.72,270,21.788732394366196,76.08196721311475,17.125461254612546,1,74.65666666666667,3,1.1192601700443576,-0.8539215394813486,Trusted Steady Performers
1657,Graphic Design,Toptal,Beginner,Middle East,Mobile Banking,117,2612.0,75.77,77.69,4.65,4,Fixed,17.88,308,22.324786324786324,653.0,8.453074433656958,1,62.85666666666666,1,-0.47967362751252257,-0.4793826567138776,Balanced Mid-Tier Freelancers
1658,Graphic Design,PeoplePerHour,Intermediate,Asia,Bank Transfer,248,6889.0,51.49,65.28,3.57,65,Hourly,61.51,426,27.778225806451612,105.98461538461538,16.133489461358312,2,66.06333333333333,3,-0.1906302394076027,-0.9974921601358344,Trusted Steady Performers
1659,Customer Support,Freelancer,Expert,Asia,Mobile Banking,170,8514.0,19.61,69.85,4.85,12,Hourly,29.26,466,50.082352941176474,709.5,18.231263383297645,3,65.36999999999999,1,-0.09770981260123043,-0.18178280697560753,Balanced Mid-Tier Freelancers
1660,SEO,Fiverr,Intermediate,Europe,Bank Transfer,195,2977.0,28.07,72.36,4.94,13,Fixed,54.74,468,15.266666666666667,229.0,6.347547974413646,2,75.30000000000001,3,1.2899372144484427,-1.4520411331248158,Trusted Steady Performers
1661,SEO,Upwork,Beginner,Europe,Mobile Banking,261,6245.0,97.4,80.03,4.14,34,Fixed,33.87,119,23.9272030651341,183.6764705882353,52.041666666666664,1,65.56666666666666,1,-0.2297410783701719,-0.31653218535440814,Balanced Mid-Tier Freelancers
1662,Web Development,PeoplePerHour,Beginner,UK,Crypto,222,6326.0,19.35,75.78,3.29,59,Fixed,79.84,34,28.495495495495497,107.22033898305085,180.74285714285713,1,73.80666666666666,3,0.8606077228058151,0.26038786717335555,Trusted Steady Performers
1663,Web Development,Fiverr,Expert,Australia,Mobile Banking,279,4340.0,73.98,95.97,3.75,73,Hourly,28.45,206,15.555555555555555,59.45205479452055,20.966183574879228,3,66.47333333333333,1,-0.12639274416675012,-0.95558385582018,Balanced Mid-Tier Freelancers
1664,Data Entry,Toptal,Intermediate,Australia,Crypto,56,5932.0,50.41,74.85,4.6,31,Hourly,29.54,495,105.92857142857143,191.3548387096774,11.959677419354838,2,65.46333333333332,2,0.04297799326564826,0.15748882975163744,Premium Specialists
1665,Data Entry,Toptal,Intermediate,USA,Bank Transfer,162,6496.0,76.12,99.61,3.73,71,Hourly,75.15,269,40.098765432098766,91.49295774647888,24.05925925925926,2,83.11999999999999,3,2.5398444738752777,-0.40994859327975797,Trusted Steady Performers
1666,Data Entry,PeoplePerHour,Expert,USA,PayPal,59,5217.0,67.81,92.57,3.17,13,Fixed,11.73,92,88.42372881355932,401.3076923076923,56.096774193548384,3,55.9,1,-1.3885716888629402,1.1700573785726944,Balanced Mid-Tier Freelancers
1667,Data Entry,Toptal,Expert,Middle East,Bank Transfer,18,1572.0,46.72,60.43,4.11,54,Fixed,58.77,452,87.33333333333333,29.11111111111111,3.4701986754966887,3,67.13333333333334,3,0.2203986111032879,-0.4062021908536001,Trusted Steady Performers
1668,Content Writing,Freelancer,Intermediate,Canada,PayPal,273,9073.0,38.62,96.53,4.69,2,Fixed,60.77,377,33.234432234432234,4536.5,24.002645502645503,2,83.7,3,2.623123737525323,-0.7693760318033923,Trusted Steady Performers
1669,Content Writing,PeoplePerHour,Beginner,Asia,PayPal,94,611.0,76.66,55.82,4.59,33,Hourly,68.55,176,6.5,18.515151515151516,3.4519774011299433,1,72.05666666666667,3,0.7847985304146747,-0.7821354708124088,Trusted Steady Performers
1670,Web Development,Toptal,Beginner,USA,Mobile Banking,31,3590.0,35.7,90.87,3.35,50,Hourly,78.21,273,115.80645161290323,71.8,13.102189781021897,1,78.69333333333333,3,1.9684875486709335,0.17902581993813216,Trusted Steady Performers
1671,Graphic Design,Upwork,Expert,Australia,PayPal,93,1529.0,79.84,69.03,4.35,7,Fixed,78.29,178,16.440860215053764,218.42857142857142,8.541899441340782,3,78.10666666666667,3,1.8451888158326242,-0.6391387250645038,Trusted Steady Performers
1672,SEO,Toptal,Intermediate,Asia,Bank Transfer,45,6727.0,69.59,93.9,3.44,18,Fixed,14.57,128,149.48888888888888,373.72222222222223,52.14728682170543,2,59.089999999999996,2,-0.8521551009167103,1.5355801515767191,Premium Specialists
1673,App Development,Freelancer,Intermediate,Canada,Mobile Banking,272,1255.0,59.88,93.4,3.44,51,Fixed,67.53,124,4.613970588235294,24.607843137254903,10.04,2,76.57666666666667,3,1.3450676039447482,-1.4705079569368498,Trusted Steady Performers
1674,Graphic Design,Fiverr,Intermediate,USA,PayPal,142,6710.0,40.04,90.3,4.75,8,Hourly,55.24,26,47.25352112676056,838.75,248.5185185185185,2,80.18,3,2.073964015300315,1.0836533555250003,Trusted Steady Performers
1675,Digital Marketing,Fiverr,Beginner,UK,Bank Transfer,10,8898.0,24.48,89.5,3.5,55,Hourly,55.31,63,889.8,161.78181818181818,139.03125,1,71.60333333333334,2,1.4972147949422323,4.858572315812065,Premium Specialists
1676,Content Writing,Toptal,Beginner,Europe,PayPal,246,639.0,72.49,65.23,3.53,76,Fixed,18.98,59,2.597560975609756,8.407894736842104,10.65,1,51.603333333333325,1,-2.5358394531016497,-0.941346783274105,Balanced Mid-Tier Freelancers
1677,Data Entry,Fiverr,Intermediate,USA,PayPal,166,4376.0,13.68,54.05,3.0,43,Fixed,55.51,218,26.36144578313253,101.76744186046511,19.98173515981735,2,56.52,1,-1.6537981845042715,-0.32978526877348147,Balanced Mid-Tier Freelancers
1678,Data Entry,Toptal,Intermediate,USA,Mobile Banking,184,4954.0,97.2,70.15,4.74,59,Fixed,78.77,216,26.92391304347826,83.96610169491525,22.829493087557605,2,81.24000000000001,3,2.187461118883246,-0.743222474595091,Trusted Steady Performers
1679,Digital Marketing,Freelancer,Expert,UK,Mobile Banking,10,9613.0,97.98,58.68,4.59,30,Hourly,73.83,168,961.3,320.43333333333334,56.88165680473373,3,74.77,2,2.20392838008467,4.583581447534044,Premium Specialists
1680,Graphic Design,Fiverr,Expert,Australia,Bank Transfer,275,6471.0,17.37,84.75,4.25,59,Hourly,40.74,148,23.53090909090909,109.67796610169492,43.42953020134228,3,70.16333333333334,3,0.3728091583682628,-0.49159390125404795,Trusted Steady Performers
1681,Data Entry,Upwork,Intermediate,Middle East,Mobile Banking,276,3809.0,14.87,67.3,4.5,9,Hourly,12.8,269,13.80072463768116,423.22222222222223,14.107407407407408,2,56.70000000000001,1,-1.6492624309625072,-0.9809883544970489,Balanced Mid-Tier Freelancers
1682,Graphic Design,Toptal,Intermediate,UK,Mobile Banking,160,8989.0,44.21,98.78,3.3,68,Fixed,35.36,115,56.18125,132.19117647058823,77.49137931034483,2,66.71333333333332,1,0.021491204749264876,0.8236808961953102,Balanced Mid-Tier Freelancers
1683,SEO,Fiverr,Beginner,Middle East,Crypto,89,8705.0,96.55,82.05,3.92,39,Fixed,67.85,244,97.80898876404494,223.2051282051282,35.53061224489796,1,76.1,3,1.628297115676286,0.6652227957949395,Trusted Steady Performers
1684,Digital Marketing,Freelancer,Intermediate,USA,Crypto,204,8995.0,43.03,91.12,3.7,81,Fixed,59.1,147,44.09313725490196,111.04938271604938,60.777027027027025,2,74.74,3,1.1527340907652763,0.23069082595081866,Trusted Steady Performers
1685,App Development,Freelancer,Expert,Australia,Bank Transfer,14,5986.0,39.56,56.63,3.19,11,Fixed,42.15,91,427.57142857142856,544.1818181818181,65.06521739130434,3,54.193333333333335,2,-1.4360718658005127,2.6686504970472624,Premium Specialists
1686,Graphic Design,Upwork,Beginner,Canada,Mobile Banking,142,8824.0,71.84,93.1,3.97,2,Fixed,13.86,84,62.140845070422536,4412.0,103.81176470588235,1,62.120000000000005,1,-0.551130465645727,1.2126488922913552,Balanced Mid-Tier Freelancers
1687,SEO,Freelancer,Expert,USA,Bank Transfer,246,2255.0,21.98,96.14,4.84,23,Fixed,39.88,86,9.166666666666666,98.04347826086956,25.919540229885058,3,77.60666666666667,3,1.5575525680340303,-0.9414417917159824,Trusted Steady Performers
1688,Customer Support,Freelancer,Expert,UK,Crypto,205,4164.0,39.52,74.35,3.08,63,Fixed,42.83,394,20.31219512195122,66.0952380952381,10.541772151898734,3,59.59333333333333,1,-1.132317758874139,-0.958724158565623,Balanced Mid-Tier Freelancers
1689,Customer Support,Fiverr,Beginner,Canada,Crypto,160,4077.0,32.67,80.31,3.58,22,Fixed,75.0,119,25.48125,185.3181818181818,33.975,1,75.63666666666667,3,1.3077923825349063,-0.33322797917892877,Trusted Steady Performers
1690,Graphic Design,Toptal,Expert,Europe,Crypto,279,4866.0,62.15,88.24,3.42,61,Fixed,54.88,449,17.440860215053764,79.77049180327869,10.813333333333333,3,70.50666666666666,3,0.5238070630307743,-1.5223414235765518,Trusted Steady Performers
1691,Customer Support,PeoplePerHour,Intermediate,Canada,Bank Transfer,229,7238.0,20.46,58.74,3.48,26,Fixed,31.82,339,31.606986899563317,278.38461538461536,21.288235294117648,2,53.38666666666666,1,-2.0865280631079157,-0.3569209441005249,Balanced Mid-Tier Freelancers
1692,Graphic Design,Freelancer,Expert,UK,Mobile Banking,72,2858.0,57.13,75.13,4.82,12,Fixed,46.77,23,39.69444444444444,238.16666666666666,119.08333333333333,3,72.76666666666667,3,1.012693783091191,0.5690899592233439,Trusted Steady Performers
1693,Data Entry,Freelancer,Beginner,Asia,PayPal,188,3653.0,86.47,69.93,3.94,32,Hourly,14.62,374,19.430851063829788,114.15625,9.741333333333333,1,54.45000000000001,1,-1.8485407180466513,-0.7773913397206277,Balanced Mid-Tier Freelancers
1694,Web Development,PeoplePerHour,Beginner,Canada,Mobile Banking,199,3963.0,53.85,57.32,3.93,9,Fixed,78.08,88,19.91457286432161,440.3333333333333,44.52808988764045,1,71.33333333333333,3,0.6099108433104806,-0.48411749473394416,Trusted Steady Performers
1695,Customer Support,Freelancer,Beginner,UK,Bank Transfer,46,1469.0,69.93,68.38,4.52,69,Fixed,35.2,36,31.934782608695652,21.28985507246377,39.7027027027027,1,64.65999999999998,1,-0.3364641830385568,0.2606536815786139,Balanced Mid-Tier Freelancers
1696,Content Writing,Fiverr,Expert,Asia,Crypto,155,2217.0,12.15,53.41,3.31,71,Hourly,43.45,341,14.303225806451612,31.225352112676056,6.482456140350878,3,54.35333333333333,1,-2.003035531576421,-0.8741932062412576,Balanced Mid-Tier Freelancers
1697,Graphic Design,Fiverr,Intermediate,USA,PayPal,88,2194.0,47.66,51.29,3.97,33,Fixed,34.87,382,24.931818181818183,66.48484848484848,5.72845953002611,2,55.18666666666667,1,-1.7159846559359526,-0.5518322022058805,Balanced Mid-Tier Freelancers
1698,Graphic Design,PeoplePerHour,Beginner,Asia,Bank Transfer,138,2217.0,14.01,56.76,3.86,24,Hourly,57.78,407,16.065217391304348,92.375,5.4338235294117645,1,63.913333333333334,1,-0.490226903126793,-1.0350132292646466,Balanced Mid-Tier Freelancers
1699,Graphic Design,Freelancer,Intermediate,Australia,Crypto,34,9802.0,61.95,98.16,4.19,89,Hourly,56.36,270,288.29411764705884,110.13483146067416,36.169741697416974,2,79.44,2,2.279505186140708,1.753517778733875,Premium Specialists
1700,Web Development,Freelancer,Beginner,Europe,Bank Transfer,13,9418.0,31.7,77.48,5.0,69,Fixed,60.07,11,724.4615384615385,136.4927536231884,784.8333333333334,1,79.18333333333334,0,2.330295359858986,6.232785469985487,Balanced Mid-Tier Freelancers
1701,SEO,Toptal,Intermediate,Asia,PayPal,174,9510.0,32.29,98.29,4.54,38,Fixed,28.77,493,54.6551724137931,250.26315789473685,19.251012145748987,2,72.62,3,1.017490157676131,-0.16034547049914702,Trusted Steady Performers
1702,Customer Support,Freelancer,Intermediate,Australia,Crypto,294,5941.0,12.29,71.62,3.8,11,Hourly,32.1,94,20.207482993197278,540.0909090909091,62.536842105263155,2,59.906666666666666,1,-1.1939055799839395,-0.3315742056041943,Balanced Mid-Tier Freelancers
1703,App Development,Fiverr,Intermediate,Australia,Mobile Banking,172,6586.0,34.47,65.59,4.66,32,Fixed,18.77,490,38.2906976744186,205.8125,13.413441955193482,2,59.186666666666675,1,-1.1068165492291067,-0.49929763902915,Balanced Mid-Tier Freelancers
1704,App Development,Upwork,Beginner,Australia,Bank Transfer,149,1216.0,53.13,75.31,3.34,64,Fixed,55.89,447,8.161073825503356,19.0,2.7142857142857144,1,66.0,3,-0.17187867013561298,-1.3856383109384287,Trusted Steady Performers
1705,Digital Marketing,Upwork,Expert,Asia,PayPal,232,3625.0,60.54,71.98,3.06,72,Fixed,12.79,30,15.625,50.34722222222222,116.93548387096774,3,48.656666666666666,1,-2.8985290625652333,0.07350069507813398,Balanced Mid-Tier Freelancers
1706,Data Entry,Upwork,Expert,UK,Mobile Banking,80,2891.0,11.33,55.28,3.41,20,Hourly,51.84,436,36.1375,144.55,6.615560640732266,3,58.44,1,-1.182865617231258,-0.5184984543551142,Balanced Mid-Tier Freelancers
1707,Web Development,Upwork,Expert,UK,PayPal,227,1920.0,66.89,82.04,3.68,34,Hourly,70.88,349,8.458149779735683,56.470588235294116,5.485714285714286,3,75.50666666666666,3,1.3167566772319266,-1.6044889726141731,Trusted Steady Performers
1708,SEO,Freelancer,Intermediate,Europe,Bank Transfer,181,2936.0,51.44,60.8,4.02,42,Fixed,72.36,232,16.22099447513812,69.9047619047619,12.600858369098713,2,71.18666666666667,3,0.5966951504847218,-0.9405879372387851,Trusted Steady Performers
1709,Graphic Design,Freelancer,Beginner,UK,PayPal,193,209.0,56.01,80.98,4.23,8,Fixed,41.43,339,1.0829015544041452,26.125,0.6147058823529412,1,69.00333333333334,3,0.31835710101516707,-1.5035890476801987,Trusted Steady Performers
1710,SEO,Toptal,Intermediate,Middle East,Crypto,50,7293.0,84.12,82.51,4.82,66,Hourly,42.15,327,145.86,110.5,22.234756097560975,2,73.68666666666668,2,1.3056582417126843,0.7209103190814821,Premium Specialists
1711,Web Development,Freelancer,Beginner,UK,PayPal,21,3813.0,37.51,57.6,4.02,21,Hourly,15.39,299,181.57142857142858,181.57142857142858,12.71,1,51.129999999999995,1,-2.146753000164495,0.9269308779476482,Balanced Mid-Tier Freelancers
1712,Web Development,Upwork,Intermediate,UK,Bank Transfer,70,1105.0,21.53,53.07,4.0,79,Fixed,56.95,285,15.785714285714286,13.987341772151899,3.8636363636363638,2,63.339999999999996,1,-0.6112078943248114,-0.6486057903381817,Balanced Mid-Tier Freelancers
1713,Web Development,PeoplePerHour,Beginner,UK,Crypto,265,383.0,57.42,89.04,3.1,70,Fixed,67.49,34,1.4452830188679244,5.4714285714285715,10.942857142857143,1,72.84333333333335,3,0.689428128168188,-1.3636665764002103,Trusted Steady Performers
1714,Digital Marketing,PeoplePerHour,Beginner,USA,PayPal,127,3646.0,94.78,72.99,3.07,5,Fixed,27.13,20,28.708661417322833,729.2,173.61904761904762,1,53.839999999999996,1,-1.9070526665978167,0.8097571085094818,Balanced Mid-Tier Freelancers
1715,Content Writing,Fiverr,Beginner,Europe,PayPal,235,7657.0,54.2,52.91,4.1,67,Hourly,39.49,110,32.58297872340425,114.28358208955224,68.98198198198199,1,58.13333333333333,1,-1.4840096168581742,0.12149578725631642,Balanced Mid-Tier Freelancers
1716,Data Entry,Fiverr,Intermediate,Middle East,Crypto,129,9133.0,84.03,99.74,3.88,43,Hourly,68.72,487,70.7984496124031,212.3953488372093,18.71516393442623,2,82.02,3,2.5531571322113535,-0.16048542708400884,Trusted Steady Performers
1717,Digital Marketing,Freelancer,Expert,UK,Mobile Banking,116,1412.0,76.92,52.89,4.68,16,Fixed,71.4,318,12.172413793103448,88.25,4.4263322884012535,3,72.63000000000001,3,0.963203111550764,-1.0467392272596456,Trusted Steady Performers
1718,Digital Marketing,PeoplePerHour,Intermediate,Europe,Mobile Banking,276,975.0,54.24,84.75,3.32,73,Hourly,27.02,347,3.532608695652174,13.356164383561644,2.8017241379310347,2,59.38999999999999,1,-1.2834794980251982,-1.7158070003064099,Balanced Mid-Tier Freelancers
1719,Customer Support,Upwork,Intermediate,Canada,Crypto,85,5569.0,66.52,99.18,3.05,35,Fixed,48.54,486,65.51764705882353,159.11428571428573,11.435318275154003,2,69.57333333333334,3,0.6654456432313586,-0.2271808281826558,Trusted Steady Performers
1720,Content Writing,Upwork,Beginner,USA,PayPal,250,2493.0,43.63,61.96,3.9,83,Fixed,23.47,144,9.972,30.03614457831325,17.193103448275863,1,54.47666666666667,1,-2.125296806221061,-0.8830841892656627,Balanced Mid-Tier Freelancers
1721,Digital Marketing,Upwork,Beginner,Asia,Mobile Banking,219,4030.0,55.41,57.11,3.47,43,Fixed,17.13,11,18.401826484018265,93.72093023255815,335.8333333333333,1,47.88,1,-3.0859247508180414,0.9064304655915996,Balanced Mid-Tier Freelancers
1722,Web Development,Freelancer,Expert,UK,Crypto,239,7310.0,53.19,56.07,3.1,39,Fixed,73.78,243,30.585774058577407,187.43589743589743,29.959016393442624,3,63.949999999999996,1,-0.47585084769521996,-0.4618478677406844,Balanced Mid-Tier Freelancers
1723,Web Development,Freelancer,Expert,Middle East,Bank Transfer,86,1469.0,72.37,65.16,4.45,10,Fixed,67.44,495,17.08139534883721,146.9,2.961693548387097,3,73.86666666666666,3,1.2441811929163458,-1.1937428815274702,Trusted Steady Performers
1724,Customer Support,Toptal,Beginner,USA,PayPal,298,119.96000000000001,43.95,55.05,3.22,74,Hourly,63.2,145,0.4025503355704698,1.6210810810810812,0.8216438356164384,1,60.88333333333333,1,-1.2271406559547071,-1.7450793569447967,Balanced Mid-Tier Freelancers
1725,SEO,Upwork,Expert,Middle East,Bank Transfer,80,2574.0,14.48,84.61,4.22,20,Hourly,13.41,238,32.175,128.7,10.769874476987448,3,60.806666666666665,1,-0.8023724170814056,-0.025773793168942006,Balanced Mid-Tier Freelancers
1726,Graphic Design,Upwork,Expert,Asia,PayPal,19,3847.0,79.93,53.11,3.56,1,Fixed,69.06,91,202.47368421052633,3847.0,41.81521739130435,3,64.45666666666666,2,-0.021479600534036844,1.2135779472643298,Premium Specialists
1727,Digital Marketing,Freelancer,Beginner,Asia,Mobile Banking,224,1628.0,70.06,75.47,3.35,6,Hourly,40.66,315,7.267857142857143,271.3333333333333,5.151898734177215,1,61.04333333333333,1,-0.8896412343488921,-1.2902252648949775,Balanced Mid-Tier Freelancers
1728,Graphic Design,Freelancer,Intermediate,USA,Bank Transfer,234,7251.0,95.26,99.83,3.76,53,Fixed,33.97,322,30.987179487179485,136.81132075471697,22.44891640866873,2,69.66666666666667,3,0.5043296920935856,-0.5316255790151334,Trusted Steady Performers
1729,Data Entry,Toptal,Expert,Canada,Bank Transfer,269,757.0,45.73,90.7,4.6,46,Hourly,48.25,114,2.8141263940520447,16.456521739130434,6.582608695652174,3,76.98333333333333,3,1.411637540940313,-1.4710188590740276,Trusted Steady Performers
1730,App Development,Toptal,Beginner,Europe,Crypto,268,8215.0,12.43,80.76,3.78,66,Hourly,16.39,14,30.652985074626866,124.46969696969697,547.6666666666666,1,57.583333333333336,0,-1.706316291813597,1.850374091229123,Balanced Mid-Tier Freelancers
1731,Web Development,Fiverr,Expert,USA,Mobile Banking,114,5327.0,16.55,65.31,4.5,38,Hourly,62.97,271,46.728070175438596,140.18421052631578,19.584558823529413,3,72.76,3,0.946458252688413,-0.16508872147485537,Trusted Steady Performers
1732,SEO,PeoplePerHour,Expert,Australia,Mobile Banking,204,1830.0,78.47,81.19,3.25,33,Hourly,50.77,21,8.970588235294118,55.45454545454545,83.18181818181819,3,65.65333333333334,3,-0.20951481213929044,-0.41076687144688206,Trusted Steady Performers
1733,Data Entry,Upwork,Beginner,Asia,PayPal,230,2463.0,11.44,76.35,4.55,67,Fixed,23.06,117,10.708695652173914,36.76119402985075,20.872881355932204,1,63.46999999999999,1,-0.7376725129589977,-0.7669880860716263,Balanced Mid-Tier Freelancers
1734,Customer Support,Upwork,Expert,Canada,Crypto,189,7800.0,91.24,71.3,3.47,77,Hourly,23.18,368,41.26984126984127,101.2987012987013,21.13821138211382,3,54.626666666666665,1,-1.7847452499743028,-0.1395620741495298,Balanced Mid-Tier Freelancers
1735,SEO,Toptal,Expert,Asia,Crypto,35,2211.0,31.76,56.54,4.35,35,Hourly,22.9,94,63.17142857142857,63.17142857142857,23.273684210526316,3,55.48,1,-1.632745768585426,0.5567455486640646,Balanced Mid-Tier Freelancers
1736,App Development,Toptal,Expert,Australia,PayPal,106,8850.0,90.39,94.33,4.13,79,Hourly,13.99,446,83.49056603773585,112.0253164556962,19.798657718120804,3,63.64000000000001,1,-0.24291227163374327,0.3908090901157852,Balanced Mid-Tier Freelancers
1737,App Development,Fiverr,Intermediate,Canada,Bank Transfer,263,358.0,78.48,72.49,4.86,45,Hourly,51.15,414,1.361216730038023,7.955555555555556,0.8626506024096385,2,73.61333333333333,3,0.9379278153579599,-2.1549958873720376,Trusted Steady Performers
1738,Customer Support,PeoplePerHour,Intermediate,Asia,PayPal,103,5489.0,87.76,59.73,3.77,22,Hourly,68.82,256,53.29126213592233,249.5,21.357976653696497,2,67.98333333333333,3,0.3237346867027238,-0.009757778521957902,Trusted Steady Performers
1739,Content Writing,Fiverr,Expert,Australia,PayPal,289,4357.0,25.33,68.39,3.13,68,Hourly,11.22,330,15.076124567474048,64.07352941176471,13.163141993957703,3,47.403333333333336,1,-3.1087448453664432,-1.021154956256418,Balanced Mid-Tier Freelancers
1740,Customer Support,PeoplePerHour,Beginner,Australia,PayPal,270,2414.0,61.59,70.71,3.04,17,Hourly,13.43,261,8.940740740740742,142.0,9.213740458015268,1,48.31333333333333,1,-2.8990742448634355,-1.0708556057199574,Balanced Mid-Tier Freelancers
1741,Web Development,Upwork,Expert,Asia,Crypto,144,234.0,13.89,91.38,4.65,5,Hourly,50.09,86,1.625,46.8,2.689655172413793,3,78.15666666666667,3,1.7270051240985522,-0.8101484141834319,Trusted Steady Performers
1742,Data Entry,Fiverr,Expert,Asia,PayPal,290,5374.0,24.22,86.68,4.05,85,Fixed,67.36,392,18.53103448275862,63.22352941176471,13.674300254452927,3,78.34666666666668,3,1.5984426743924167,-1.530844125793254,Trusted Steady Performers
1743,Content Writing,Toptal,Intermediate,Middle East,PayPal,220,5533.0,34.44,88.47,4.55,57,Fixed,32.87,435,25.15,97.0701754385965,12.690366972477063,2,70.77999999999999,3,0.5745944117887878,-0.9955121937213253,Trusted Steady Performers
1744,App Development,Fiverr,Intermediate,USA,PayPal,36,295.0,75.38,50.55,3.47,88,Fixed,34.47,463,8.194444444444445,3.352272727272727,0.6357758620689655,2,51.473333333333336,1,-2.3039961118299455,-0.8055329171659459,Balanced Mid-Tier Freelancers
1745,Data Entry,Fiverr,Intermediate,USA,Mobile Banking,92,8480.0,7.35,70.81,3.69,40,Hourly,51.74,317,92.17391304347827,212.0,26.666666666666668,2,65.45,1,-0.0942907576406849,0.6255971152538342,Balanced Mid-Tier Freelancers
1746,SEO,Upwork,Expert,Canada,Bank Transfer,67,8233.0,90.8,74.07,3.06,30,Fixed,29.19,57,122.88059701492537,274.43333333333334,141.94827586206895,3,54.81999999999999,1,-1.5635497328788879,1.904294097275193,Balanced Mid-Tier Freelancers
1747,Content Writing,Toptal,Expert,Europe,Bank Transfer,283,5974.0,11.73,50.96,4.92,42,Fixed,11.86,229,21.109540636042404,142.23809523809524,25.973913043478262,3,53.74000000000001,1,-2.155250849333829,-0.6016520319529568,Balanced Mid-Tier Freelancers
1748,Content Writing,Toptal,Beginner,Asia,Bank Transfer,78,569.0,40.77,62.99,4.34,7,Fixed,61.47,107,7.294871794871795,81.28571428571429,5.268518518518518,1,70.42,3,0.552384912392581,-0.45199782501514385,Trusted Steady Performers
1749,Web Development,Freelancer,Expert,Middle East,Bank Transfer,128,3957.0,12.7,88.01,4.87,71,Hourly,53.8,18,30.9140625,55.732394366197184,208.26315789473685,3,79.73666666666666,3,1.8634817488496689,0.5620972312869637,Trusted Steady Performers
1750,Customer Support,Freelancer,Expert,USA,Crypto,273,326.0,78.05,56.86,3.53,88,Fixed,50.65,364,1.1941391941391941,3.7045454545454546,0.8931506849315068,3,59.37,1,-1.314518400347835,-1.9935751384916953,Balanced Mid-Tier Freelancers
1751,Graphic Design,Freelancer,Intermediate,USA,Crypto,289,5151.0,18.42,76.77,4.22,19,Fixed,61.92,140,17.823529411764707,271.10526315789474,36.53191489361702,2,74.36333333333333,3,1.0051402743182347,-0.8678942364530455,Trusted Steady Performers
1752,SEO,Upwork,Intermediate,Middle East,PayPal,125,8847.0,89.05,60.76,4.36,41,Fixed,57.27,378,70.776,215.78048780487805,23.34300791556728,2,68.41000000000001,3,0.40558124364313625,0.16815155791741124,Trusted Steady Performers
1753,SEO,Fiverr,Intermediate,UK,Crypto,216,4623.0,55.37,50.61,3.64,34,Fixed,24.41,159,21.40277777777778,135.97058823529412,28.89375,2,49.27333333333333,1,-2.7469728459679414,-0.2726047608061686,Balanced Mid-Tier Freelancers
1754,Customer Support,Toptal,Intermediate,Middle East,Bank Transfer,152,4653.0,95.1,62.06,4.7,22,Fixed,34.67,99,30.611842105263158,211.5,46.53,2,63.576666666666675,1,-0.4337520875888904,0.07654230857660412,Balanced Mid-Tier Freelancers
1755,Content Writing,Toptal,Intermediate,USA,Mobile Banking,82,4103.0,32.58,98.79,4.89,52,Fixed,18.83,264,50.03658536585366,78.90384615384616,15.483018867924528,2,71.80666666666667,3,0.8632742494355709,0.02902083303771839,Trusted Steady Performers
1756,Content Writing,Fiverr,Beginner,Europe,PayPal,18,6862.0,48.16,90.08,4.77,6,Fixed,19.09,237,381.22222222222223,1143.6666666666667,28.831932773109244,1,68.19,2,0.7171460491189082,2.1320858123289317,Premium Specialists
1757,Web Development,Toptal,Beginner,UK,PayPal,140,6123.0,70.95,97.98,4.48,74,Hourly,57.33,237,43.73571428571429,82.74324324324324,25.72689075630252,1,81.63666666666667,3,2.287868094940288,-0.20884946491066,Trusted Steady Performers
1758,Graphic Design,Fiverr,Beginner,Australia,Bank Transfer,284,191.0,84.03,74.39,3.55,25,Fixed,70.1,48,0.6725352112676056,7.64,3.8979591836734695,1,71.83,3,0.602142219725927,-1.5401669842450953,Trusted Steady Performers
1759,SEO,Upwork,Intermediate,Middle East,Bank Transfer,83,1767.0,45.03,55.49,3.56,66,Fixed,77.39,164,21.289156626506024,26.772727272727273,10.709090909090909,2,68.02666666666666,3,0.1322340162760406,-0.44355816461168207,Trusted Steady Performers
1760,App Development,Upwork,Intermediate,Australia,Bank Transfer,247,7363.0,89.78,77.4,4.93,10,Hourly,53.98,286,29.809716599190285,736.3,25.65505226480836,2,76.66,3,1.5623016797067713,-0.6637121617684713,Trusted Steady Performers
1761,Digital Marketing,Upwork,Intermediate,UK,Crypto,197,5764.0,16.21,72.72,3.02,74,Hourly,22.89,414,29.258883248730964,77.89189189189189,13.889156626506024,2,52.00333333333333,1,-2.326154492288435,-0.5473748962778063,Balanced Mid-Tier Freelancers
1762,Digital Marketing,Fiverr,Beginner,UK,PayPal,246,449.0,72.33,92.22,4.43,26,Hourly,17.4,58,1.8252032520325203,17.26923076923077,7.610169491525424,1,66.07333333333334,1,-0.2087144535342182,-1.0508189274085042,Balanced Mid-Tier Freelancers
1763,Graphic Design,Fiverr,Intermediate,UK,Bank Transfer,55,4813.0,38.08,54.9,4.41,5,Hourly,66.9,182,87.50909090909092,962.6,26.30054644808743,2,70.0,3,0.6337512418823132,0.4452963085817716,Trusted Steady Performers
1764,Data Entry,PeoplePerHour,Beginner,Canada,Mobile Banking,236,9764.0,14.63,74.41,4.25,86,Hourly,50.51,146,41.3728813559322,113.53488372093024,66.421768707483,1,69.97333333333333,3,0.29836652194418634,0.22578539940462944,Trusted Steady Performers
1765,Web Development,Toptal,Intermediate,Middle East,PayPal,263,9576.0,41.73,57.5,4.98,68,Fixed,53.28,446,36.4106463878327,140.8235294117647,21.42281879194631,2,70.12666666666668,3,0.4097331388813743,-0.7518265825229968,Trusted Steady Performers
1766,Graphic Design,Toptal,Expert,Asia,PayPal,222,6305.0,88.62,66.23,3.62,71,Fixed,64.7,385,28.4009009009009,88.80281690140845,16.33419689119171,3,67.77666666666666,3,0.1476290403242774,-0.905403437493841,Trusted Steady Performers
1767,Customer Support,PeoplePerHour,Beginner,Europe,Crypto,210,288.0,98.15,86.87,3.68,50,Fixed,59.23,300,1.3714285714285714,5.76,0.9568106312292359,1,73.23333333333333,3,0.9319843257166484,-1.6505343014238816,Trusted Steady Performers
1768,Customer Support,PeoplePerHour,Expert,Europe,PayPal,124,3265.0,42.32,73.8,3.16,17,Hourly,68.41,95,26.330645161290324,192.05882352941177,34.010416666666664,3,68.47,3,0.3072167689574458,-0.09828788210619388,Trusted Steady Performers
1769,Digital Marketing,Upwork,Beginner,Australia,Bank Transfer,84,7591.0,89.21,68.79,3.89,11,Fixed,13.93,42,90.36904761904762,690.0909090909091,176.53488372093022,1,53.50666666666667,1,-1.8529502649985239,1.7958496497217,Balanced Mid-Tier Freelancers
1770,Content Writing,PeoplePerHour,Intermediate,Australia,Bank Transfer,46,3697.0,53.42,69.72,3.52,53,Fixed,62.33,353,80.3695652173913,69.75471698113208,10.443502824858758,2,67.48333333333333,3,0.24726081072223374,-0.056463086433607694,Trusted Steady Performers
1771,Digital Marketing,Fiverr,Intermediate,Asia,Mobile Banking,25,5458.0,73.12,72.97,3.69,50,Hourly,69.56,256,218.32,109.16,21.237354085603112,2,72.11,2,1.112753586035881,0.9593471436960811,Premium Specialists
1772,Content Writing,Freelancer,Expert,Australia,PayPal,14,9858.0,9.31,89.25,4.67,8,Hourly,30.03,212,704.1428571428571,1232.25,46.28169014084507,3,70.89333333333333,2,1.4040107173797685,3.8290980378291777,Premium Specialists
1773,Web Development,Fiverr,Intermediate,Middle East,PayPal,157,6390.0,57.94,94.6,4.87,62,Fixed,54.83,188,40.70063694267516,103.06451612903226,33.80952380952381,2,82.27666666666666,3,2.3806335958210836,-0.13640179558654933,Trusted Steady Performers
1774,Content Writing,PeoplePerHour,Beginner,USA,Crypto,298,2479.0,11.67,97.77,3.37,89,Hourly,31.99,130,8.318791946308725,27.853932584269664,18.923664122137403,1,65.72000000000001,1,-0.4535549347154277,-1.1798964522952498,Balanced Mid-Tier Freelancers
1775,Graphic Design,Toptal,Intermediate,Australia,Bank Transfer,90,3702.0,30.52,89.35,3.75,85,Fixed,77.06,346,41.13333333333333,43.55294117647059,10.668587896253602,2,80.47,3,2.09127265477634,-0.6021319693674271,Trusted Steady Performers
1776,Content Writing,Fiverr,Intermediate,UK,Mobile Banking,117,9937.02,58.85,65.77,4.86,76,Hourly,12.34,299,84.93179487179488,130.75026315789475,33.123400000000004,2,58.43666666666667,1,-1.1791821062953114,0.8426203833648362,Balanced Mid-Tier Freelancers
1777,Data Entry,Toptal,Beginner,Australia,Bank Transfer,193,6357.0,81.68,84.41,3.12,29,Fixed,50.59,390,32.93782383419689,219.20689655172413,16.25831202046036,1,65.8,3,-0.06958360487799575,-0.5912211505188024,Trusted Steady Performers
1778,Customer Support,Fiverr,Expert,UK,PayPal,116,9514.0,58.28,71.88,3.18,44,Fixed,21.66,288,82.01724137931035,216.22727272727272,32.9204152249135,3,52.379999999999995,1,-2.008122273752116,0.9164568097732401,Balanced Mid-Tier Freelancers
1779,Graphic Design,Toptal,Expert,Canada,PayPal,179,5190.0,93.94,62.73,3.33,45,Fixed,59.86,136,28.99441340782123,115.33333333333333,37.88321167883212,3,63.06333333333333,1,-0.5377780744396091,-0.168711215081865,Balanced Mid-Tier Freelancers
1780,Customer Support,Fiverr,Intermediate,USA,Mobile Banking,8,2928.0,81.98,92.04,4.19,29,Hourly,22.31,29,366.0,100.96551724137932,97.6,2,66.05000000000001,2,0.33787073748204943,2.2080838302764434,Premium Specialists
1781,Web Development,Toptal,Beginner,USA,PayPal,226,1585.0,19.84,51.92,3.3,88,Hourly,26.48,145,7.013274336283186,18.011363636363637,10.856164383561644,1,48.133333333333326,1,-3.132008905464266,-0.85549504452342,Balanced Mid-Tier Freelancers
1782,Graphic Design,Freelancer,Expert,Asia,Mobile Banking,225,8777.0,41.95,95.09,4.94,59,Hourly,44.61,311,39.00888888888889,148.76271186440678,28.131410256410255,3,79.5,3,1.9518428693762235,-0.3546829504163578,Trusted Steady Performers
1783,Data Entry,Upwork,Expert,Middle East,Mobile Banking,175,6304.0,68.51,73.07,3.89,15,Hourly,74.04,473,36.02285714285714,420.26666666666665,13.29957805907173,3,74.97000000000001,3,1.3856760561788517,-0.8554861740783137,Trusted Steady Performers
1784,Web Development,Fiverr,Intermediate,Middle East,Bank Transfer,217,998.0,94.15,81.86,4.0,70,Fixed,24.82,467,4.599078341013825,14.257142857142858,2.1324786324786325,2,62.22666666666667,1,-0.7246485810749717,-1.7040758878351627,Balanced Mid-Tier Freelancers
1785,Digital Marketing,Freelancer,Beginner,Europe,Mobile Banking,257,3991.0,98.8151,82.97,3.49,44,Fixed,20.1,485,15.529182879377432,90.70454545454545,8.2119341563786,1,57.623333333333335,1,-1.3911916432710332,-1.3766289307649162,Balanced Mid-Tier Freelancers
1786,Data Entry,Upwork,Expert,Canada,PayPal,128,9263.0,77.5,94.76,3.94,36,Fixed,63.13,104,72.3671875,257.30555555555554,88.21904761904761,3,78.89666666666666,3,2.022030116434433,0.9186216216590666,Trusted Steady Performers
1787,Web Development,Fiverr,Intermediate,Asia,Crypto,132,6653.0,59.51,81.83,4.32,84,Fixed,45.04,286,50.40151515151515,79.20238095238095,23.181184668989548,2,71.09,3,0.6806655386874902,-0.043653477537120136,Trusted Steady Performers
1788,App Development,Freelancer,Intermediate,Middle East,Crypto,217,8675.0,76.88,80.7,4.5,57,Hourly,73.82,455,39.97695852534562,152.19298245614036,19.024122807017545,2,81.50666666666666,3,2.284055320667911,-0.7998390793963056,Trusted Steady Performers
1789,Content Writing,Freelancer,Intermediate,UK,PayPal,116,1453.0,30.96,53.33,4.51,64,Hourly,20.26,190,12.525862068965518,22.703125,7.607329842931938,2,54.59666666666666,1,-1.9546010918308798,-0.42688235548037406,Balanced Mid-Tier Freelancers
1790,Graphic Design,Freelancer,Intermediate,Canada,Crypto,89,7869.0,31.94,75.92,4.16,76,Hourly,55.21,470,88.41573033707866,103.53947368421052,16.70700636942675,2,71.44333333333334,3,0.8154856387622578,0.07379594993993571,Trusted Steady Performers
1791,Web Development,PeoplePerHour,Expert,USA,Crypto,8,3561.0,67.16,57.51,4.81,38,Hourly,26.3,177,445.125,93.71052631578948,20.00561797752809,3,60.00333333333334,2,-0.5460773816123649,2.0333337869320816,Premium Specialists
1792,Graphic Design,Toptal,Beginner,UK,Mobile Banking,69,2985.0,87.82,86.87,4.63,17,Fixed,20.97,344,43.26086956521739,175.58823529411765,8.652173913043478,1,66.81333333333333,1,0.2031821342903656,-0.22886124652025164,Balanced Mid-Tier Freelancers
1793,Content Writing,Upwork,Intermediate,Asia,Crypto,124,4928.0,97.13,75.61,4.51,27,Hourly,57.84,238,39.74193548387097,182.5185185185185,20.619246861924687,2,74.55,3,1.3136816248171406,-0.245457379620258,Trusted Steady Performers
1794,Web Development,Toptal,Intermediate,Asia,Crypto,247,7556.0,37.43,84.01,3.11,17,Hourly,51.56,5,30.591093117408906,444.47058823529414,1259.3333333333333,2,65.92333333333333,0,-0.4297309129766289,3.9339663637364284,Balanced Mid-Tier Freelancers
1795,Digital Marketing,Toptal,Expert,Canada,Crypto,141,7641.0,80.67,52.08,3.01,63,Hourly,62.84,109,54.191489361702125,121.28571428571429,69.46363636363637,3,58.373333333333335,1,-1.2488481117894785,0.6325454617181284,Balanced Mid-Tier Freelancers
1796,App Development,Toptal,Intermediate,USA,Bank Transfer,251,5110.0,85.9,54.24,3.42,11,Fixed,31.66,337,20.358565737051794,464.54545454545456,15.118343195266272,2,51.43333333333333,1,-2.3276754850000927,-0.8243386664130057,Balanced Mid-Tier Freelancers
1797,App Development,Freelancer,Intermediate,Middle East,PayPal,49,3383.0,64.2,85.82,4.33,64,Fixed,41.36,274,69.04081632653062,52.859375,12.301818181818183,2,71.25999999999999,3,0.8173143696947219,0.03273870910618939,Trusted Steady Performers
1798,Data Entry,Toptal,Beginner,UK,Mobile Banking,150,1652.0,38.02,53.6,3.82,39,Fixed,38.38,370,11.013333333333334,42.35897435897436,4.452830188679245,1,56.126666666666665,1,-1.6950837852129315,-1.0035030465515524,Balanced Mid-Tier Freelancers
1799,Web Development,PeoplePerHour,Intermediate,UK,Crypto,180,8470.0,63.81,53.56,3.8,2,Hourly,78.89,381,47.05555555555556,4235.0,22.172774869109947,2,69.48333333333333,3,0.5131045201077861,-0.3025618244448643,Trusted Steady Performers
1800,Content Writing,Fiverr,Expert,USA,PayPal,46,2246.0,60.52,50.61,4.77,66,Fixed,30.46,233,48.82608695652174,34.03030303030303,9.598290598290598,3,58.82333333333333,1,-1.14940972412976,-0.00042162012797149624,Balanced Mid-Tier Freelancers
1801,Web Development,Freelancer,Beginner,UK,Crypto,93,160.0,62.62,97.83,4.79,54,Fixed,30.64,63,1.7204301075268817,2.962962962962963,2.5,1,74.75666666666666,3,1.19812160569412,-0.4793905766981364,Trusted Steady Performers
1802,Graphic Design,Upwork,Expert,Middle East,Bank Transfer,222,9486.0,63.83,86.88,4.82,29,Fixed,34.82,243,42.729729729729726,327.1034482758621,38.877049180327866,3,72.7,3,0.9862745769514843,0.06104326648302094,Trusted Steady Performers
1803,SEO,Fiverr,Beginner,Middle East,Bank Transfer,232,6073.0,85.47,67.66,3.63,45,Fixed,49.52,52,26.176724137931036,134.95555555555555,114.58490566037736,1,63.26,1,-0.6357374249129116,0.10412160490871224,Balanced Mid-Tier Freelancers
1804,Customer Support,Fiverr,Beginner,Middle East,Crypto,295,4209.0,21.16,64.83,4.38,88,Fixed,27.66,261,14.267796610169492,47.82954545454545,16.064885496183205,1,60.03,1,-1.3203813178977295,-1.1794725279290579,Balanced Mid-Tier Freelancers
1805,Web Development,Fiverr,Intermediate,USA,Crypto,71,3917.0,39.89,67.49,3.54,88,Fixed,74.07,16,55.16901408450704,44.51136363636363,230.41176470588235,2,70.78666666666666,3,0.517481517587137,1.0023282563910154,Trusted Steady Performers
1806,App Development,Toptal,Intermediate,Australia,Crypto,255,9619.0,60.67,88.73,3.38,80,Hourly,28.6,301,37.72156862745098,120.2375,31.850993377483444,2,61.643333333333324,1,-0.82126150015372,-0.13310652789099256,Balanced Mid-Tier Freelancers
1807,App Development,Toptal,Intermediate,Australia,Bank Transfer,45,7691.0,31.92,83.07,3.37,31,Hourly,72.71,492,170.9111111111111,248.09677419354838,15.600405679513184,2,74.39333333333333,2,1.4643369030428504,0.5199349726406639,Premium Specialists
1808,Customer Support,Freelancer,Expert,Asia,Bank Transfer,103,5054.0,97.92,59.26,3.68,49,Fixed,17.24,455,49.067961165048544,103.14285714285714,11.083333333333334,3,50.03333333333333,1,-2.368695800427704,-0.1773194950436801,Balanced Mid-Tier Freelancers
1809,App Development,Toptal,Intermediate,Asia,PayPal,83,8254.0,30.0,58.71,3.86,9,Hourly,55.96,373,99.44578313253012,917.1111111111111,22.06951871657754,2,63.95666666666667,2,-0.2386835168464635,0.5399062862898212,Premium Specialists
1810,Digital Marketing,Toptal,Intermediate,UK,Mobile Banking,203,7127.0,49.61,54.92,4.66,27,Fixed,73.49,233,35.108374384236456,263.962962962963,30.457264957264957,2,73.87,3,1.0446339789412085,-0.3909743239838786,Trusted Steady Performers
1811,Web Development,Toptal,Beginner,Middle East,Mobile Banking,151,3311.0,88.35,83.02,3.24,56,Hourly,21.81,72,21.927152317880793,59.125,45.35616438356164,1,56.54333333333333,1,-1.570001548518848,0.06342152607790844,Balanced Mid-Tier Freelancers
1812,Data Entry,Freelancer,Intermediate,UK,Bank Transfer,110,712.0,12.61,88.22,4.47,78,Fixed,77.78,356,6.472727272727273,9.128205128205128,1.9943977591036415,2,85.13333333333334,3,2.7097546962115038,-1.3503427456170656,Trusted Steady Performers
1813,Web Development,Freelancer,Intermediate,USA,Mobile Banking,197,8935.0,82.97,63.25,4.06,45,Hourly,41.7,438,45.35532994923858,198.55555555555554,20.353075170842825,2,62.04999999999999,1,-0.6421228476621013,-0.28982559559661625,Balanced Mid-Tier Freelancers
1814,SEO,PeoplePerHour,Intermediate,UK,Crypto,126,3440.0,59.25,51.05,3.58,89,Fixed,76.2,90,27.3015873015873,38.651685393258425,37.8021978021978,2,66.28333333333333,3,-0.19956722482005496,-0.19617975408024038,Trusted Steady Performers
1815,App Development,PeoplePerHour,Intermediate,Europe,PayPal,81,9423.0,8.02,54.11,3.99,43,Fixed,57.38,483,116.33333333333333,219.13953488372093,19.46900826446281,2,63.76333333333334,2,-0.31892590385153874,0.5058882168014968,Premium Specialists
1816,Graphic Design,PeoplePerHour,Beginner,Australia,Bank Transfer,116,3068.0,90.78,98.39,3.6,22,Hourly,31.11,5,26.448275862068964,139.45454545454547,511.3333333333333,1,67.16666666666667,0,0.055948725983877595,1.7085120734366328,Balanced Mid-Tier Freelancers
1817,App Development,PeoplePerHour,Intermediate,UK,Bank Transfer,174,9746.0,8.72,64.77,4.19,33,Fixed,23.18,197,56.01149425287356,295.3333333333333,49.22222222222222,2,57.25,1,-1.4528568125130674,0.7246857829514403,Balanced Mid-Tier Freelancers
1818,Web Development,Fiverr,Beginner,UK,Mobile Banking,10,1952.0,53.95,88.46,3.87,27,Hourly,31.26,364,195.2,72.29629629629629,5.347945205479452,1,65.70666666666666,2,0.14875135989149066,0.44986892319652894,Premium Specialists
1819,Digital Marketing,Fiverr,Expert,Canada,Crypto,201,4221.0,9.66,81.23,3.33,40,Fixed,16.51,195,21.0,105.525,21.535714285714285,3,54.78,1,-1.878198388874111,-0.30222125847623277,Balanced Mid-Tier Freelancers
1820,Content Writing,PeoplePerHour,Intermediate,UK,PayPal,102,378.0,11.76,69.1,3.23,26,Fixed,20.07,469,3.7058823529411766,14.538461538461538,0.8042553191489362,2,51.25666666666666,1,-2.3400764741971116,-0.9841742596710288,Balanced Mid-Tier Freelancers
1821,Web Development,PeoplePerHour,Intermediate,Europe,Mobile Banking,234,9681.0,89.28,60.28,4.09,83,Fixed,17.33,295,41.37179487179487,116.63855421686748,32.70608108108108,2,53.136666666666656,1,-2.1116385338879557,0.06567016027904655,Balanced Mid-Tier Freelancers
1822,Web Development,Upwork,Intermediate,Australia,Bank Transfer,172,6345.0,77.75,56.07,4.8,45,Fixed,39.61,346,36.88953488372093,141.0,18.285302593659942,2,63.89333333333334,1,-0.4095506243528997,-0.40655920177121246,Balanced Mid-Tier Freelancers
1823,Data Entry,Fiverr,Beginner,Canada,Bank Transfer,269,3896.0,23.71,80.75,3.69,45,Hourly,65.69,484,14.483271375464684,86.57777777777778,8.03298969072165,1,73.41333333333334,3,0.8764482216882339,-1.7548496593322027,Trusted Steady Performers
1824,Digital Marketing,Upwork,Intermediate,USA,Mobile Banking,12,274.0,63.94,88.73,4.47,26,Hourly,19.9,321,22.833333333333332,10.538461538461538,0.8509316770186336,2,66.01,1,0.0733312747972888,-0.3343887477212872,Balanced Mid-Tier Freelancers
1825,SEO,Upwork,Intermediate,Asia,Crypto,176,2570.0,80.49,82.2,4.32,70,Hourly,19.12,136,14.602272727272727,36.714285714285715,18.759124087591243,2,62.573333333333345,1,-0.6892644238813931,-0.4952731236694274,Balanced Mid-Tier Freelancers
1826,Content Writing,Toptal,Expert,USA,PayPal,199,8114.0,89.51,76.52,4.86,67,Hourly,55.04,266,40.77386934673367,121.1044776119403,30.38951310861423,3,76.25333333333333,3,1.4833021407210045,-0.2671166184705636,Trusted Steady Performers
1827,App Development,Freelancer,Beginner,Australia,PayPal,273,3764.0,49.49,52.1,4.64,6,Hourly,23.8,403,13.787545787545788,627.3333333333334,9.316831683168317,1,56.23333333333334,1,-1.6992997363682343,-1.3371592749511125,Balanced Mid-Tier Freelancers
1828,Graphic Design,Fiverr,Beginner,Asia,PayPal,23,2457.0,90.26,98.42,4.13,28,Fixed,16.83,115,106.82608695652173,87.75,21.18103448275862,1,65.94999999999999,2,0.12767019985156441,0.71779806858948,Premium Specialists
1829,Web Development,PeoplePerHour,Expert,USA,PayPal,53,6733.0,53.25,89.94,4.31,67,Fixed,21.68,42,127.0377358490566,100.49253731343283,156.58139534883722,3,65.94,2,0.032364414814501634,1.7461110427835485,Premium Specialists
1830,SEO,PeoplePerHour,Beginner,Europe,Crypto,162,860.0,70.38,64.64,4.8,13,Hourly,74.66,230,5.308641975308642,66.15384615384616,3.722943722943723,1,78.43333333333332,3,1.7396741282854975,-1.2721872046755909,Trusted Steady Performers
1831,Content Writing,Freelancer,Intermediate,UK,Bank Transfer,70,6802.0,98.01,99.0,3.8,63,Fixed,67.5,57,97.17142857142858,107.96825396825396,117.27586206896552,2,80.83333333333333,3,2.3150165872912343,1.0891540822676646,Trusted Steady Performers
1832,Graphic Design,Fiverr,Intermediate,Australia,Bank Transfer,63,3167.0,27.42,80.09,3.65,13,Hourly,34.78,205,50.26984126984127,243.6153846153846,15.37378640776699,2,62.623333333333335,1,-0.5038885289832605,0.20140171526744344,Balanced Mid-Tier Freelancers
1833,SEO,PeoplePerHour,Expert,Asia,PayPal,163,4823.0,21.01,79.12,3.02,77,Fixed,55.91,409,29.588957055214724,62.63636363636363,11.763414634146342,3,65.14333333333333,1,-0.2761789807814341,-0.7415812014951291,Balanced Mid-Tier Freelancers
1834,Digital Marketing,PeoplePerHour,Beginner,Canada,PayPal,275,3340.0,37.49,87.4,4.65,1,Hourly,47.61,293,12.145454545454545,3340.0,11.360544217687075,1,76.00333333333333,3,1.3284400837264638,-1.409599712389867,Trusted Steady Performers
1835,Digital Marketing,Toptal,Beginner,UK,PayPal,125,2301.0,20.62,90.59,4.6,40,Fixed,57.4,93,18.408,57.525,24.47872340425532,1,79.99666666666667,3,1.9482447313945803,-0.4028382427657579,Trusted Steady Performers
1836,Content Writing,Upwork,Beginner,USA,Mobile Banking,258,4711.0,32.0,82.82,3.21,37,Fixed,57.79,35,18.25968992248062,127.32432432432432,130.86111111111111,1,68.27,3,0.045548149083368766,-0.17972832204488992,Trusted Steady Performers
1837,App Development,PeoplePerHour,Expert,USA,Mobile Banking,265,4656.0,75.58,56.4,4.15,31,Hourly,54.01,229,17.569811320754717,150.19354838709677,20.243478260869566,3,64.47,1,-0.414728254597958,-0.9768506425589593,Balanced Mid-Tier Freelancers
1838,Customer Support,Fiverr,Intermediate,Canada,Bank Transfer,139,9165.0,50.36,66.91,3.93,17,Fixed,28.63,226,65.93525179856115,539.1176470588235,40.37444933920705,2,58.04666666666666,1,-1.2024734413942029,0.7557339409044083,Balanced Mid-Tier Freelancers
1839,Graphic Design,Freelancer,Expert,Europe,Bank Transfer,278,6471.0,40.63,96.4,3.24,9,Hourly,12.73,182,23.276978417266186,719.0,35.36065573770492,3,57.97666666666666,1,-1.323131419453037,-0.2928882055169233,Balanced Mid-Tier Freelancers
1840,Digital Marketing,Toptal,Intermediate,Canada,PayPal,60,3102.0,40.03,61.23,4.96,64,Fixed,41.89,261,51.7,48.46875,11.83969465648855,2,67.44,3,0.12715912463352272,-0.10540788446946046,Trusted Steady Performers
1841,Customer Support,Fiverr,Expert,Australia,Mobile Banking,100,8257.0,23.48,68.61,3.43,57,Hourly,72.37,130,82.57,144.859649122807,63.030534351145036,3,69.86,3,0.5285061858741537,0.8707085556685839,Trusted Steady Performers
1842,Content Writing,Toptal,Intermediate,Canada,Crypto,118,4501.0,47.5,71.6,3.13,13,Fixed,49.86,64,38.144067796610166,346.2307692307692,69.24615384615385,2,61.35333333333333,1,-0.7711132423336163,0.45496059839312536,Balanced Mid-Tier Freelancers
1843,Digital Marketing,Upwork,Beginner,USA,Mobile Banking,32,4975.0,64.34,71.97,4.19,37,Hourly,68.27,379,155.46875,134.45945945945945,13.092105263157896,1,74.68,3,1.4453665188786298,0.32625556264187755,Trusted Steady Performers
1844,Digital Marketing,PeoplePerHour,Beginner,Europe,Bank Transfer,6,2696.0,18.22,80.65,4.48,14,Fixed,79.41,447,449.3333333333333,192.57142857142858,6.017857142857143,1,83.22,2,2.983440646619695,0.999851235384213,Premium Specialists
1845,SEO,Fiverr,Beginner,Europe,Mobile Banking,216,9343.0,97.42,97.15,3.06,75,Fixed,21.45,185,43.254629629629626,124.57333333333334,50.23118279569893,1,59.93333333333333,1,-1.0161092670988754,0.39179190564862987,Balanced Mid-Tier Freelancers
1846,Customer Support,Freelancer,Expert,Middle East,Bank Transfer,72,9332.0,47.11,62.03,4.32,25,Hourly,58.42,116,129.61111111111111,373.28,79.76068376068376,3,68.95,2,0.5320484513801912,1.4709247495660658,Premium Specialists
1847,SEO,Upwork,Expert,Canada,PayPal,132,2956.0,95.06,56.08,4.06,78,Hourly,57.2,185,22.393939393939394,37.8974358974359,15.89247311827957,3,64.82666666666665,1,-0.31014666151782144,-0.49539408593065365,Balanced Mid-Tier Freelancers
1848,Digital Marketing,Upwork,Expert,Australia,Crypto,28,1796.0,17.79,59.87,3.21,57,Hourly,78.6,273,64.14285714285714,31.50877192982456,6.554744525547445,3,67.55666666666666,3,0.18228901585441287,-0.1847403145564598,Trusted Steady Performers
1849,Customer Support,Toptal,Beginner,USA,PayPal,257,4359.0,77.89,94.35,3.35,71,Hourly,78.99,150,16.961089494163424,61.394366197183096,28.867549668874172,1,80.11333333333333,3,1.9000087551198213,-1.0189767767124962,Trusted Steady Performers
1850,Data Entry,Upwork,Intermediate,UK,PayPal,234,9937.02,63.68,82.29,4.14,88,Fixed,58.07,351,42.46589743589744,112.92068181818182,28.230170454545455,2,74.38666666666667,3,1.1180448382690045,-0.34973827270328767,Trusted Steady Performers
1851,Customer Support,Fiverr,Beginner,Europe,Crypto,180,498.0,82.91,64.3,3.59,42,Fixed,27.05,412,2.7666666666666666,11.857142857142858,1.2058111380145278,1,54.38333333333333,1,-1.9199542046090992,-1.390880019319676,Balanced Mid-Tier Freelancers
1852,SEO,Toptal,Beginner,Canada,Crypto,225,3062.0,62.06,90.8,4.88,42,Fixed,65.9,150,13.608888888888888,72.9047619047619,20.278145695364238,1,84.76666666666667,3,2.641100494548707,-1.0752391264485968,Trusted Steady Performers
1853,Graphic Design,Upwork,Intermediate,Middle East,Crypto,40,1618.0,96.47,93.07,4.64,47,Fixed,17.49,383,40.45,34.42553191489362,4.213541666666667,2,67.78666666666668,3,0.36862266446009484,-0.38971545462584534,Trusted Steady Performers
1854,Content Writing,Freelancer,Intermediate,Australia,Bank Transfer,6,3541.0,64.56,92.33,4.97,44,Fixed,64.65,35,590.1666666666666,80.47727272727273,98.36111111111111,2,85.46,2,3.4114056355557913,2.746079410188707,Premium Specialists
1855,Content Writing,Fiverr,Intermediate,Australia,PayPal,278,7360.0,79.54,95.95,3.52,41,Hourly,73.71,325,26.47482014388489,179.5121951219512,22.57668711656442,2,80.02,3,2.017833133574502,-0.9989750174446627,Trusted Steady Performers
1856,App Development,Freelancer,Intermediate,Asia,Bank Transfer,181,6933.0,88.37,62.61,4.94,3,Hourly,36.8,464,38.30386740331492,2311.0,14.90967741935484,2,66.07000000000001,1,0.03927881781290819,-0.5840691097982429,Balanced Mid-Tier Freelancers
1857,Graphic Design,Freelancer,Beginner,USA,Crypto,268,6034.0,72.89,87.75,3.86,1,Hourly,54.14,465,22.51492537313433,6034.0,12.948497854077253,1,73.02999999999999,3,0.9979890121431867,-1.2959170309185328,Trusted Steady Performers
1858,Graphic Design,Toptal,Expert,Europe,Bank Transfer,190,9289.0,54.8,73.03,3.7,79,Hourly,40.11,94,48.88947368421053,117.58227848101266,97.77894736842106,3,62.379999999999995,1,-0.7052814293257789,0.7539901233807872,Balanced Mid-Tier Freelancers
1859,Graphic Design,PeoplePerHour,Beginner,USA,Crypto,19,7138.0,30.92,92.1,3.1,11,Hourly,40.64,133,375.6842105263158,648.9090909090909,53.26865671641791,1,64.91333333333334,2,0.1693852495468933,2.433462198502416,Premium Specialists
1860,App Development,Toptal,Intermediate,Middle East,Mobile Banking,283,4818.0,86.18,86.42,3.11,7,Fixed,31.73,161,17.024734982332156,688.2857142857143,29.74074074074074,2,60.11666666666667,1,-1.010391214659148,-0.6727950571640549,Balanced Mid-Tier Freelancers
1861,Graphic Design,Fiverr,Expert,UK,Crypto,198,1114.0,50.65,88.82,4.38,12,Fixed,63.35,43,5.626262626262626,92.83333333333333,25.318181818181817,3,79.92333333333333,3,1.9741908417710323,-0.8872077914794835,Trusted Steady Performers
1862,Web Development,Fiverr,Expert,UK,PayPal,202,3871.0,63.97,82.81,3.92,38,Hourly,75.53,299,19.163366336633665,101.86842105263158,12.903333333333334,3,78.91333333333334,3,1.863294298381555,-1.0986247886959535,Trusted Steady Performers
1863,App Development,Toptal,Beginner,UK,PayPal,68,8809.0,12.53,58.87,3.45,54,Hourly,75.85,282,129.5441176470588,163.12962962962962,31.127208480565372,1,67.90666666666667,2,0.25798244994183384,0.874267783089954,Premium Specialists
1864,Content Writing,PeoplePerHour,Beginner,Australia,PayPal,294,1486.0,52.25,77.25,4.23,67,Hourly,22.23,355,5.054421768707483,22.17910447761194,4.174157303370786,1,61.36000000000001,1,-1.0297611642822286,-1.7786009156890248,Balanced Mid-Tier Freelancers
1865,Web Development,Toptal,Beginner,Europe,Bank Transfer,22,6147.0,71.32,99.23,3.51,53,Fixed,71.23,239,279.40909090909093,115.98113207547169,25.6125,1,80.22000000000001,2,2.414242612855338,1.292003611787628,Premium Specialists
1866,App Development,Fiverr,Expert,USA,PayPal,68,2533.0,60.49,96.87,4.16,32,Hourly,61.62,51,37.25,79.15625,48.71153846153846,3,80.56333333333333,3,2.2249483232560134,0.1535567942938146,Trusted Steady Performers
1867,Digital Marketing,PeoplePerHour,Expert,USA,Crypto,255,7769.0,47.61,52.16,3.72,45,Hourly,27.7,425,30.466666666666665,172.64444444444445,18.237089201877936,3,51.419999999999995,1,-2.3729743871476083,-0.616572405496513,Balanced Mid-Tier Freelancers
1868,Digital Marketing,Fiverr,Expert,Middle East,Mobile Banking,21,4850.0,26.23,58.24,4.65,51,Hourly,14.71,280,230.95238095238096,95.09803921568627,17.259786476868328,3,55.31666666666667,1,-1.4823368633196228,1.2341601692130189,Balanced Mid-Tier Freelancers
1869,Content Writing,PeoplePerHour,Intermediate,UK,PayPal,145,6432.0,34.42,56.59,4.64,37,Fixed,28.76,73,44.358620689655176,173.83783783783784,86.91891891891892,2,59.383333333333326,1,-1.1637057426620654,0.6599072868314034,Balanced Mid-Tier Freelancers
1870,Digital Marketing,PeoplePerHour,Intermediate,Europe,Bank Transfer,249,4879.0,71.56,86.3,3.95,59,Hourly,73.85,294,19.59437751004016,82.69491525423729,16.538983050847456,2,79.71666666666667,3,1.9037953269152343,-1.2093946611220823,Trusted Steady Performers
1871,Graphic Design,Toptal,Beginner,Europe,Mobile Banking,294,6203.0,26.3,90.89,3.7,54,Fixed,54.32,237,21.098639455782312,114.87037037037037,26.063025210084035,1,73.07,3,0.7904355296672977,-0.935690133542913,Trusted Steady Performers
1872,App Development,Toptal,Expert,Middle East,PayPal,91,2844.0,64.06,60.68,3.73,18,Hourly,60.47,166,31.252747252747252,158.0,17.02994011976048,3,65.25,3,-0.13287696474002897,-0.14529219433477228,Trusted Steady Performers
1873,Web Development,Toptal,Beginner,Canada,PayPal,203,7662.0,61.03,75.29,4.61,1,Hourly,28.0,139,37.74384236453202,7662.0,54.72857142857143,1,65.16333333333334,1,-0.2096352478012293,0.261229465287225,Balanced Mid-Tier Freelancers
1874,Graphic Design,PeoplePerHour,Expert,Europe,Mobile Banking,165,1147.0,97.19,92.04,3.66,21,Fixed,60.36,138,6.951515151515151,54.61904761904762,8.251798561151078,3,75.2,3,1.3663322474362172,-0.9010912103129933,Trusted Steady Performers
1875,Digital Marketing,PeoplePerHour,Beginner,Europe,PayPal,144,1688.0,10.77,86.64,3.42,28,Fixed,11.97,368,11.722222222222221,60.285714285714285,4.574525745257453,1,55.669999999999995,1,-1.7065291665741371,-0.7766613600918654,Balanced Mid-Tier Freelancers
1876,SEO,Fiverr,Intermediate,USA,Bank Transfer,80,9900.0,15.27,77.11,3.17,16,Hourly,36.27,234,123.75,618.75,42.12765957446808,2,58.92666666666667,1,-0.9826117376880097,1.38450884919887,Balanced Mid-Tier Freelancers
1877,Customer Support,Freelancer,Expert,Middle East,Crypto,23,9367.0,53.08,79.52,3.93,48,Hourly,53.87,5,407.2608695652174,195.14583333333334,1561.1666666666667,3,70.66333333333334,0,0.7386658100461877,7.564357795911141,Balanced Mid-Tier Freelancers
1878,Web Development,Toptal,Intermediate,Europe,Crypto,54,8505.0,55.08,75.42,3.96,28,Fixed,20.23,255,157.5,303.75,33.22265625,2,58.28333333333333,2,-1.0079909742277875,1.3931507985068072,Premium Specialists
1879,Graphic Design,Fiverr,Expert,Europe,Mobile Banking,236,210.0,8.79,64.88,4.68,22,Fixed,67.61,370,0.8898305084745762,9.545454545454545,0.5660377358490566,3,75.36333333333333,3,1.1759439846000523,-1.969803369536945,Trusted Steady Performers
1880,App Development,Fiverr,Beginner,USA,Crypto,299,9498.0,83.46,78.25,3.44,83,Hourly,26.45,277,31.765886287625417,114.43373493975903,34.16546762589928,1,57.833333333333336,1,-1.4721498233106403,-0.33465455594425303,Balanced Mid-Tier Freelancers
1881,Content Writing,Upwork,Expert,Europe,PayPal,16,5956.0,52.0,84.44,3.76,1,Fixed,55.66,5,372.25,5956.0,992.6666666666666,3,71.76666666666667,0,1.058598746968346,5.287449681280403,Balanced Mid-Tier Freelancers
1882,Graphic Design,Toptal,Intermediate,USA,PayPal,19,8552.0,37.93,93.67,4.62,42,Fixed,38.36,391,450.10526315789474,203.61904761904762,21.816326530612244,2,74.81,2,1.7746972143862734,2.1251053493410934,Premium Specialists
1883,SEO,Fiverr,Expert,Canada,Bank Transfer,32,8468.0,35.29,81.81,4.65,70,Hourly,51.72,269,264.625,120.97142857142858,31.362962962962964,3,75.51,2,1.6454194082718665,1.5376402199586021,Premium Specialists
1884,Digital Marketing,Upwork,Beginner,Australia,Crypto,296,8514.0,86.83,88.06,3.77,3,Hourly,17.52,211,28.763513513513512,2838.0,40.160377358490564,1,60.326666666666675,1,-0.954400635733565,-0.21908030706028292,Balanced Mid-Tier Freelancers
1885,Web Development,Toptal,Expert,Asia,Mobile Banking,254,7131.0,23.69,58.0,3.92,80,Hourly,11.18,215,28.0748031496063,89.1375,33.013888888888886,3,49.193333333333335,1,-2.836845869555443,-0.17533194902422955,Balanced Mid-Tier Freelancers
1886,Content Writing,PeoplePerHour,Intermediate,USA,PayPal,102,4462.0,20.24,73.08,3.61,81,Fixed,73.67,269,43.745098039215684,55.08641975308642,16.525925925925925,2,72.98333333333333,3,0.9023955054632202,-0.2976359540332593,Trusted Steady Performers
1887,Web Development,Upwork,Beginner,USA,Mobile Banking,43,3207.0,25.25,50.47,4.87,44,Hourly,28.87,475,74.5813953488372,72.88636363636364,6.737394957983193,1,58.913333333333334,1,-1.1214327063289895,-0.2222576191633422,Balanced Mid-Tier Freelancers
1888,Content Writing,PeoplePerHour,Intermediate,Europe,PayPal,42,2388.0,64.38,62.33,3.24,27,Hourly,67.38,15,56.857142857142854,88.44444444444444,149.25,2,64.83666666666666,3,-0.2241374375993762,0.8367082700269372,Trusted Steady Performers
1889,Customer Support,Freelancer,Expert,USA,PayPal,183,5638.0,82.04,86.32,4.87,51,Fixed,79.95,415,30.808743169398905,110.54901960784314,13.552884615384615,3,87.88999999999999,3,3.2933558836624273,-1.0931880400717453,Trusted Steady Performers
1890,App Development,Freelancer,Intermediate,Middle East,Bank Transfer,101,1651.0,36.44,99.59,4.37,24,Hourly,24.8,63,16.346534653465348,68.79166666666667,25.796875,2,70.59666666666668,3,0.6297707809768173,-0.06335763907294927,Trusted Steady Performers
1891,Web Development,Freelancer,Expert,UK,Crypto,286,5938.0,21.48,54.96,4.06,20,Fixed,28.56,238,20.762237762237763,296.9,24.84518828451883,3,54.906666666666666,1,-1.92079339902558,-0.6728089717268718,Balanced Mid-Tier Freelancers
1892,Digital Marketing,Freelancer,Beginner,UK,Bank Transfer,242,3768.0,24.87,70.07,3.07,32,Fixed,56.4,459,15.570247933884298,117.75,8.191304347826087,1,62.623333333333335,1,-0.731866299803236,-1.4192556249384352,Balanced Mid-Tier Freelancers
1893,App Development,Fiverr,Intermediate,Canada,Crypto,168,5596.0,63.82,90.0,3.95,13,Hourly,77.58,15,33.30952380952381,430.46153846153845,349.75,2,82.19333333333333,3,2.331810644345914,0.9769025900669305,Trusted Steady Performers
1894,App Development,Freelancer,Intermediate,USA,Mobile Banking,101,1975.0,28.37,60.2,3.82,43,Hourly,74.11,51,19.554455445544555,45.93023255813954,37.98076923076923,2,70.23666666666668,3,0.45165551842798085,-0.17991390460193768,Trusted Steady Performers
1895,Customer Support,Fiverr,Expert,Middle East,Crypto,261,8808.0,88.34,77.75,3.32,20,Fixed,45.2,18,33.747126436781606,440.4,463.57894736842104,3,63.11666666666665,0,-0.6103662620899987,1.5782664959571626,Balanced Mid-Tier Freelancers
1896,Content Writing,Fiverr,Intermediate,Europe,Mobile Banking,266,2965.0,14.87,86.65,4.31,2,Hourly,65.66,324,11.146616541353383,1482.5,9.123076923076923,2,79.50333333333333,3,1.8604139976756553,-1.5678977316909963,Trusted Steady Performers
1897,Data Entry,Toptal,Intermediate,Europe,PayPal,297,6948.0,8.08,80.8,4.94,68,Fixed,19.5,395,23.393939393939394,102.17647058823529,17.545454545454547,2,66.36666666666667,1,-0.23139939733707335,-1.0379631769783002,Balanced Mid-Tier Freelancers
1898,Web Development,Fiverr,Beginner,Asia,Mobile Banking,262,8493.0,13.4,59.4,4.12,60,Fixed,78.42,92,32.416030534351144,141.55,91.3225806451613,1,73.40666666666668,3,0.7709953165204886,-0.06063499667576096,Trusted Steady Performers
1899,Web Development,Fiverr,Expert,Australia,Mobile Banking,253,5702.0,85.34,67.77,4.43,89,Hourly,77.5,260,22.537549407114625,64.06741573033707,21.846743295019156,3,77.95666666666666,3,1.5911105635329361,-1.0877323673187624,Trusted Steady Performers
1900,Graphic Design,Freelancer,Expert,Canada,PayPal,249,3551.0,66.87,89.19,3.14,4,Hourly,21.46,297,14.261044176706827,887.75,11.916107382550335,3,57.81666666666667,1,-1.3017069832959929,-0.9308373436696818,Balanced Mid-Tier Freelancers
1901,Content Writing,Fiverr,Beginner,Middle East,Mobile Banking,255,7324.0,95.99,77.71,3.84,17,Fixed,30.96,16,28.72156862745098,430.8235294117647,430.8235294117647,1,61.82333333333333,0,-0.8492475909071426,1.3312321259766235,Balanced Mid-Tier Freelancers
1902,SEO,PeoplePerHour,Beginner,Middle East,Mobile Banking,127,1652.0,36.95,50.26,3.23,1,Fixed,17.01,110,13.007874015748031,1652.0,14.882882882882884,1,43.95666666666667,1,-3.5017696670679355,-0.06395938612256924,Balanced Mid-Tier Freelancers
1903,Data Entry,Freelancer,Expert,Asia,PayPal,173,7409.0,25.2,88.05,4.23,33,Hourly,29.02,327,42.82658959537572,224.5151515151515,22.588414634146343,3,67.22333333333334,3,0.1471531067151393,-0.08298051559633987,Trusted Steady Performers
1904,Digital Marketing,Upwork,Beginner,Asia,PayPal,179,563.0,58.39,51.77,4.88,30,Fixed,67.12,359,3.1452513966480447,18.766666666666666,1.5638888888888889,1,72.16333333333334,3,0.7220765829987312,-1.6197329672564418,Trusted Steady Performers
1905,Graphic Design,Freelancer,Beginner,Europe,PayPal,273,8683.0,56.09,87.29,4.32,5,Fixed,36.48,487,31.805860805860807,1736.6,17.793032786885245,1,70.05666666666666,3,0.549180604732013,-0.863491805236071,Trusted Steady Performers
1906,Customer Support,Fiverr,Beginner,Australia,Crypto,208,8242.0,61.15,60.12,3.15,12,Fixed,16.19,93,39.625,686.8333333333334,87.68085106382979,1,46.43666666666667,1,-3.1027405597675646,0.7543671082314324,Balanced Mid-Tier Freelancers
1907,Data Entry,PeoplePerHour,Expert,Europe,PayPal,70,6551.0,38.02,97.9,3.71,32,Hourly,33.96,9,93.58571428571429,204.71875,655.1,3,68.68666666666668,0,0.3511542214554349,3.110699176744716,Balanced Mid-Tier Freelancers
1908,Content Writing,Freelancer,Beginner,Australia,PayPal,63,952.0,6.2347,68.4,4.1,38,Fixed,78.7,211,15.11111111111111,25.05263157894737,4.490566037735849,1,76.36666666666667,3,1.4058665166411708,-0.6301895262923055,Trusted Steady Performers
1909,Data Entry,PeoplePerHour,Intermediate,UK,Mobile Banking,223,5769.0,8.33,66.35,3.81,17,Fixed,54.08,236,25.869955156950674,339.3529411764706,24.341772151898734,2,65.54333333333334,3,-0.26543034828730366,-0.5190564827931781,Trusted Steady Performers
1910,Customer Support,Upwork,Intermediate,Middle East,Bank Transfer,270,9462.0,68.06,57.44,4.67,58,Hourly,39.13,253,35.044444444444444,163.13793103448276,37.25196850393701,2,63.32333333333332,1,-0.6123898288407403,-0.24258240026072383,Balanced Mid-Tier Freelancers
1911,App Development,Upwork,Expert,Asia,Bank Transfer,145,8198.0,54.71,65.28,4.63,40,Fixed,21.66,15,56.53793103448276,204.95,512.375,3,59.846666666666664,0,-1.099115512567156,2.405516907230269,Balanced Mid-Tier Freelancers
1912,Web Development,Toptal,Beginner,UK,Crypto,240,2371.0,83.0,93.83,4.22,24,Fixed,79.03,488,9.879166666666666,98.79166666666667,4.848670756646217,1,85.75333333333333,3,2.894362817340796,-2.0253844614528087,Trusted Steady Performers
1913,App Development,Toptal,Intermediate,Europe,Crypto,222,905.0,33.54,99.82,3.75,12,Hourly,67.46,143,4.076576576576577,75.41666666666667,6.284722222222222,2,80.75999999999999,3,2.070521731829428,-1.2970120081846428,Trusted Steady Performers
1914,Web Development,Freelancer,Expert,Canada,Bank Transfer,19,1067.0,82.47,68.42,3.51,19,Hourly,29.7,41,56.1578947368421,56.1578947368421,25.404761904761905,3,56.10666666666666,1,-1.4290913894205974,0.5687831407128751,Balanced Mid-Tier Freelancers
1915,Graphic Design,Toptal,Intermediate,USA,Bank Transfer,142,5329.0,45.42,72.43,3.21,29,Hourly,14.9,5,37.528169014084504,183.75862068965517,888.1666666666666,2,50.51,0,-2.6340535760579438,3.310053505361957,Balanced Mid-Tier Freelancers
1916,Customer Support,PeoplePerHour,Beginner,Canada,PayPal,236,7762.0,14.19,86.1,3.71,85,Hourly,13.96,406,32.889830508474574,91.31764705882352,19.07125307125307,1,58.08666666666667,1,-1.4439436074950986,-0.47077259421113143,Balanced Mid-Tier Freelancers
1917,Content Writing,Toptal,Expert,Canada,Mobile Banking,93,4730.0,97.9,94.31,3.83,52,Hourly,18.43,469,50.86021505376344,90.96153846153847,10.063829787234043,3,63.11333333333334,1,-0.3134533165342703,-0.28881702331776277,Balanced Mid-Tier Freelancers
1918,Content Writing,PeoplePerHour,Intermediate,USA,PayPal,81,7122.0,53.63,79.65,4.35,17,Fixed,50.65,376,87.92592592592592,418.94117647058823,18.891246684350133,2,72.43333333333332,3,1.0864931676233212,0.2659752427708333,Trusted Steady Performers
1919,Data Entry,Toptal,Expert,Middle East,Crypto,140,6674.0,64.8,69.58,4.32,73,Fixed,75.01,155,47.67142857142857,91.42465753424658,42.782051282051285,3,76.99666666666667,3,1.563809924321769,0.05959988003773655,Trusted Steady Performers
1920,Graphic Design,Toptal,Intermediate,UK,Bank Transfer,114,245.0,68.73,70.63,3.14,21,Hourly,44.77,493,2.1491228070175437,11.666666666666666,0.4959514170040486,2,59.400000000000006,1,-1.0308808722933742,-1.3120338718949622,Balanced Mid-Tier Freelancers
1921,Content Writing,Toptal,Intermediate,UK,Crypto,95,4744.0,39.43,84.78,3.79,60,Fixed,69.01,172,49.93684210526316,79.06666666666666,27.421965317919074,2,76.52999999999999,3,1.519572542835863,0.03727954695917159,Trusted Steady Performers
1922,SEO,Fiverr,Beginner,Middle East,PayPal,194,9574.0,76.02,50.16,3.36,75,Hourly,41.21,483,49.350515463917525,127.65333333333334,19.78099173553719,1,52.85666666666666,1,-2.1255540047013195,-0.20204793158934425,Balanced Mid-Tier Freelancers
1923,SEO,Fiverr,Beginner,USA,Crypto,77,4701.0,87.68,80.98,3.31,20,Fixed,59.6,451,61.05194805194805,235.05,10.400442477876107,1,68.92666666666666,3,0.5475487591658892,-0.3198509630107889,Trusted Steady Performers
1924,App Development,Toptal,Intermediate,Australia,Crypto,177,7041.0,41.78,67.77,4.65,53,Fixed,61.23,485,39.779661016949156,132.8490566037736,14.487654320987655,2,73.99999999999999,3,1.1105481644248516,-0.7714225094150841,Trusted Steady Performers
1925,Web Development,PeoplePerHour,Expert,Canada,Mobile Banking,39,9759.0,67.42,89.71,3.08,80,Fixed,22.18,23,250.23076923076923,121.9875,406.625,3,57.830000000000005,0,-1.1111109038634734,3.596072064376983,Balanced Mid-Tier Freelancers
1926,Data Entry,Freelancer,Expert,Europe,Crypto,214,2747.0,76.93,54.65,3.84,63,Hourly,35.29,274,12.836448598130842,43.6031746031746,9.989090909090908,3,55.57999999999999,1,-1.779665057524416,-0.9852404295927203,Balanced Mid-Tier Freelancers
1927,Digital Marketing,Upwork,Beginner,UK,PayPal,137,1107.0,23.06,79.41,3.34,57,Hourly,54.61,74,8.08029197080292,19.42105263157895,14.76,1,66.94,3,-0.10676413896801785,-0.5212225815189139,Trusted Steady Performers
1928,Customer Support,Fiverr,Intermediate,Middle East,Mobile Banking,287,5257.0,36.6,74.05,4.76,29,Hourly,14.95,39,18.317073170731707,181.27586206896552,131.425,2,61.4,1,-0.9877702998992343,-0.07629677527154759,Balanced Mid-Tier Freelancers
1929,Web Development,Toptal,Beginner,Europe,Crypto,202,2842.0,15.34,82.12,4.11,1,Fixed,35.31,301,14.069306930693068,2842.0,9.410596026490067,1,66.54333333333334,3,-0.07427214094532443,-0.954122862932187,Trusted Steady Performers
1930,Graphic Design,Upwork,Intermediate,Asia,PayPal,36,470.0,62.21,53.24,3.46,82,Hourly,47.44,39,13.055555555555555,5.7317073170731705,11.75,2,56.626666666666665,1,-1.5974262068541825,0.04842583531340111,Balanced Mid-Tier Freelancers
1931,Content Writing,Fiverr,Intermediate,USA,Bank Transfer,140,2864.0,81.09,79.0,4.0,59,Fixed,79.74,61,20.457142857142856,48.54237288135593,46.193548387096776,2,79.58,3,1.9180763575438236,-0.38776791467198524,Trusted Steady Performers
1932,Web Development,Freelancer,Beginner,Europe,Mobile Banking,252,2890.0,63.03,78.07,4.46,64,Fixed,43.22,237,11.468253968253968,45.15625,12.142857142857142,1,70.16333333333333,3,0.35844603497893623,-1.2495704111290489,Trusted Steady Performers
1933,Digital Marketing,PeoplePerHour,Expert,Europe,Crypto,150,1081.0,22.08,78.03,4.92,86,Hourly,67.12,486,7.206666666666667,12.569767441860465,2.2197125256673513,3,81.18333333333334,3,2.1050220485997944,-1.724130664135658,Trusted Steady Performers
1934,Digital Marketing,Toptal,Beginner,Canada,Crypto,147,7689.0,56.91,80.17,3.44,72,Fixed,40.24,244,52.30612244897959,106.79166666666667,31.383673469387755,1,63.07,1,-0.5552346866952014,0.26736956966999603,Balanced Mid-Tier Freelancers
1935,SEO,Freelancer,Intermediate,USA,Mobile Banking,238,1541.0,84.32,83.82,4.77,71,Fixed,65.75,17,6.474789915966387,21.704225352112676,85.61111111111111,2,81.65666666666665,3,2.0925599890677407,-0.9208922527188138,Trusted Steady Performers
1936,Graphic Design,Fiverr,Beginner,Europe,PayPal,48,5025.0,33.76,90.25,4.87,89,Fixed,51.68,139,104.6875,56.46067415730337,35.892857142857146,1,79.77666666666666,3,2.020954101458524,0.5973551739822947,Trusted Steady Performers
1937,Web Development,Toptal,Expert,UK,Crypto,36,4997.0,84.1,63.49,4.83,44,Hourly,72.06,397,138.80555555555554,113.56818181818181,12.555276381909549,3,77.38333333333334,3,1.8887482117450065,0.1305748892468039,Trusted Steady Performers
1938,Data Entry,Upwork,Expert,USA,PayPal,235,559.0,79.54,91.25,4.27,48,Hourly,38.77,494,2.3787234042553194,11.645833333333334,1.1292929292929292,3,71.80666666666666,3,0.7694321580746517,-2.0324840347905617,Trusted Steady Performers
1939,Web Development,PeoplePerHour,Intermediate,UK,Mobile Banking,32,1909.0,7.07,74.91,4.26,75,Hourly,52.3,81,59.65625,25.453333333333333,23.28048780487805,2,70.80333333333334,3,0.588976426432439,0.2751818150522315,Trusted Steady Performers
1940,SEO,Fiverr,Beginner,Middle East,Crypto,164,5111.0,27.75,53.85,3.81,15,Fixed,54.1,188,31.164634146341463,340.73333333333335,27.04232804232804,1,61.38333333333333,1,-0.8722401545279246,-0.1638055245939652,Balanced Mid-Tier Freelancers
1941,App Development,PeoplePerHour,Expert,Middle East,Bank Transfer,211,1908.0,56.58,52.93,4.5,35,Fixed,39.22,107,9.042654028436019,54.51428571428571,17.666666666666668,3,60.71666666666667,1,-1.0249100226724623,-0.783778455431349,Balanced Mid-Tier Freelancers
1942,Digital Marketing,Toptal,Beginner,Asia,Bank Transfer,22,9155.0,73.17,66.71,4.06,23,Hourly,20.1,233,416.1363636363636,398.04347826086956,39.123931623931625,1,56.00333333333332,2,-1.1258691621400678,2.672837077278368,Premium Specialists
1943,Graphic Design,Freelancer,Expert,Australia,Bank Transfer,107,5657.0,88.65,89.24,4.35,53,Fixed,16.55,267,52.86915887850467,106.73584905660377,21.10820895522388,3,64.26333333333334,1,-0.20474350247517853,0.1962682580925387,Balanced Mid-Tier Freelancers
1944,Graphic Design,PeoplePerHour,Intermediate,Middle East,Mobile Banking,74,2115.0,65.9,85.38,3.86,45,Hourly,11.17,103,28.58108108108108,47.0,20.33653846153846,2,57.91666666666666,1,-1.2655034634776798,0.2243498743049945,Balanced Mid-Tier Freelancers
1945,Data Entry,Upwork,Intermediate,Europe,Crypto,123,3016.0,41.13,89.43,4.46,85,Hourly,71.15,410,24.520325203252032,35.48235294117647,7.338199513381995,2,83.26,3,2.487691077064537,-1.1010941661052582,Trusted Steady Performers
1946,Graphic Design,Fiverr,Beginner,USA,Mobile Banking,143,6823.0,22.54,75.86,4.65,13,Hourly,26.55,133,47.71328671328671,524.8461538461538,50.917910447761194,1,65.13666666666667,1,-0.22806174975578,0.507658712633958,Balanced Mid-Tier Freelancers
1947,SEO,Upwork,Intermediate,Middle East,Crypto,164,7942.0,77.2,72.01,3.29,34,Hourly,24.81,343,48.426829268292686,233.58823529411765,23.087209302325583,2,54.20666666666667,1,-1.791170167796792,0.14536745492179712,Balanced Mid-Tier Freelancers
1948,SEO,PeoplePerHour,Expert,UK,Bank Transfer,236,9838.0,24.64,57.37,4.67,38,Fixed,61.52,370,41.686440677966104,258.89473684210526,26.51752021563342,3,70.76333333333334,3,0.5789015916572708,-0.36990382224011414,Trusted Steady Performers
1949,SEO,Freelancer,Intermediate,Europe,Bank Transfer,152,4492.0,71.07,66.41,4.08,70,Fixed,32.4,32,29.55263157894737,64.17142857142858,136.12121212121212,2,60.13666666666666,1,-1.091944136275715,0.4893638400879736,Balanced Mid-Tier Freelancers
1950,Graphic Design,Freelancer,Expert,Middle East,PayPal,247,9297.0,22.22,71.7,4.69,68,Fixed,45.42,236,37.63967611336032,136.72058823529412,39.22784810126582,3,70.30666666666667,3,0.43954617801862544,-0.1528131286605729,Trusted Steady Performers
